ISO-10303-21;
HEADER;
FILE_DESCRIPTION(('FreeCAD Model'),'2;1');
FILE_NAME('Open CASCADE Shape Model','2025-09-29T16:41:03',(''),(''),
  'Open CASCADE STEP processor 7.8','FreeCAD','Unknown');
FILE_SCHEMA(('AUTOMOTIVE_DESIGN { 1 0 10303 214 1 1 1 1 }'));
ENDSEC;
DATA;
#1 = APPLICATION_PROTOCOL_DEFINITION('international standard',
  'automotive_design',2000,#2);
#2 = APPLICATION_CONTEXT(
  'core data for automotive mechanical design processes');
#3 = SHAPE_DEFINITION_REPRESENTATION(#4,#10);
#4 = PRODUCT_DEFINITION_SHAPE('','',#5);
#5 = PRODUCT_DEFINITION('design','',#6,#9);
#6 = PRODUCT_DEFINITION_FORMATION('','',#7);
#7 = PRODUCT('QFP_standard','QFP_standard','',(#8));
#8 = PRODUCT_CONTEXT('',#2,'mechanical');
#9 = PRODUCT_DEFINITION_CONTEXT('part definition',#2,'design');
#10 = SHAPE_REPRESENTATION('',(#11,#15,#19,#23,#27,#31,#35,#39,#43,#47,
    #51,#55,#59,#63,#67,#71,#75,#79,#83,#87,#91,#95,#99,#103,#107,#111,
    #115,#119,#123,#127,#131,#135,#139,#143,#147,#151,#155),#159);
#11 = AXIS2_PLACEMENT_3D('',#12,#13,#14);
#12 = CARTESIAN_POINT('',(0.,0.,0.));
#13 = DIRECTION('',(0.,0.,1.));
#14 = DIRECTION('',(1.,0.,-0.));
#15 = AXIS2_PLACEMENT_3D('',#16,#17,#18);
#16 = CARTESIAN_POINT('',(0.,0.,0.));
#17 = DIRECTION('',(0.,0.,1.));
#18 = DIRECTION('',(1.,0.,0.));
#19 = AXIS2_PLACEMENT_3D('',#20,#21,#22);
#20 = CARTESIAN_POINT('',(0.,0.,0.));
#21 = DIRECTION('',(0.,0.,1.));
#22 = DIRECTION('',(1.,0.,0.));
#23 = AXIS2_PLACEMENT_3D('',#24,#25,#26);
#24 = CARTESIAN_POINT('',(0.,0.,0.));
#25 = DIRECTION('',(0.,0.,1.));
#26 = DIRECTION('',(1.,0.,0.));
#27 = AXIS2_PLACEMENT_3D('',#28,#29,#30);
#28 = CARTESIAN_POINT('',(0.,0.,0.));
#29 = DIRECTION('',(0.,0.,1.));
#30 = DIRECTION('',(1.,0.,0.));
#31 = AXIS2_PLACEMENT_3D('',#32,#33,#34);
#32 = CARTESIAN_POINT('',(0.,0.,0.));
#33 = DIRECTION('',(0.,0.,1.));
#34 = DIRECTION('',(1.,0.,0.));
#35 = AXIS2_PLACEMENT_3D('',#36,#37,#38);
#36 = CARTESIAN_POINT('',(0.,0.,0.));
#37 = DIRECTION('',(0.,0.,1.));
#38 = DIRECTION('',(1.,0.,0.));
#39 = AXIS2_PLACEMENT_3D('',#40,#41,#42);
#40 = CARTESIAN_POINT('',(0.,0.,0.));
#41 = DIRECTION('',(0.,0.,1.));
#42 = DIRECTION('',(1.,0.,0.));
#43 = AXIS2_PLACEMENT_3D('',#44,#45,#46);
#44 = CARTESIAN_POINT('',(0.,0.,0.));
#45 = DIRECTION('',(0.,0.,1.));
#46 = DIRECTION('',(1.,0.,0.));
#47 = AXIS2_PLACEMENT_3D('',#48,#49,#50);
#48 = CARTESIAN_POINT('',(0.,0.,0.));
#49 = DIRECTION('',(0.,0.,1.));
#50 = DIRECTION('',(1.,0.,0.));
#51 = AXIS2_PLACEMENT_3D('',#52,#53,#54);
#52 = CARTESIAN_POINT('',(0.,0.,0.));
#53 = DIRECTION('',(0.,0.,1.));
#54 = DIRECTION('',(1.,0.,0.));
#55 = AXIS2_PLACEMENT_3D('',#56,#57,#58);
#56 = CARTESIAN_POINT('',(0.,0.,0.));
#57 = DIRECTION('',(0.,0.,1.));
#58 = DIRECTION('',(1.,0.,0.));
#59 = AXIS2_PLACEMENT_3D('',#60,#61,#62);
#60 = CARTESIAN_POINT('',(0.,0.,0.));
#61 = DIRECTION('',(0.,-1.,-2.22044604925E-16));
#62 = DIRECTION('',(1.,0.,0.));
#63 = AXIS2_PLACEMENT_3D('',#64,#65,#66);
#64 = CARTESIAN_POINT('',(0.,0.,0.));
#65 = DIRECTION('',(0.,-1.,-2.22044604925E-16));
#66 = DIRECTION('',(1.,0.,0.));
#67 = AXIS2_PLACEMENT_3D('',#68,#69,#70);
#68 = CARTESIAN_POINT('',(0.,0.,0.));
#69 = DIRECTION('',(0.,-1.,-2.22044604925E-16));
#70 = DIRECTION('',(1.,0.,0.));
#71 = AXIS2_PLACEMENT_3D('',#72,#73,#74);
#72 = CARTESIAN_POINT('',(0.,0.,0.));
#73 = DIRECTION('',(0.,-1.,-2.22044604925E-16));
#74 = DIRECTION('',(1.,0.,0.));
#75 = AXIS2_PLACEMENT_3D('',#76,#77,#78);
#76 = CARTESIAN_POINT('',(0.,0.,0.));
#77 = DIRECTION('',(0.,-1.,-2.22044604925E-16));
#78 = DIRECTION('',(1.,0.,0.));
#79 = AXIS2_PLACEMENT_3D('',#80,#81,#82);
#80 = CARTESIAN_POINT('',(0.,0.,0.));
#81 = DIRECTION('',(0.,0.,1.));
#82 = DIRECTION('',(1.,0.,0.));
#83 = AXIS2_PLACEMENT_3D('',#84,#85,#86);
#84 = CARTESIAN_POINT('',(0.,0.,0.));
#85 = DIRECTION('',(0.,0.,1.));
#86 = DIRECTION('',(1.,0.,0.));
#87 = AXIS2_PLACEMENT_3D('',#88,#89,#90);
#88 = CARTESIAN_POINT('',(0.,0.,0.));
#89 = DIRECTION('',(0.,0.,1.));
#90 = DIRECTION('',(1.,0.,0.));
#91 = AXIS2_PLACEMENT_3D('',#92,#93,#94);
#92 = CARTESIAN_POINT('',(0.,0.,0.));
#93 = DIRECTION('',(0.,0.,1.));
#94 = DIRECTION('',(1.,0.,0.));
#95 = AXIS2_PLACEMENT_3D('',#96,#97,#98);
#96 = CARTESIAN_POINT('',(0.,0.,0.));
#97 = DIRECTION('',(0.,0.,1.));
#98 = DIRECTION('',(1.,0.,0.));
#99 = AXIS2_PLACEMENT_3D('',#100,#101,#102);
#100 = CARTESIAN_POINT('',(0.,0.,0.));
#101 = DIRECTION('',(1.,1.232595164408E-32,1.110223024625E-16));
#102 = DIRECTION('',(0.,1.,-1.110223024625E-16));
#103 = AXIS2_PLACEMENT_3D('',#104,#105,#106);
#104 = CARTESIAN_POINT('',(0.,0.,0.));
#105 = DIRECTION('',(1.,1.232595164408E-32,1.110223024625E-16));
#106 = DIRECTION('',(0.,1.,-1.110223024625E-16));
#107 = AXIS2_PLACEMENT_3D('',#108,#109,#110);
#108 = CARTESIAN_POINT('',(0.,0.,0.));
#109 = DIRECTION('',(1.,1.232595164408E-32,1.110223024625E-16));
#110 = DIRECTION('',(0.,1.,-1.110223024625E-16));
#111 = AXIS2_PLACEMENT_3D('',#112,#113,#114);
#112 = CARTESIAN_POINT('',(0.,0.,0.));
#113 = DIRECTION('',(1.,1.232595164408E-32,1.110223024625E-16));
#114 = DIRECTION('',(0.,1.,-1.110223024625E-16));
#115 = AXIS2_PLACEMENT_3D('',#116,#117,#118);
#116 = CARTESIAN_POINT('',(0.,0.,0.));
#117 = DIRECTION('',(1.,1.232595164408E-32,1.110223024625E-16));
#118 = DIRECTION('',(0.,1.,-1.110223024625E-16));
#119 = AXIS2_PLACEMENT_3D('',#120,#121,#122);
#120 = CARTESIAN_POINT('',(0.,0.,0.));
#121 = DIRECTION('',(1.,1.232595164408E-32,1.110223024625E-16));
#122 = DIRECTION('',(0.,1.,-1.110223024625E-16));
#123 = AXIS2_PLACEMENT_3D('',#124,#125,#126);
#124 = CARTESIAN_POINT('',(0.,0.,0.));
#125 = DIRECTION('',(1.,1.232595164408E-32,1.110223024625E-16));
#126 = DIRECTION('',(0.,1.,-1.110223024625E-16));
#127 = AXIS2_PLACEMENT_3D('',#128,#129,#130);
#128 = CARTESIAN_POINT('',(0.,0.,0.));
#129 = DIRECTION('',(1.,1.232595164408E-32,1.110223024625E-16));
#130 = DIRECTION('',(0.,1.,-1.110223024625E-16));
#131 = AXIS2_PLACEMENT_3D('',#132,#133,#134);
#132 = CARTESIAN_POINT('',(0.,0.,0.));
#133 = DIRECTION('',(1.,1.232595164408E-32,1.110223024625E-16));
#134 = DIRECTION('',(0.,1.,-1.110223024625E-16));
#135 = AXIS2_PLACEMENT_3D('',#136,#137,#138);
#136 = CARTESIAN_POINT('',(0.,0.,0.));
#137 = DIRECTION('',(1.,1.232595164408E-32,1.110223024625E-16));
#138 = DIRECTION('',(0.,1.,-1.110223024625E-16));
#139 = AXIS2_PLACEMENT_3D('',#140,#141,#142);
#140 = CARTESIAN_POINT('',(0.,0.,0.));
#141 = DIRECTION('',(0.,-1.,1.110223024625E-16));
#142 = DIRECTION('',(0.,1.110223024625E-16,1.));
#143 = AXIS2_PLACEMENT_3D('',#144,#145,#146);
#144 = CARTESIAN_POINT('',(0.,0.,0.));
#145 = DIRECTION('',(0.,-1.,1.110223024625E-16));
#146 = DIRECTION('',(0.,1.110223024625E-16,1.));
#147 = AXIS2_PLACEMENT_3D('',#148,#149,#150);
#148 = CARTESIAN_POINT('',(0.,0.,0.));
#149 = DIRECTION('',(0.,-1.,1.110223024625E-16));
#150 = DIRECTION('',(0.,1.110223024625E-16,1.));
#151 = AXIS2_PLACEMENT_3D('',#152,#153,#154);
#152 = CARTESIAN_POINT('',(0.,0.,0.));
#153 = DIRECTION('',(0.,-1.,1.110223024625E-16));
#154 = DIRECTION('',(0.,1.110223024625E-16,1.));
#155 = AXIS2_PLACEMENT_3D('',#156,#157,#158);
#156 = CARTESIAN_POINT('',(0.,0.,0.));
#157 = DIRECTION('',(0.,-1.,1.110223024625E-16));
#158 = DIRECTION('',(0.,1.110223024625E-16,1.));
#159 = ( GEOMETRIC_REPRESENTATION_CONTEXT(3) 
GLOBAL_UNCERTAINTY_ASSIGNED_CONTEXT((#163)) GLOBAL_UNIT_ASSIGNED_CONTEXT
((#160,#161,#162)) REPRESENTATION_CONTEXT('Context #1',
  '3D Context with UNIT and UNCERTAINTY') );
#160 = ( LENGTH_UNIT() NAMED_UNIT(*) SI_UNIT(.MILLI.,.METRE.) );
#161 = ( NAMED_UNIT(*) PLANE_ANGLE_UNIT() SI_UNIT($,.RADIAN.) );
#162 = ( NAMED_UNIT(*) SI_UNIT($,.STERADIAN.) SOLID_ANGLE_UNIT() );
#163 = UNCERTAINTY_MEASURE_WITH_UNIT(LENGTH_MEASURE(2.E-07),#160,
  'distance_accuracy_value','confusion accuracy');
#164 = PRODUCT_RELATED_PRODUCT_CATEGORY('part',$,(#7));
#165 = SHAPE_DEFINITION_REPRESENTATION(#166,#172);
#166 = PRODUCT_DEFINITION_SHAPE('','',#167);
#167 = PRODUCT_DEFINITION('design','',#168,#171);
#168 = PRODUCT_DEFINITION_FORMATION('','',#169);
#169 = PRODUCT('Array','Array','',(#170));
#170 = PRODUCT_CONTEXT('',#2,'mechanical');
#171 = PRODUCT_DEFINITION_CONTEXT('part definition',#2,'design');
#172 = SHAPE_REPRESENTATION('',(#11,#173,#177,#181,#185,#189,#193,#197,
    #201,#205,#209,#213),#217);
#173 = AXIS2_PLACEMENT_3D('',#174,#175,#176);
#174 = CARTESIAN_POINT('',(0.,0.,0.));
#175 = DIRECTION('',(0.,0.,1.));
#176 = DIRECTION('',(1.,0.,0.));
#177 = AXIS2_PLACEMENT_3D('',#178,#179,#180);
#178 = CARTESIAN_POINT('',(0.,0.,-0.8));
#179 = DIRECTION('',(0.,0.,1.));
#180 = DIRECTION('',(1.,0.,0.));
#181 = AXIS2_PLACEMENT_3D('',#182,#183,#184);
#182 = CARTESIAN_POINT('',(0.,0.,-1.6));
#183 = DIRECTION('',(0.,0.,1.));
#184 = DIRECTION('',(1.,0.,0.));
#185 = AXIS2_PLACEMENT_3D('',#186,#187,#188);
#186 = CARTESIAN_POINT('',(0.,0.,-2.4));
#187 = DIRECTION('',(0.,0.,1.));
#188 = DIRECTION('',(1.,0.,0.));
#189 = AXIS2_PLACEMENT_3D('',#190,#191,#192);
#190 = CARTESIAN_POINT('',(0.,0.,-3.2));
#191 = DIRECTION('',(0.,0.,1.));
#192 = DIRECTION('',(1.,0.,0.));
#193 = AXIS2_PLACEMENT_3D('',#194,#195,#196);
#194 = CARTESIAN_POINT('',(0.,0.,-4.));
#195 = DIRECTION('',(0.,0.,1.));
#196 = DIRECTION('',(1.,0.,0.));
#197 = AXIS2_PLACEMENT_3D('',#198,#199,#200);
#198 = CARTESIAN_POINT('',(0.,0.,-4.8));
#199 = DIRECTION('',(0.,0.,1.));
#200 = DIRECTION('',(1.,0.,0.));
#201 = AXIS2_PLACEMENT_3D('',#202,#203,#204);
#202 = CARTESIAN_POINT('',(0.,0.,-5.6));
#203 = DIRECTION('',(0.,0.,1.));
#204 = DIRECTION('',(1.,0.,0.));
#205 = AXIS2_PLACEMENT_3D('',#206,#207,#208);
#206 = CARTESIAN_POINT('',(0.,0.,-6.4));
#207 = DIRECTION('',(0.,0.,1.));
#208 = DIRECTION('',(1.,0.,0.));
#209 = AXIS2_PLACEMENT_3D('',#210,#211,#212);
#210 = CARTESIAN_POINT('',(0.,0.,-7.2));
#211 = DIRECTION('',(0.,0.,1.));
#212 = DIRECTION('',(1.,0.,0.));
#213 = AXIS2_PLACEMENT_3D('',#214,#215,#216);
#214 = CARTESIAN_POINT('',(0.,0.,-8.));
#215 = DIRECTION('',(0.,0.,1.));
#216 = DIRECTION('',(1.,0.,0.));
#217 = ( GEOMETRIC_REPRESENTATION_CONTEXT(3) 
GLOBAL_UNCERTAINTY_ASSIGNED_CONTEXT((#221)) GLOBAL_UNIT_ASSIGNED_CONTEXT
((#218,#219,#220)) REPRESENTATION_CONTEXT('Context #1',
  '3D Context with UNIT and UNCERTAINTY') );
#218 = ( LENGTH_UNIT() NAMED_UNIT(*) SI_UNIT(.MILLI.,.METRE.) );
#219 = ( NAMED_UNIT(*) PLANE_ANGLE_UNIT() SI_UNIT($,.RADIAN.) );
#220 = ( NAMED_UNIT(*) SI_UNIT($,.STERADIAN.) SOLID_ANGLE_UNIT() );
#221 = UNCERTAINTY_MEASURE_WITH_UNIT(LENGTH_MEASURE(1.E-07),#218,
  'distance_accuracy_value','confusion accuracy');
#222 = CONTEXT_DEPENDENT_SHAPE_REPRESENTATION(#223,#225);
#223 = ( REPRESENTATION_RELATIONSHIP('','',#172,#10) 
REPRESENTATION_RELATIONSHIP_WITH_TRANSFORMATION(#224) 
SHAPE_REPRESENTATION_RELATIONSHIP() );
#224 = ITEM_DEFINED_TRANSFORMATION('','',#11,#15);
#225 = PRODUCT_DEFINITION_SHAPE('Placement','Placement of an item',#226
  );
#226 = NEXT_ASSEMBLY_USAGE_OCCURRENCE('15794','Array','',#5,#167,$);
#227 = PRODUCT_RELATED_PRODUCT_CATEGORY('part',$,(#169));
#228 = SHAPE_DEFINITION_REPRESENTATION(#229,#235);
#229 = PRODUCT_DEFINITION_SHAPE('','',#230);
#230 = PRODUCT_DEFINITION('design','',#231,#234);
#231 = PRODUCT_DEFINITION_FORMATION('','',#232);
#232 = PRODUCT('Body001 (Mirror #1)','Body001 (Mirror #1)','',(#233));
#233 = PRODUCT_CONTEXT('',#2,'mechanical');
#234 = PRODUCT_DEFINITION_CONTEXT('part definition',#2,'design');
#235 = ADVANCED_BREP_SHAPE_REPRESENTATION('',(#11,#236),#588);
#236 = MANIFOLD_SOLID_BREP('',#237);
#237 = CLOSED_SHELL('',(#238,#278,#309,#342,#373,#404,#435,#466,#499,
    #530,#552,#570));
#238 = ADVANCED_FACE('',(#239),#273,.F.);
#239 = FACE_BOUND('',#240,.T.);
#240 = EDGE_LOOP('',(#241,#251,#259,#267));
#241 = ORIENTED_EDGE('',*,*,#242,.T.);
#242 = EDGE_CURVE('',#243,#245,#247,.T.);
#243 = VERTEX_POINT('',#244);
#244 = CARTESIAN_POINT('',(-5.,1.2225,3.8625));
#245 = VERTEX_POINT('',#246);
#246 = CARTESIAN_POINT('',(-5.,1.2225,4.1375));
#247 = LINE('',#248,#249);
#248 = CARTESIAN_POINT('',(-5.,1.2225,3.8625));
#249 = VECTOR('',#250,1.);
#250 = DIRECTION('',(-0.,-0.,1.));
#251 = ORIENTED_EDGE('',*,*,#252,.T.);
#252 = EDGE_CURVE('',#245,#253,#255,.T.);
#253 = VERTEX_POINT('',#254);
#254 = CARTESIAN_POINT('',(-5.835,1.2225,4.1375));
#255 = LINE('',#256,#257);
#256 = CARTESIAN_POINT('',(-5.,1.2225,4.1375));
#257 = VECTOR('',#258,1.);
#258 = DIRECTION('',(-1.,-0.,-0.));
#259 = ORIENTED_EDGE('',*,*,#260,.F.);
#260 = EDGE_CURVE('',#261,#253,#263,.T.);
#261 = VERTEX_POINT('',#262);
#262 = CARTESIAN_POINT('',(-5.835,1.2225,3.8625));
#263 = LINE('',#264,#265);
#264 = CARTESIAN_POINT('',(-5.835,1.2225,3.8625));
#265 = VECTOR('',#266,1.);
#266 = DIRECTION('',(-0.,-0.,1.));
#267 = ORIENTED_EDGE('',*,*,#268,.F.);
#268 = EDGE_CURVE('',#243,#261,#269,.T.);
#269 = LINE('',#270,#271);
#270 = CARTESIAN_POINT('',(-5.,1.2225,3.8625));
#271 = VECTOR('',#272,1.);
#272 = DIRECTION('',(-1.,-0.,-0.));
#273 = PLANE('',#274);
#274 = AXIS2_PLACEMENT_3D('',#275,#276,#277);
#275 = CARTESIAN_POINT('',(-5.,1.2225,3.8625));
#276 = DIRECTION('',(-0.,1.,-0.));
#277 = DIRECTION('',(1.,0.,0.));
#278 = ADVANCED_FACE('',(#279),#304,.F.);
#279 = FACE_BOUND('',#280,.T.);
#280 = EDGE_LOOP('',(#281,#282,#290,#298));
#281 = ORIENTED_EDGE('',*,*,#260,.T.);
#282 = ORIENTED_EDGE('',*,*,#283,.T.);
#283 = EDGE_CURVE('',#253,#284,#286,.T.);
#284 = VERTEX_POINT('',#285);
#285 = CARTESIAN_POINT('',(-5.835,0.14,4.1375));
#286 = LINE('',#287,#288);
#287 = CARTESIAN_POINT('',(-5.835,1.2225,4.1375));
#288 = VECTOR('',#289,1.);
#289 = DIRECTION('',(-0.,-1.,-0.));
#290 = ORIENTED_EDGE('',*,*,#291,.F.);
#291 = EDGE_CURVE('',#292,#284,#294,.T.);
#292 = VERTEX_POINT('',#293);
#293 = CARTESIAN_POINT('',(-5.835,0.14,3.8625));
#294 = LINE('',#295,#296);
#295 = CARTESIAN_POINT('',(-5.835,0.14,3.8625));
#296 = VECTOR('',#297,1.);
#297 = DIRECTION('',(-0.,-0.,1.));
#298 = ORIENTED_EDGE('',*,*,#299,.F.);
#299 = EDGE_CURVE('',#261,#292,#300,.T.);
#300 = LINE('',#301,#302);
#301 = CARTESIAN_POINT('',(-5.835,1.2225,3.8625));
#302 = VECTOR('',#303,1.);
#303 = DIRECTION('',(-0.,-1.,-0.));
#304 = PLANE('',#305);
#305 = AXIS2_PLACEMENT_3D('',#306,#307,#308);
#306 = CARTESIAN_POINT('',(-5.835,1.2225,3.8625));
#307 = DIRECTION('',(-1.,-0.,-0.));
#308 = DIRECTION('',(0.,1.,0.));
#309 = ADVANCED_FACE('',(#310),#337,.T.);
#310 = FACE_BOUND('',#311,.T.);
#311 = EDGE_LOOP('',(#312,#313,#322,#330));
#312 = ORIENTED_EDGE('',*,*,#291,.T.);
#313 = ORIENTED_EDGE('',*,*,#314,.T.);
#314 = EDGE_CURVE('',#284,#315,#317,.T.);
#315 = VERTEX_POINT('',#316);
#316 = CARTESIAN_POINT('',(-5.975,1.246858968138E-19,4.1375));
#317 = CIRCLE('',#318,0.14);
#318 = AXIS2_PLACEMENT_3D('',#319,#320,#321);
#319 = CARTESIAN_POINT('',(-5.975,0.14,4.1375));
#320 = DIRECTION('',(0.,0.,-1.));
#321 = DIRECTION('',(-1.,-0.,-0.));
#322 = ORIENTED_EDGE('',*,*,#323,.F.);
#323 = EDGE_CURVE('',#324,#315,#326,.T.);
#324 = VERTEX_POINT('',#325);
#325 = CARTESIAN_POINT('',(-5.975,1.246858968138E-19,3.8625));
#326 = LINE('',#327,#328);
#327 = CARTESIAN_POINT('',(-5.975,1.246858968138E-19,3.8625));
#328 = VECTOR('',#329,1.);
#329 = DIRECTION('',(-0.,-0.,1.));
#330 = ORIENTED_EDGE('',*,*,#331,.F.);
#331 = EDGE_CURVE('',#292,#324,#332,.T.);
#332 = CIRCLE('',#333,0.14);
#333 = AXIS2_PLACEMENT_3D('',#334,#335,#336);
#334 = CARTESIAN_POINT('',(-5.975,0.14,3.8625));
#335 = DIRECTION('',(0.,0.,-1.));
#336 = DIRECTION('',(-1.,-0.,-0.));
#337 = CYLINDRICAL_SURFACE('',#338,0.14);
#338 = AXIS2_PLACEMENT_3D('',#339,#340,#341);
#339 = CARTESIAN_POINT('',(-5.975,0.14,3.8625));
#340 = DIRECTION('',(0.,-0.,-1.));
#341 = DIRECTION('',(-1.,-0.,-0.));
#342 = ADVANCED_FACE('',(#343),#368,.F.);
#343 = FACE_BOUND('',#344,.T.);
#344 = EDGE_LOOP('',(#345,#346,#354,#362));
#345 = ORIENTED_EDGE('',*,*,#323,.T.);
#346 = ORIENTED_EDGE('',*,*,#347,.T.);
#347 = EDGE_CURVE('',#315,#348,#350,.T.);
#348 = VERTEX_POINT('',#349);
#349 = CARTESIAN_POINT('',(-6.95,0.,4.1375));
#350 = LINE('',#351,#352);
#351 = CARTESIAN_POINT('',(-5.975,2.493644418983E-19,4.1375));
#352 = VECTOR('',#353,1.);
#353 = DIRECTION('',(-1.,-2.55758401947E-19,-0.));
#354 = ORIENTED_EDGE('',*,*,#355,.F.);
#355 = EDGE_CURVE('',#356,#348,#358,.T.);
#356 = VERTEX_POINT('',#357);
#357 = CARTESIAN_POINT('',(-6.95,0.,3.8625));
#358 = LINE('',#359,#360);
#359 = CARTESIAN_POINT('',(-6.95,0.,3.8625));
#360 = VECTOR('',#361,1.);
#361 = DIRECTION('',(-0.,-0.,1.));
#362 = ORIENTED_EDGE('',*,*,#363,.F.);
#363 = EDGE_CURVE('',#324,#356,#364,.T.);
#364 = LINE('',#365,#366);
#365 = CARTESIAN_POINT('',(-5.975,2.493644418983E-19,3.8625));
#366 = VECTOR('',#367,1.);
#367 = DIRECTION('',(-1.,-2.55758401947E-19,-0.));
#368 = PLANE('',#369);
#369 = AXIS2_PLACEMENT_3D('',#370,#371,#372);
#370 = CARTESIAN_POINT('',(-5.975,2.493644418983E-19,3.8625));
#371 = DIRECTION('',(-2.55758401947E-19,1.,-0.));
#372 = DIRECTION('',(1.,2.55758401947E-19,0.));
#373 = ADVANCED_FACE('',(#374),#399,.F.);
#374 = FACE_BOUND('',#375,.T.);
#375 = EDGE_LOOP('',(#376,#377,#385,#393));
#376 = ORIENTED_EDGE('',*,*,#355,.T.);
#377 = ORIENTED_EDGE('',*,*,#378,.T.);
#378 = EDGE_CURVE('',#348,#379,#381,.T.);
#379 = VERTEX_POINT('',#380);
#380 = CARTESIAN_POINT('',(-6.95,0.14,4.1375));
#381 = LINE('',#382,#383);
#382 = CARTESIAN_POINT('',(-6.95,0.,4.1375));
#383 = VECTOR('',#384,1.);
#384 = DIRECTION('',(0.,1.,0.));
#385 = ORIENTED_EDGE('',*,*,#386,.F.);
#386 = EDGE_CURVE('',#387,#379,#389,.T.);
#387 = VERTEX_POINT('',#388);
#388 = CARTESIAN_POINT('',(-6.95,0.14,3.8625));
#389 = LINE('',#390,#391);
#390 = CARTESIAN_POINT('',(-6.95,0.14,3.8625));
#391 = VECTOR('',#392,1.);
#392 = DIRECTION('',(-0.,-0.,1.));
#393 = ORIENTED_EDGE('',*,*,#394,.F.);
#394 = EDGE_CURVE('',#356,#387,#395,.T.);
#395 = LINE('',#396,#397);
#396 = CARTESIAN_POINT('',(-6.95,0.,3.8625));
#397 = VECTOR('',#398,1.);
#398 = DIRECTION('',(0.,1.,0.));
#399 = PLANE('',#400);
#400 = AXIS2_PLACEMENT_3D('',#401,#402,#403);
#401 = CARTESIAN_POINT('',(-6.95,0.,3.8625));
#402 = DIRECTION('',(1.,-0.,-0.));
#403 = DIRECTION('',(0.,-1.,0.));
#404 = ADVANCED_FACE('',(#405),#430,.F.);
#405 = FACE_BOUND('',#406,.T.);
#406 = EDGE_LOOP('',(#407,#408,#416,#424));
#407 = ORIENTED_EDGE('',*,*,#386,.T.);
#408 = ORIENTED_EDGE('',*,*,#409,.T.);
#409 = EDGE_CURVE('',#379,#410,#412,.T.);
#410 = VERTEX_POINT('',#411);
#411 = CARTESIAN_POINT('',(-5.975,0.14,4.1375));
#412 = LINE('',#413,#414);
#413 = CARTESIAN_POINT('',(-6.95,0.14,4.1375));
#414 = VECTOR('',#415,1.);
#415 = DIRECTION('',(1.,0.,0.));
#416 = ORIENTED_EDGE('',*,*,#417,.F.);
#417 = EDGE_CURVE('',#418,#410,#420,.T.);
#418 = VERTEX_POINT('',#419);
#419 = CARTESIAN_POINT('',(-5.975,0.14,3.8625));
#420 = LINE('',#421,#422);
#421 = CARTESIAN_POINT('',(-5.975,0.14,3.8625));
#422 = VECTOR('',#423,1.);
#423 = DIRECTION('',(-0.,-0.,1.));
#424 = ORIENTED_EDGE('',*,*,#425,.F.);
#425 = EDGE_CURVE('',#387,#418,#426,.T.);
#426 = LINE('',#427,#428);
#427 = CARTESIAN_POINT('',(-6.95,0.14,3.8625));
#428 = VECTOR('',#429,1.);
#429 = DIRECTION('',(1.,0.,0.));
#430 = PLANE('',#431);
#431 = AXIS2_PLACEMENT_3D('',#432,#433,#434);
#432 = CARTESIAN_POINT('',(-6.95,0.14,3.8625));
#433 = DIRECTION('',(-0.,-1.,-0.));
#434 = DIRECTION('',(-1.,0.,0.));
#435 = ADVANCED_FACE('',(#436),#461,.F.);
#436 = FACE_BOUND('',#437,.T.);
#437 = EDGE_LOOP('',(#438,#439,#447,#455));
#438 = ORIENTED_EDGE('',*,*,#417,.T.);
#439 = ORIENTED_EDGE('',*,*,#440,.T.);
#440 = EDGE_CURVE('',#410,#441,#443,.T.);
#441 = VERTEX_POINT('',#442);
#442 = CARTESIAN_POINT('',(-5.975,1.2225,4.1375));
#443 = LINE('',#444,#445);
#444 = CARTESIAN_POINT('',(-5.975,0.14,4.1375));
#445 = VECTOR('',#446,1.);
#446 = DIRECTION('',(0.,1.,0.));
#447 = ORIENTED_EDGE('',*,*,#448,.F.);
#448 = EDGE_CURVE('',#449,#441,#451,.T.);
#449 = VERTEX_POINT('',#450);
#450 = CARTESIAN_POINT('',(-5.975,1.2225,3.8625));
#451 = LINE('',#452,#453);
#452 = CARTESIAN_POINT('',(-5.975,1.2225,3.8625));
#453 = VECTOR('',#454,1.);
#454 = DIRECTION('',(-0.,-0.,1.));
#455 = ORIENTED_EDGE('',*,*,#456,.F.);
#456 = EDGE_CURVE('',#418,#449,#457,.T.);
#457 = LINE('',#458,#459);
#458 = CARTESIAN_POINT('',(-5.975,0.14,3.8625));
#459 = VECTOR('',#460,1.);
#460 = DIRECTION('',(0.,1.,0.));
#461 = PLANE('',#462);
#462 = AXIS2_PLACEMENT_3D('',#463,#464,#465);
#463 = CARTESIAN_POINT('',(-5.975,0.14,3.8625));
#464 = DIRECTION('',(1.,-0.,-0.));
#465 = DIRECTION('',(0.,-1.,0.));
#466 = ADVANCED_FACE('',(#467),#494,.T.);
#467 = FACE_BOUND('',#468,.T.);
#468 = EDGE_LOOP('',(#469,#470,#479,#487));
#469 = ORIENTED_EDGE('',*,*,#448,.T.);
#470 = ORIENTED_EDGE('',*,*,#471,.T.);
#471 = EDGE_CURVE('',#441,#472,#474,.T.);
#472 = VERTEX_POINT('',#473);
#473 = CARTESIAN_POINT('',(-5.835,1.3625,4.1375));
#474 = CIRCLE('',#475,0.14);
#475 = AXIS2_PLACEMENT_3D('',#476,#477,#478);
#476 = CARTESIAN_POINT('',(-5.835,1.2225,4.1375));
#477 = DIRECTION('',(0.,0.,-1.));
#478 = DIRECTION('',(-1.,-0.,-0.));
#479 = ORIENTED_EDGE('',*,*,#480,.F.);
#480 = EDGE_CURVE('',#481,#472,#483,.T.);
#481 = VERTEX_POINT('',#482);
#482 = CARTESIAN_POINT('',(-5.835,1.3625,3.8625));
#483 = LINE('',#484,#485);
#484 = CARTESIAN_POINT('',(-5.835,1.3625,3.8625));
#485 = VECTOR('',#486,1.);
#486 = DIRECTION('',(-0.,-0.,1.));
#487 = ORIENTED_EDGE('',*,*,#488,.F.);
#488 = EDGE_CURVE('',#449,#481,#489,.T.);
#489 = CIRCLE('',#490,0.14);
#490 = AXIS2_PLACEMENT_3D('',#491,#492,#493);
#491 = CARTESIAN_POINT('',(-5.835,1.2225,3.8625));
#492 = DIRECTION('',(0.,0.,-1.));
#493 = DIRECTION('',(-1.,-0.,-0.));
#494 = CYLINDRICAL_SURFACE('',#495,0.14);
#495 = AXIS2_PLACEMENT_3D('',#496,#497,#498);
#496 = CARTESIAN_POINT('',(-5.835,1.2225,3.8625));
#497 = DIRECTION('',(0.,-0.,-1.));
#498 = DIRECTION('',(-1.,-0.,-0.));
#499 = ADVANCED_FACE('',(#500),#525,.F.);
#500 = FACE_BOUND('',#501,.T.);
#501 = EDGE_LOOP('',(#502,#503,#511,#519));
#502 = ORIENTED_EDGE('',*,*,#480,.T.);
#503 = ORIENTED_EDGE('',*,*,#504,.T.);
#504 = EDGE_CURVE('',#472,#505,#507,.T.);
#505 = VERTEX_POINT('',#506);
#506 = CARTESIAN_POINT('',(-5.,1.3625,4.1375));
#507 = LINE('',#508,#509);
#508 = CARTESIAN_POINT('',(-5.835,1.3625,4.1375));
#509 = VECTOR('',#510,1.);
#510 = DIRECTION('',(1.,0.,0.));
#511 = ORIENTED_EDGE('',*,*,#512,.F.);
#512 = EDGE_CURVE('',#513,#505,#515,.T.);
#513 = VERTEX_POINT('',#514);
#514 = CARTESIAN_POINT('',(-5.,1.3625,3.8625));
#515 = LINE('',#516,#517);
#516 = CARTESIAN_POINT('',(-5.,1.3625,3.8625));
#517 = VECTOR('',#518,1.);
#518 = DIRECTION('',(-0.,-0.,1.));
#519 = ORIENTED_EDGE('',*,*,#520,.F.);
#520 = EDGE_CURVE('',#481,#513,#521,.T.);
#521 = LINE('',#522,#523);
#522 = CARTESIAN_POINT('',(-5.835,1.3625,3.8625));
#523 = VECTOR('',#524,1.);
#524 = DIRECTION('',(1.,0.,0.));
#525 = PLANE('',#526);
#526 = AXIS2_PLACEMENT_3D('',#527,#528,#529);
#527 = CARTESIAN_POINT('',(-5.835,1.3625,3.8625));
#528 = DIRECTION('',(-0.,-1.,-0.));
#529 = DIRECTION('',(-1.,0.,0.));
#530 = ADVANCED_FACE('',(#531),#547,.F.);
#531 = FACE_BOUND('',#532,.T.);
#532 = EDGE_LOOP('',(#533,#534,#540,#541));
#533 = ORIENTED_EDGE('',*,*,#512,.T.);
#534 = ORIENTED_EDGE('',*,*,#535,.T.);
#535 = EDGE_CURVE('',#505,#245,#536,.T.);
#536 = LINE('',#537,#538);
#537 = CARTESIAN_POINT('',(-5.,1.3625,4.1375));
#538 = VECTOR('',#539,1.);
#539 = DIRECTION('',(-0.,-1.,-0.));
#540 = ORIENTED_EDGE('',*,*,#242,.F.);
#541 = ORIENTED_EDGE('',*,*,#542,.F.);
#542 = EDGE_CURVE('',#513,#243,#543,.T.);
#543 = LINE('',#544,#545);
#544 = CARTESIAN_POINT('',(-5.,1.3625,3.8625));
#545 = VECTOR('',#546,1.);
#546 = DIRECTION('',(-0.,-1.,-0.));
#547 = PLANE('',#548);
#548 = AXIS2_PLACEMENT_3D('',#549,#550,#551);
#549 = CARTESIAN_POINT('',(-5.,1.3625,3.8625));
#550 = DIRECTION('',(-1.,-0.,-0.));
#551 = DIRECTION('',(0.,1.,0.));
#552 = ADVANCED_FACE('',(#553),#565,.F.);
#553 = FACE_BOUND('',#554,.T.);
#554 = EDGE_LOOP('',(#555,#556,#557,#558,#559,#560,#561,#562,#563,#564)
  );
#555 = ORIENTED_EDGE('',*,*,#268,.T.);
#556 = ORIENTED_EDGE('',*,*,#299,.T.);
#557 = ORIENTED_EDGE('',*,*,#331,.T.);
#558 = ORIENTED_EDGE('',*,*,#363,.T.);
#559 = ORIENTED_EDGE('',*,*,#394,.T.);
#560 = ORIENTED_EDGE('',*,*,#425,.T.);
#561 = ORIENTED_EDGE('',*,*,#456,.T.);
#562 = ORIENTED_EDGE('',*,*,#488,.T.);
#563 = ORIENTED_EDGE('',*,*,#520,.T.);
#564 = ORIENTED_EDGE('',*,*,#542,.T.);
#565 = PLANE('',#566);
#566 = AXIS2_PLACEMENT_3D('',#567,#568,#569);
#567 = CARTESIAN_POINT('',(-5.950016658962,0.654918485368,3.8625));
#568 = DIRECTION('',(0.,0.,1.));
#569 = DIRECTION('',(1.,0.,0.));
#570 = ADVANCED_FACE('',(#571),#583,.T.);
#571 = FACE_BOUND('',#572,.F.);
#572 = EDGE_LOOP('',(#573,#574,#575,#576,#577,#578,#579,#580,#581,#582)
  );
#573 = ORIENTED_EDGE('',*,*,#252,.T.);
#574 = ORIENTED_EDGE('',*,*,#283,.T.);
#575 = ORIENTED_EDGE('',*,*,#314,.T.);
#576 = ORIENTED_EDGE('',*,*,#347,.T.);
#577 = ORIENTED_EDGE('',*,*,#378,.T.);
#578 = ORIENTED_EDGE('',*,*,#409,.T.);
#579 = ORIENTED_EDGE('',*,*,#440,.T.);
#580 = ORIENTED_EDGE('',*,*,#471,.T.);
#581 = ORIENTED_EDGE('',*,*,#504,.T.);
#582 = ORIENTED_EDGE('',*,*,#535,.T.);
#583 = PLANE('',#584);
#584 = AXIS2_PLACEMENT_3D('',#585,#586,#587);
#585 = CARTESIAN_POINT('',(-5.950016658962,0.654918485368,4.1375));
#586 = DIRECTION('',(0.,0.,1.));
#587 = DIRECTION('',(1.,0.,0.));
#588 = ( GEOMETRIC_REPRESENTATION_CONTEXT(3) 
GLOBAL_UNCERTAINTY_ASSIGNED_CONTEXT((#592)) GLOBAL_UNIT_ASSIGNED_CONTEXT
((#589,#590,#591)) REPRESENTATION_CONTEXT('Context #1',
  '3D Context with UNIT and UNCERTAINTY') );
#589 = ( LENGTH_UNIT() NAMED_UNIT(*) SI_UNIT(.MILLI.,.METRE.) );
#590 = ( NAMED_UNIT(*) PLANE_ANGLE_UNIT() SI_UNIT($,.RADIAN.) );
#591 = ( NAMED_UNIT(*) SI_UNIT($,.STERADIAN.) SOLID_ANGLE_UNIT() );
#592 = UNCERTAINTY_MEASURE_WITH_UNIT(LENGTH_MEASURE(1.E-07),#589,
  'distance_accuracy_value','confusion accuracy');
#593 = CONTEXT_DEPENDENT_SHAPE_REPRESENTATION(#594,#596);
#594 = ( REPRESENTATION_RELATIONSHIP('','',#235,#172) 
REPRESENTATION_RELATIONSHIP_WITH_TRANSFORMATION(#595) 
SHAPE_REPRESENTATION_RELATIONSHIP() );
#595 = ITEM_DEFINED_TRANSFORMATION('','',#11,#173);
#596 = PRODUCT_DEFINITION_SHAPE('Placement','Placement of an item',#597
  );
#597 = NEXT_ASSEMBLY_USAGE_OCCURRENCE('15783','0','',#167,#230,$);
#598 = PRODUCT_RELATED_PRODUCT_CATEGORY('part',$,(#232));
#599 = CONTEXT_DEPENDENT_SHAPE_REPRESENTATION(#600,#602);
#600 = ( REPRESENTATION_RELATIONSHIP('','',#235,#172) 
REPRESENTATION_RELATIONSHIP_WITH_TRANSFORMATION(#601) 
SHAPE_REPRESENTATION_RELATIONSHIP() );
#601 = ITEM_DEFINED_TRANSFORMATION('','',#11,#177);
#602 = PRODUCT_DEFINITION_SHAPE('Placement','Placement of an item',#603
  );
#603 = NEXT_ASSEMBLY_USAGE_OCCURRENCE('15784','1','',#167,#230,$);
#604 = CONTEXT_DEPENDENT_SHAPE_REPRESENTATION(#605,#607);
#605 = ( REPRESENTATION_RELATIONSHIP('','',#235,#172) 
REPRESENTATION_RELATIONSHIP_WITH_TRANSFORMATION(#606) 
SHAPE_REPRESENTATION_RELATIONSHIP() );
#606 = ITEM_DEFINED_TRANSFORMATION('','',#11,#181);
#607 = PRODUCT_DEFINITION_SHAPE('Placement','Placement of an item',#608
  );
#608 = NEXT_ASSEMBLY_USAGE_OCCURRENCE('15785','2','',#167,#230,$);
#609 = CONTEXT_DEPENDENT_SHAPE_REPRESENTATION(#610,#612);
#610 = ( REPRESENTATION_RELATIONSHIP('','',#235,#172) 
REPRESENTATION_RELATIONSHIP_WITH_TRANSFORMATION(#611) 
SHAPE_REPRESENTATION_RELATIONSHIP() );
#611 = ITEM_DEFINED_TRANSFORMATION('','',#11,#185);
#612 = PRODUCT_DEFINITION_SHAPE('Placement','Placement of an item',#613
  );
#613 = NEXT_ASSEMBLY_USAGE_OCCURRENCE('15786','3','',#167,#230,$);
#614 = CONTEXT_DEPENDENT_SHAPE_REPRESENTATION(#615,#617);
#615 = ( REPRESENTATION_RELATIONSHIP('','',#235,#172) 
REPRESENTATION_RELATIONSHIP_WITH_TRANSFORMATION(#616) 
SHAPE_REPRESENTATION_RELATIONSHIP() );
#616 = ITEM_DEFINED_TRANSFORMATION('','',#11,#189);
#617 = PRODUCT_DEFINITION_SHAPE('Placement','Placement of an item',#618
  );
#618 = NEXT_ASSEMBLY_USAGE_OCCURRENCE('15787','4','',#167,#230,$);
#619 = CONTEXT_DEPENDENT_SHAPE_REPRESENTATION(#620,#622);
#620 = ( REPRESENTATION_RELATIONSHIP('','',#235,#172) 
REPRESENTATION_RELATIONSHIP_WITH_TRANSFORMATION(#621) 
SHAPE_REPRESENTATION_RELATIONSHIP() );
#621 = ITEM_DEFINED_TRANSFORMATION('','',#11,#193);
#622 = PRODUCT_DEFINITION_SHAPE('Placement','Placement of an item',#623
  );
#623 = NEXT_ASSEMBLY_USAGE_OCCURRENCE('15788','5','',#167,#230,$);
#624 = CONTEXT_DEPENDENT_SHAPE_REPRESENTATION(#625,#627);
#625 = ( REPRESENTATION_RELATIONSHIP('','',#235,#172) 
REPRESENTATION_RELATIONSHIP_WITH_TRANSFORMATION(#626) 
SHAPE_REPRESENTATION_RELATIONSHIP() );
#626 = ITEM_DEFINED_TRANSFORMATION('','',#11,#197);
#627 = PRODUCT_DEFINITION_SHAPE('Placement','Placement of an item',#628
  );
#628 = NEXT_ASSEMBLY_USAGE_OCCURRENCE('15789','6','',#167,#230,$);
#629 = CONTEXT_DEPENDENT_SHAPE_REPRESENTATION(#630,#632);
#630 = ( REPRESENTATION_RELATIONSHIP('','',#235,#172) 
REPRESENTATION_RELATIONSHIP_WITH_TRANSFORMATION(#631) 
SHAPE_REPRESENTATION_RELATIONSHIP() );
#631 = ITEM_DEFINED_TRANSFORMATION('','',#11,#201);
#632 = PRODUCT_DEFINITION_SHAPE('Placement','Placement of an item',#633
  );
#633 = NEXT_ASSEMBLY_USAGE_OCCURRENCE('15790','7','',#167,#230,$);
#634 = CONTEXT_DEPENDENT_SHAPE_REPRESENTATION(#635,#637);
#635 = ( REPRESENTATION_RELATIONSHIP('','',#235,#172) 
REPRESENTATION_RELATIONSHIP_WITH_TRANSFORMATION(#636) 
SHAPE_REPRESENTATION_RELATIONSHIP() );
#636 = ITEM_DEFINED_TRANSFORMATION('','',#11,#205);
#637 = PRODUCT_DEFINITION_SHAPE('Placement','Placement of an item',#638
  );
#638 = NEXT_ASSEMBLY_USAGE_OCCURRENCE('15791','8','',#167,#230,$);
#639 = CONTEXT_DEPENDENT_SHAPE_REPRESENTATION(#640,#642);
#640 = ( REPRESENTATION_RELATIONSHIP('','',#235,#172) 
REPRESENTATION_RELATIONSHIP_WITH_TRANSFORMATION(#641) 
SHAPE_REPRESENTATION_RELATIONSHIP() );
#641 = ITEM_DEFINED_TRANSFORMATION('','',#11,#209);
#642 = PRODUCT_DEFINITION_SHAPE('Placement','Placement of an item',#643
  );
#643 = NEXT_ASSEMBLY_USAGE_OCCURRENCE('15792','9','',#167,#230,$);
#644 = CONTEXT_DEPENDENT_SHAPE_REPRESENTATION(#645,#647);
#645 = ( REPRESENTATION_RELATIONSHIP('','',#235,#172) 
REPRESENTATION_RELATIONSHIP_WITH_TRANSFORMATION(#646) 
SHAPE_REPRESENTATION_RELATIONSHIP() );
#646 = ITEM_DEFINED_TRANSFORMATION('','',#11,#213);
#647 = PRODUCT_DEFINITION_SHAPE('Placement','Placement of an item',#648
  );
#648 = NEXT_ASSEMBLY_USAGE_OCCURRENCE('15793','10','',#167,#230,$);
#649 = SHAPE_DEFINITION_REPRESENTATION(#650,#656);
#650 = PRODUCT_DEFINITION_SHAPE('','',#651);
#651 = PRODUCT_DEFINITION('design','',#652,#655);
#652 = PRODUCT_DEFINITION_FORMATION('','',#653);
#653 = PRODUCT('Array001','Array001','',(#654));
#654 = PRODUCT_CONTEXT('',#2,'mechanical');
#655 = PRODUCT_DEFINITION_CONTEXT('part definition',#2,'design');
#656 = SHAPE_REPRESENTATION('',(#11,#657,#661,#665,#669,#673,#677,#681,
    #685,#689,#693,#697),#701);
#657 = AXIS2_PLACEMENT_3D('',#658,#659,#660);
#658 = CARTESIAN_POINT('',(0.,0.,4.));
#659 = DIRECTION('',(0.,0.,1.));
#660 = DIRECTION('',(1.,0.,0.));
#661 = AXIS2_PLACEMENT_3D('',#662,#663,#664);
#662 = CARTESIAN_POINT('',(0.,0.,3.2));
#663 = DIRECTION('',(0.,0.,1.));
#664 = DIRECTION('',(1.,0.,0.));
#665 = AXIS2_PLACEMENT_3D('',#666,#667,#668);
#666 = CARTESIAN_POINT('',(0.,0.,2.4));
#667 = DIRECTION('',(0.,0.,1.));
#668 = DIRECTION('',(1.,0.,0.));
#669 = AXIS2_PLACEMENT_3D('',#670,#671,#672);
#670 = CARTESIAN_POINT('',(0.,0.,1.6));
#671 = DIRECTION('',(0.,0.,1.));
#672 = DIRECTION('',(1.,0.,0.));
#673 = AXIS2_PLACEMENT_3D('',#674,#675,#676);
#674 = CARTESIAN_POINT('',(0.,0.,0.8));
#675 = DIRECTION('',(0.,0.,1.));
#676 = DIRECTION('',(1.,0.,0.));
#677 = AXIS2_PLACEMENT_3D('',#678,#679,#680);
#678 = CARTESIAN_POINT('',(0.,0.,0.));
#679 = DIRECTION('',(0.,0.,1.));
#680 = DIRECTION('',(1.,0.,0.));
#681 = AXIS2_PLACEMENT_3D('',#682,#683,#684);
#682 = CARTESIAN_POINT('',(0.,0.,-0.8));
#683 = DIRECTION('',(0.,0.,1.));
#684 = DIRECTION('',(1.,0.,0.));
#685 = AXIS2_PLACEMENT_3D('',#686,#687,#688);
#686 = CARTESIAN_POINT('',(0.,0.,-1.6));
#687 = DIRECTION('',(0.,0.,1.));
#688 = DIRECTION('',(1.,0.,0.));
#689 = AXIS2_PLACEMENT_3D('',#690,#691,#692);
#690 = CARTESIAN_POINT('',(0.,0.,-2.4));
#691 = DIRECTION('',(0.,0.,1.));
#692 = DIRECTION('',(1.,0.,0.));
#693 = AXIS2_PLACEMENT_3D('',#694,#695,#696);
#694 = CARTESIAN_POINT('',(0.,0.,-3.2));
#695 = DIRECTION('',(0.,0.,1.));
#696 = DIRECTION('',(1.,0.,0.));
#697 = AXIS2_PLACEMENT_3D('',#698,#699,#700);
#698 = CARTESIAN_POINT('',(0.,0.,-4.));
#699 = DIRECTION('',(0.,0.,1.));
#700 = DIRECTION('',(1.,0.,0.));
#701 = ( GEOMETRIC_REPRESENTATION_CONTEXT(3) 
GLOBAL_UNCERTAINTY_ASSIGNED_CONTEXT((#705)) GLOBAL_UNIT_ASSIGNED_CONTEXT
((#702,#703,#704)) REPRESENTATION_CONTEXT('Context #1',
  '3D Context with UNIT and UNCERTAINTY') );
#702 = ( LENGTH_UNIT() NAMED_UNIT(*) SI_UNIT(.MILLI.,.METRE.) );
#703 = ( NAMED_UNIT(*) PLANE_ANGLE_UNIT() SI_UNIT($,.RADIAN.) );
#704 = ( NAMED_UNIT(*) SI_UNIT($,.STERADIAN.) SOLID_ANGLE_UNIT() );
#705 = UNCERTAINTY_MEASURE_WITH_UNIT(LENGTH_MEASURE(1.E-07),#702,
  'distance_accuracy_value','confusion accuracy');
#706 = CONTEXT_DEPENDENT_SHAPE_REPRESENTATION(#707,#709);
#707 = ( REPRESENTATION_RELATIONSHIP('','',#656,#10) 
REPRESENTATION_RELATIONSHIP_WITH_TRANSFORMATION(#708) 
SHAPE_REPRESENTATION_RELATIONSHIP() );
#708 = ITEM_DEFINED_TRANSFORMATION('','',#11,#19);
#709 = PRODUCT_DEFINITION_SHAPE('Placement','Placement of an item',#710
  );
#710 = NEXT_ASSEMBLY_USAGE_OCCURRENCE('15806','Array001','',#5,#651,$);
#711 = PRODUCT_RELATED_PRODUCT_CATEGORY('part',$,(#653));
#712 = SHAPE_DEFINITION_REPRESENTATION(#713,#719);
#713 = PRODUCT_DEFINITION_SHAPE('','',#714);
#714 = PRODUCT_DEFINITION('design','',#715,#718);
#715 = PRODUCT_DEFINITION_FORMATION('','',#716);
#716 = PRODUCT('Body001','Body001','',(#717));
#717 = PRODUCT_CONTEXT('',#2,'mechanical');
#718 = PRODUCT_DEFINITION_CONTEXT('part definition',#2,'design');
#719 = ADVANCED_BREP_SHAPE_REPRESENTATION('',(#11,#720),#1072);
#720 = MANIFOLD_SOLID_BREP('',#721);
#721 = CLOSED_SHELL('',(#722,#762,#793,#826,#857,#888,#919,#950,#983,
    #1014,#1036,#1054));
#722 = ADVANCED_FACE('',(#723),#757,.F.);
#723 = FACE_BOUND('',#724,.F.);
#724 = EDGE_LOOP('',(#725,#735,#743,#751));
#725 = ORIENTED_EDGE('',*,*,#726,.T.);
#726 = EDGE_CURVE('',#727,#729,#731,.T.);
#727 = VERTEX_POINT('',#728);
#728 = CARTESIAN_POINT('',(5.,1.2225,-0.1375));
#729 = VERTEX_POINT('',#730);
#730 = CARTESIAN_POINT('',(5.,1.2225,0.1375));
#731 = LINE('',#732,#733);
#732 = CARTESIAN_POINT('',(5.,1.2225,-0.1375));
#733 = VECTOR('',#734,1.);
#734 = DIRECTION('',(0.,0.,1.));
#735 = ORIENTED_EDGE('',*,*,#736,.T.);
#736 = EDGE_CURVE('',#729,#737,#739,.T.);
#737 = VERTEX_POINT('',#738);
#738 = CARTESIAN_POINT('',(5.835,1.2225,0.1375));
#739 = LINE('',#740,#741);
#740 = CARTESIAN_POINT('',(5.,1.2225,0.1375));
#741 = VECTOR('',#742,1.);
#742 = DIRECTION('',(1.,0.,0.));
#743 = ORIENTED_EDGE('',*,*,#744,.F.);
#744 = EDGE_CURVE('',#745,#737,#747,.T.);
#745 = VERTEX_POINT('',#746);
#746 = CARTESIAN_POINT('',(5.835,1.2225,-0.1375));
#747 = LINE('',#748,#749);
#748 = CARTESIAN_POINT('',(5.835,1.2225,-0.1375));
#749 = VECTOR('',#750,1.);
#750 = DIRECTION('',(0.,0.,1.));
#751 = ORIENTED_EDGE('',*,*,#752,.F.);
#752 = EDGE_CURVE('',#727,#745,#753,.T.);
#753 = LINE('',#754,#755);
#754 = CARTESIAN_POINT('',(5.,1.2225,-0.1375));
#755 = VECTOR('',#756,1.);
#756 = DIRECTION('',(1.,0.,0.));
#757 = PLANE('',#758);
#758 = AXIS2_PLACEMENT_3D('',#759,#760,#761);
#759 = CARTESIAN_POINT('',(5.,1.2225,-0.1375));
#760 = DIRECTION('',(0.,1.,0.));
#761 = DIRECTION('',(1.,0.,0.));
#762 = ADVANCED_FACE('',(#763),#788,.F.);
#763 = FACE_BOUND('',#764,.F.);
#764 = EDGE_LOOP('',(#765,#766,#774,#782));
#765 = ORIENTED_EDGE('',*,*,#744,.T.);
#766 = ORIENTED_EDGE('',*,*,#767,.T.);
#767 = EDGE_CURVE('',#737,#768,#770,.T.);
#768 = VERTEX_POINT('',#769);
#769 = CARTESIAN_POINT('',(5.835,0.14,0.1375));
#770 = LINE('',#771,#772);
#771 = CARTESIAN_POINT('',(5.835,1.2225,0.1375));
#772 = VECTOR('',#773,1.);
#773 = DIRECTION('',(0.,-1.,0.));
#774 = ORIENTED_EDGE('',*,*,#775,.F.);
#775 = EDGE_CURVE('',#776,#768,#778,.T.);
#776 = VERTEX_POINT('',#777);
#777 = CARTESIAN_POINT('',(5.835,0.14,-0.1375));
#778 = LINE('',#779,#780);
#779 = CARTESIAN_POINT('',(5.835,0.14,-0.1375));
#780 = VECTOR('',#781,1.);
#781 = DIRECTION('',(0.,0.,1.));
#782 = ORIENTED_EDGE('',*,*,#783,.F.);
#783 = EDGE_CURVE('',#745,#776,#784,.T.);
#784 = LINE('',#785,#786);
#785 = CARTESIAN_POINT('',(5.835,1.2225,-0.1375));
#786 = VECTOR('',#787,1.);
#787 = DIRECTION('',(0.,-1.,0.));
#788 = PLANE('',#789);
#789 = AXIS2_PLACEMENT_3D('',#790,#791,#792);
#790 = CARTESIAN_POINT('',(5.835,1.2225,-0.1375));
#791 = DIRECTION('',(1.,0.,0.));
#792 = DIRECTION('',(0.,-1.,0.));
#793 = ADVANCED_FACE('',(#794),#821,.T.);
#794 = FACE_BOUND('',#795,.F.);
#795 = EDGE_LOOP('',(#796,#797,#806,#814));
#796 = ORIENTED_EDGE('',*,*,#775,.T.);
#797 = ORIENTED_EDGE('',*,*,#798,.T.);
#798 = EDGE_CURVE('',#768,#799,#801,.T.);
#799 = VERTEX_POINT('',#800);
#800 = CARTESIAN_POINT('',(5.975,1.246858968138E-19,0.1375));
#801 = CIRCLE('',#802,0.14);
#802 = AXIS2_PLACEMENT_3D('',#803,#804,#805);
#803 = CARTESIAN_POINT('',(5.975,0.14,0.1375));
#804 = DIRECTION('',(0.,0.,1.));
#805 = DIRECTION('',(1.,0.,0.));
#806 = ORIENTED_EDGE('',*,*,#807,.F.);
#807 = EDGE_CURVE('',#808,#799,#810,.T.);
#808 = VERTEX_POINT('',#809);
#809 = CARTESIAN_POINT('',(5.975,1.246858968138E-19,-0.1375));
#810 = LINE('',#811,#812);
#811 = CARTESIAN_POINT('',(5.975,1.246858968138E-19,-0.1375));
#812 = VECTOR('',#813,1.);
#813 = DIRECTION('',(0.,0.,1.));
#814 = ORIENTED_EDGE('',*,*,#815,.F.);
#815 = EDGE_CURVE('',#776,#808,#816,.T.);
#816 = CIRCLE('',#817,0.14);
#817 = AXIS2_PLACEMENT_3D('',#818,#819,#820);
#818 = CARTESIAN_POINT('',(5.975,0.14,-0.1375));
#819 = DIRECTION('',(0.,0.,1.));
#820 = DIRECTION('',(1.,0.,0.));
#821 = CYLINDRICAL_SURFACE('',#822,0.14);
#822 = AXIS2_PLACEMENT_3D('',#823,#824,#825);
#823 = CARTESIAN_POINT('',(5.975,0.14,-0.1375));
#824 = DIRECTION('',(-0.,-0.,-1.));
#825 = DIRECTION('',(1.,0.,0.));
#826 = ADVANCED_FACE('',(#827),#852,.F.);
#827 = FACE_BOUND('',#828,.F.);
#828 = EDGE_LOOP('',(#829,#830,#838,#846));
#829 = ORIENTED_EDGE('',*,*,#807,.T.);
#830 = ORIENTED_EDGE('',*,*,#831,.T.);
#831 = EDGE_CURVE('',#799,#832,#834,.T.);
#832 = VERTEX_POINT('',#833);
#833 = CARTESIAN_POINT('',(6.95,0.,0.1375));
#834 = LINE('',#835,#836);
#835 = CARTESIAN_POINT('',(5.975,2.493644418983E-19,0.1375));
#836 = VECTOR('',#837,1.);
#837 = DIRECTION('',(1.,-2.55758401947E-19,0.));
#838 = ORIENTED_EDGE('',*,*,#839,.F.);
#839 = EDGE_CURVE('',#840,#832,#842,.T.);
#840 = VERTEX_POINT('',#841);
#841 = CARTESIAN_POINT('',(6.95,0.,-0.1375));
#842 = LINE('',#843,#844);
#843 = CARTESIAN_POINT('',(6.95,0.,-0.1375));
#844 = VECTOR('',#845,1.);
#845 = DIRECTION('',(0.,0.,1.));
#846 = ORIENTED_EDGE('',*,*,#847,.F.);
#847 = EDGE_CURVE('',#808,#840,#848,.T.);
#848 = LINE('',#849,#850);
#849 = CARTESIAN_POINT('',(5.975,2.493644418983E-19,-0.1375));
#850 = VECTOR('',#851,1.);
#851 = DIRECTION('',(1.,-2.55758401947E-19,0.));
#852 = PLANE('',#853);
#853 = AXIS2_PLACEMENT_3D('',#854,#855,#856);
#854 = CARTESIAN_POINT('',(5.975,2.493644418983E-19,-0.1375));
#855 = DIRECTION('',(2.55758401947E-19,1.,0.));
#856 = DIRECTION('',(1.,-2.55758401947E-19,0.));
#857 = ADVANCED_FACE('',(#858),#883,.F.);
#858 = FACE_BOUND('',#859,.F.);
#859 = EDGE_LOOP('',(#860,#861,#869,#877));
#860 = ORIENTED_EDGE('',*,*,#839,.T.);
#861 = ORIENTED_EDGE('',*,*,#862,.T.);
#862 = EDGE_CURVE('',#832,#863,#865,.T.);
#863 = VERTEX_POINT('',#864);
#864 = CARTESIAN_POINT('',(6.95,0.14,0.1375));
#865 = LINE('',#866,#867);
#866 = CARTESIAN_POINT('',(6.95,0.,0.1375));
#867 = VECTOR('',#868,1.);
#868 = DIRECTION('',(0.,1.,0.));
#869 = ORIENTED_EDGE('',*,*,#870,.F.);
#870 = EDGE_CURVE('',#871,#863,#873,.T.);
#871 = VERTEX_POINT('',#872);
#872 = CARTESIAN_POINT('',(6.95,0.14,-0.1375));
#873 = LINE('',#874,#875);
#874 = CARTESIAN_POINT('',(6.95,0.14,-0.1375));
#875 = VECTOR('',#876,1.);
#876 = DIRECTION('',(0.,0.,1.));
#877 = ORIENTED_EDGE('',*,*,#878,.F.);
#878 = EDGE_CURVE('',#840,#871,#879,.T.);
#879 = LINE('',#880,#881);
#880 = CARTESIAN_POINT('',(6.95,0.,-0.1375));
#881 = VECTOR('',#882,1.);
#882 = DIRECTION('',(0.,1.,0.));
#883 = PLANE('',#884);
#884 = AXIS2_PLACEMENT_3D('',#885,#886,#887);
#885 = CARTESIAN_POINT('',(6.95,0.,-0.1375));
#886 = DIRECTION('',(-1.,0.,0.));
#887 = DIRECTION('',(0.,1.,0.));
#888 = ADVANCED_FACE('',(#889),#914,.F.);
#889 = FACE_BOUND('',#890,.F.);
#890 = EDGE_LOOP('',(#891,#892,#900,#908));
#891 = ORIENTED_EDGE('',*,*,#870,.T.);
#892 = ORIENTED_EDGE('',*,*,#893,.T.);
#893 = EDGE_CURVE('',#863,#894,#896,.T.);
#894 = VERTEX_POINT('',#895);
#895 = CARTESIAN_POINT('',(5.975,0.14,0.1375));
#896 = LINE('',#897,#898);
#897 = CARTESIAN_POINT('',(6.95,0.14,0.1375));
#898 = VECTOR('',#899,1.);
#899 = DIRECTION('',(-1.,0.,0.));
#900 = ORIENTED_EDGE('',*,*,#901,.F.);
#901 = EDGE_CURVE('',#902,#894,#904,.T.);
#902 = VERTEX_POINT('',#903);
#903 = CARTESIAN_POINT('',(5.975,0.14,-0.1375));
#904 = LINE('',#905,#906);
#905 = CARTESIAN_POINT('',(5.975,0.14,-0.1375));
#906 = VECTOR('',#907,1.);
#907 = DIRECTION('',(0.,0.,1.));
#908 = ORIENTED_EDGE('',*,*,#909,.F.);
#909 = EDGE_CURVE('',#871,#902,#910,.T.);
#910 = LINE('',#911,#912);
#911 = CARTESIAN_POINT('',(6.95,0.14,-0.1375));
#912 = VECTOR('',#913,1.);
#913 = DIRECTION('',(-1.,0.,0.));
#914 = PLANE('',#915);
#915 = AXIS2_PLACEMENT_3D('',#916,#917,#918);
#916 = CARTESIAN_POINT('',(6.95,0.14,-0.1375));
#917 = DIRECTION('',(0.,-1.,0.));
#918 = DIRECTION('',(-1.,0.,0.));
#919 = ADVANCED_FACE('',(#920),#945,.F.);
#920 = FACE_BOUND('',#921,.F.);
#921 = EDGE_LOOP('',(#922,#923,#931,#939));
#922 = ORIENTED_EDGE('',*,*,#901,.T.);
#923 = ORIENTED_EDGE('',*,*,#924,.T.);
#924 = EDGE_CURVE('',#894,#925,#927,.T.);
#925 = VERTEX_POINT('',#926);
#926 = CARTESIAN_POINT('',(5.975,1.2225,0.1375));
#927 = LINE('',#928,#929);
#928 = CARTESIAN_POINT('',(5.975,0.14,0.1375));
#929 = VECTOR('',#930,1.);
#930 = DIRECTION('',(0.,1.,0.));
#931 = ORIENTED_EDGE('',*,*,#932,.F.);
#932 = EDGE_CURVE('',#933,#925,#935,.T.);
#933 = VERTEX_POINT('',#934);
#934 = CARTESIAN_POINT('',(5.975,1.2225,-0.1375));
#935 = LINE('',#936,#937);
#936 = CARTESIAN_POINT('',(5.975,1.2225,-0.1375));
#937 = VECTOR('',#938,1.);
#938 = DIRECTION('',(0.,0.,1.));
#939 = ORIENTED_EDGE('',*,*,#940,.F.);
#940 = EDGE_CURVE('',#902,#933,#941,.T.);
#941 = LINE('',#942,#943);
#942 = CARTESIAN_POINT('',(5.975,0.14,-0.1375));
#943 = VECTOR('',#944,1.);
#944 = DIRECTION('',(0.,1.,0.));
#945 = PLANE('',#946);
#946 = AXIS2_PLACEMENT_3D('',#947,#948,#949);
#947 = CARTESIAN_POINT('',(5.975,0.14,-0.1375));
#948 = DIRECTION('',(-1.,0.,0.));
#949 = DIRECTION('',(0.,1.,0.));
#950 = ADVANCED_FACE('',(#951),#978,.T.);
#951 = FACE_BOUND('',#952,.F.);
#952 = EDGE_LOOP('',(#953,#954,#963,#971));
#953 = ORIENTED_EDGE('',*,*,#932,.T.);
#954 = ORIENTED_EDGE('',*,*,#955,.T.);
#955 = EDGE_CURVE('',#925,#956,#958,.T.);
#956 = VERTEX_POINT('',#957);
#957 = CARTESIAN_POINT('',(5.835,1.3625,0.1375));
#958 = CIRCLE('',#959,0.14);
#959 = AXIS2_PLACEMENT_3D('',#960,#961,#962);
#960 = CARTESIAN_POINT('',(5.835,1.2225,0.1375));
#961 = DIRECTION('',(0.,0.,1.));
#962 = DIRECTION('',(1.,0.,0.));
#963 = ORIENTED_EDGE('',*,*,#964,.F.);
#964 = EDGE_CURVE('',#965,#956,#967,.T.);
#965 = VERTEX_POINT('',#966);
#966 = CARTESIAN_POINT('',(5.835,1.3625,-0.1375));
#967 = LINE('',#968,#969);
#968 = CARTESIAN_POINT('',(5.835,1.3625,-0.1375));
#969 = VECTOR('',#970,1.);
#970 = DIRECTION('',(0.,0.,1.));
#971 = ORIENTED_EDGE('',*,*,#972,.F.);
#972 = EDGE_CURVE('',#933,#965,#973,.T.);
#973 = CIRCLE('',#974,0.14);
#974 = AXIS2_PLACEMENT_3D('',#975,#976,#977);
#975 = CARTESIAN_POINT('',(5.835,1.2225,-0.1375));
#976 = DIRECTION('',(0.,0.,1.));
#977 = DIRECTION('',(1.,0.,0.));
#978 = CYLINDRICAL_SURFACE('',#979,0.14);
#979 = AXIS2_PLACEMENT_3D('',#980,#981,#982);
#980 = CARTESIAN_POINT('',(5.835,1.2225,-0.1375));
#981 = DIRECTION('',(-0.,-0.,-1.));
#982 = DIRECTION('',(1.,0.,0.));
#983 = ADVANCED_FACE('',(#984),#1009,.F.);
#984 = FACE_BOUND('',#985,.F.);
#985 = EDGE_LOOP('',(#986,#987,#995,#1003));
#986 = ORIENTED_EDGE('',*,*,#964,.T.);
#987 = ORIENTED_EDGE('',*,*,#988,.T.);
#988 = EDGE_CURVE('',#956,#989,#991,.T.);
#989 = VERTEX_POINT('',#990);
#990 = CARTESIAN_POINT('',(5.,1.3625,0.1375));
#991 = LINE('',#992,#993);
#992 = CARTESIAN_POINT('',(5.835,1.3625,0.1375));
#993 = VECTOR('',#994,1.);
#994 = DIRECTION('',(-1.,0.,0.));
#995 = ORIENTED_EDGE('',*,*,#996,.F.);
#996 = EDGE_CURVE('',#997,#989,#999,.T.);
#997 = VERTEX_POINT('',#998);
#998 = CARTESIAN_POINT('',(5.,1.3625,-0.1375));
#999 = LINE('',#1000,#1001);
#1000 = CARTESIAN_POINT('',(5.,1.3625,-0.1375));
#1001 = VECTOR('',#1002,1.);
#1002 = DIRECTION('',(0.,0.,1.));
#1003 = ORIENTED_EDGE('',*,*,#1004,.F.);
#1004 = EDGE_CURVE('',#965,#997,#1005,.T.);
#1005 = LINE('',#1006,#1007);
#1006 = CARTESIAN_POINT('',(5.835,1.3625,-0.1375));
#1007 = VECTOR('',#1008,1.);
#1008 = DIRECTION('',(-1.,0.,0.));
#1009 = PLANE('',#1010);
#1010 = AXIS2_PLACEMENT_3D('',#1011,#1012,#1013);
#1011 = CARTESIAN_POINT('',(5.835,1.3625,-0.1375));
#1012 = DIRECTION('',(0.,-1.,0.));
#1013 = DIRECTION('',(-1.,0.,0.));
#1014 = ADVANCED_FACE('',(#1015),#1031,.F.);
#1015 = FACE_BOUND('',#1016,.F.);
#1016 = EDGE_LOOP('',(#1017,#1018,#1024,#1025));
#1017 = ORIENTED_EDGE('',*,*,#996,.T.);
#1018 = ORIENTED_EDGE('',*,*,#1019,.T.);
#1019 = EDGE_CURVE('',#989,#729,#1020,.T.);
#1020 = LINE('',#1021,#1022);
#1021 = CARTESIAN_POINT('',(5.,1.3625,0.1375));
#1022 = VECTOR('',#1023,1.);
#1023 = DIRECTION('',(0.,-1.,0.));
#1024 = ORIENTED_EDGE('',*,*,#726,.F.);
#1025 = ORIENTED_EDGE('',*,*,#1026,.F.);
#1026 = EDGE_CURVE('',#997,#727,#1027,.T.);
#1027 = LINE('',#1028,#1029);
#1028 = CARTESIAN_POINT('',(5.,1.3625,-0.1375));
#1029 = VECTOR('',#1030,1.);
#1030 = DIRECTION('',(0.,-1.,0.));
#1031 = PLANE('',#1032);
#1032 = AXIS2_PLACEMENT_3D('',#1033,#1034,#1035);
#1033 = CARTESIAN_POINT('',(5.,1.3625,-0.1375));
#1034 = DIRECTION('',(1.,0.,0.));
#1035 = DIRECTION('',(0.,-1.,0.));
#1036 = ADVANCED_FACE('',(#1037),#1049,.F.);
#1037 = FACE_BOUND('',#1038,.F.);
#1038 = EDGE_LOOP('',(#1039,#1040,#1041,#1042,#1043,#1044,#1045,#1046,
    #1047,#1048));
#1039 = ORIENTED_EDGE('',*,*,#752,.T.);
#1040 = ORIENTED_EDGE('',*,*,#783,.T.);
#1041 = ORIENTED_EDGE('',*,*,#815,.T.);
#1042 = ORIENTED_EDGE('',*,*,#847,.T.);
#1043 = ORIENTED_EDGE('',*,*,#878,.T.);
#1044 = ORIENTED_EDGE('',*,*,#909,.T.);
#1045 = ORIENTED_EDGE('',*,*,#940,.T.);
#1046 = ORIENTED_EDGE('',*,*,#972,.T.);
#1047 = ORIENTED_EDGE('',*,*,#1004,.T.);
#1048 = ORIENTED_EDGE('',*,*,#1026,.T.);
#1049 = PLANE('',#1050);
#1050 = AXIS2_PLACEMENT_3D('',#1051,#1052,#1053);
#1051 = CARTESIAN_POINT('',(5.950016658962,0.654918485368,-0.1375));
#1052 = DIRECTION('',(0.,0.,1.));
#1053 = DIRECTION('',(1.,0.,0.));
#1054 = ADVANCED_FACE('',(#1055),#1067,.T.);
#1055 = FACE_BOUND('',#1056,.T.);
#1056 = EDGE_LOOP('',(#1057,#1058,#1059,#1060,#1061,#1062,#1063,#1064,
    #1065,#1066));
#1057 = ORIENTED_EDGE('',*,*,#736,.T.);
#1058 = ORIENTED_EDGE('',*,*,#767,.T.);
#1059 = ORIENTED_EDGE('',*,*,#798,.T.);
#1060 = ORIENTED_EDGE('',*,*,#831,.T.);
#1061 = ORIENTED_EDGE('',*,*,#862,.T.);
#1062 = ORIENTED_EDGE('',*,*,#893,.T.);
#1063 = ORIENTED_EDGE('',*,*,#924,.T.);
#1064 = ORIENTED_EDGE('',*,*,#955,.T.);
#1065 = ORIENTED_EDGE('',*,*,#988,.T.);
#1066 = ORIENTED_EDGE('',*,*,#1019,.T.);
#1067 = PLANE('',#1068);
#1068 = AXIS2_PLACEMENT_3D('',#1069,#1070,#1071);
#1069 = CARTESIAN_POINT('',(5.950016658962,0.654918485368,0.1375));
#1070 = DIRECTION('',(0.,0.,1.));
#1071 = DIRECTION('',(1.,0.,0.));
#1072 = ( GEOMETRIC_REPRESENTATION_CONTEXT(3) 
GLOBAL_UNCERTAINTY_ASSIGNED_CONTEXT((#1076)) 
GLOBAL_UNIT_ASSIGNED_CONTEXT((#1073,#1074,#1075)) REPRESENTATION_CONTEXT
('Context #1','3D Context with UNIT and UNCERTAINTY') );
#1073 = ( LENGTH_UNIT() NAMED_UNIT(*) SI_UNIT(.MILLI.,.METRE.) );
#1074 = ( NAMED_UNIT(*) PLANE_ANGLE_UNIT() SI_UNIT($,.RADIAN.) );
#1075 = ( NAMED_UNIT(*) SI_UNIT($,.STERADIAN.) SOLID_ANGLE_UNIT() );
#1076 = UNCERTAINTY_MEASURE_WITH_UNIT(LENGTH_MEASURE(1.E-07),#1073,
  'distance_accuracy_value','confusion accuracy');
#1077 = CONTEXT_DEPENDENT_SHAPE_REPRESENTATION(#1078,#1080);
#1078 = ( REPRESENTATION_RELATIONSHIP('','',#719,#656) 
REPRESENTATION_RELATIONSHIP_WITH_TRANSFORMATION(#1079) 
SHAPE_REPRESENTATION_RELATIONSHIP() );
#1079 = ITEM_DEFINED_TRANSFORMATION('','',#11,#657);
#1080 = PRODUCT_DEFINITION_SHAPE('Placement','Placement of an item',
  #1081);
#1081 = NEXT_ASSEMBLY_USAGE_OCCURRENCE('15795','0','',#651,#714,$);
#1082 = PRODUCT_RELATED_PRODUCT_CATEGORY('part',$,(#716));
#1083 = CONTEXT_DEPENDENT_SHAPE_REPRESENTATION(#1084,#1086);
#1084 = ( REPRESENTATION_RELATIONSHIP('','',#719,#656) 
REPRESENTATION_RELATIONSHIP_WITH_TRANSFORMATION(#1085) 
SHAPE_REPRESENTATION_RELATIONSHIP() );
#1085 = ITEM_DEFINED_TRANSFORMATION('','',#11,#661);
#1086 = PRODUCT_DEFINITION_SHAPE('Placement','Placement of an item',
  #1087);
#1087 = NEXT_ASSEMBLY_USAGE_OCCURRENCE('15796','1','',#651,#714,$);
#1088 = CONTEXT_DEPENDENT_SHAPE_REPRESENTATION(#1089,#1091);
#1089 = ( REPRESENTATION_RELATIONSHIP('','',#719,#656) 
REPRESENTATION_RELATIONSHIP_WITH_TRANSFORMATION(#1090) 
SHAPE_REPRESENTATION_RELATIONSHIP() );
#1090 = ITEM_DEFINED_TRANSFORMATION('','',#11,#665);
#1091 = PRODUCT_DEFINITION_SHAPE('Placement','Placement of an item',
  #1092);
#1092 = NEXT_ASSEMBLY_USAGE_OCCURRENCE('15797','2','',#651,#714,$);
#1093 = CONTEXT_DEPENDENT_SHAPE_REPRESENTATION(#1094,#1096);
#1094 = ( REPRESENTATION_RELATIONSHIP('','',#719,#656) 
REPRESENTATION_RELATIONSHIP_WITH_TRANSFORMATION(#1095) 
SHAPE_REPRESENTATION_RELATIONSHIP() );
#1095 = ITEM_DEFINED_TRANSFORMATION('','',#11,#669);
#1096 = PRODUCT_DEFINITION_SHAPE('Placement','Placement of an item',
  #1097);
#1097 = NEXT_ASSEMBLY_USAGE_OCCURRENCE('15798','3','',#651,#714,$);
#1098 = CONTEXT_DEPENDENT_SHAPE_REPRESENTATION(#1099,#1101);
#1099 = ( REPRESENTATION_RELATIONSHIP('','',#719,#656) 
REPRESENTATION_RELATIONSHIP_WITH_TRANSFORMATION(#1100) 
SHAPE_REPRESENTATION_RELATIONSHIP() );
#1100 = ITEM_DEFINED_TRANSFORMATION('','',#11,#673);
#1101 = PRODUCT_DEFINITION_SHAPE('Placement','Placement of an item',
  #1102);
#1102 = NEXT_ASSEMBLY_USAGE_OCCURRENCE('15799','4','',#651,#714,$);
#1103 = CONTEXT_DEPENDENT_SHAPE_REPRESENTATION(#1104,#1106);
#1104 = ( REPRESENTATION_RELATIONSHIP('','',#719,#656) 
REPRESENTATION_RELATIONSHIP_WITH_TRANSFORMATION(#1105) 
SHAPE_REPRESENTATION_RELATIONSHIP() );
#1105 = ITEM_DEFINED_TRANSFORMATION('','',#11,#677);
#1106 = PRODUCT_DEFINITION_SHAPE('Placement','Placement of an item',
  #1107);
#1107 = NEXT_ASSEMBLY_USAGE_OCCURRENCE('15800','5','',#651,#714,$);
#1108 = CONTEXT_DEPENDENT_SHAPE_REPRESENTATION(#1109,#1111);
#1109 = ( REPRESENTATION_RELATIONSHIP('','',#719,#656) 
REPRESENTATION_RELATIONSHIP_WITH_TRANSFORMATION(#1110) 
SHAPE_REPRESENTATION_RELATIONSHIP() );
#1110 = ITEM_DEFINED_TRANSFORMATION('','',#11,#681);
#1111 = PRODUCT_DEFINITION_SHAPE('Placement','Placement of an item',
  #1112);
#1112 = NEXT_ASSEMBLY_USAGE_OCCURRENCE('15801','6','',#651,#714,$);
#1113 = CONTEXT_DEPENDENT_SHAPE_REPRESENTATION(#1114,#1116);
#1114 = ( REPRESENTATION_RELATIONSHIP('','',#719,#656) 
REPRESENTATION_RELATIONSHIP_WITH_TRANSFORMATION(#1115) 
SHAPE_REPRESENTATION_RELATIONSHIP() );
#1115 = ITEM_DEFINED_TRANSFORMATION('','',#11,#685);
#1116 = PRODUCT_DEFINITION_SHAPE('Placement','Placement of an item',
  #1117);
#1117 = NEXT_ASSEMBLY_USAGE_OCCURRENCE('15802','7','',#651,#714,$);
#1118 = CONTEXT_DEPENDENT_SHAPE_REPRESENTATION(#1119,#1121);
#1119 = ( REPRESENTATION_RELATIONSHIP('','',#719,#656) 
REPRESENTATION_RELATIONSHIP_WITH_TRANSFORMATION(#1120) 
SHAPE_REPRESENTATION_RELATIONSHIP() );
#1120 = ITEM_DEFINED_TRANSFORMATION('','',#11,#689);
#1121 = PRODUCT_DEFINITION_SHAPE('Placement','Placement of an item',
  #1122);
#1122 = NEXT_ASSEMBLY_USAGE_OCCURRENCE('15803','8','',#651,#714,$);
#1123 = CONTEXT_DEPENDENT_SHAPE_REPRESENTATION(#1124,#1126);
#1124 = ( REPRESENTATION_RELATIONSHIP('','',#719,#656) 
REPRESENTATION_RELATIONSHIP_WITH_TRANSFORMATION(#1125) 
SHAPE_REPRESENTATION_RELATIONSHIP() );
#1125 = ITEM_DEFINED_TRANSFORMATION('','',#11,#693);
#1126 = PRODUCT_DEFINITION_SHAPE('Placement','Placement of an item',
  #1127);
#1127 = NEXT_ASSEMBLY_USAGE_OCCURRENCE('15804','9','',#651,#714,$);
#1128 = CONTEXT_DEPENDENT_SHAPE_REPRESENTATION(#1129,#1131);
#1129 = ( REPRESENTATION_RELATIONSHIP('','',#719,#656) 
REPRESENTATION_RELATIONSHIP_WITH_TRANSFORMATION(#1130) 
SHAPE_REPRESENTATION_RELATIONSHIP() );
#1130 = ITEM_DEFINED_TRANSFORMATION('','',#11,#697);
#1131 = PRODUCT_DEFINITION_SHAPE('Placement','Placement of an item',
  #1132);
#1132 = NEXT_ASSEMBLY_USAGE_OCCURRENCE('15805','10','',#651,#714,$);
#1133 = SHAPE_DEFINITION_REPRESENTATION(#1134,#1140);
#1134 = PRODUCT_DEFINITION_SHAPE('','',#1135);
#1135 = PRODUCT_DEFINITION('design','',#1136,#1139);
#1136 = PRODUCT_DEFINITION_FORMATION('','',#1137);
#1137 = PRODUCT('Array002','Array002','',(#1138));
#1138 = PRODUCT_CONTEXT('',#2,'mechanical');
#1139 = PRODUCT_DEFINITION_CONTEXT('part definition',#2,'design');
#1140 = SHAPE_REPRESENTATION('',(#11,#1141,#1145,#1149,#1153,#1157,#1161
    ,#1165,#1169,#1173,#1177,#1181),#1185);
#1141 = AXIS2_PLACEMENT_3D('',#1142,#1143,#1144);
#1142 = CARTESIAN_POINT('',(0.,0.,0.));
#1143 = DIRECTION('',(0.,0.,1.));
#1144 = DIRECTION('',(1.,0.,0.));
#1145 = AXIS2_PLACEMENT_3D('',#1146,#1147,#1148);
#1146 = CARTESIAN_POINT('',(-0.8,0.,0.));
#1147 = DIRECTION('',(0.,0.,1.));
#1148 = DIRECTION('',(1.,0.,0.));
#1149 = AXIS2_PLACEMENT_3D('',#1150,#1151,#1152);
#1150 = CARTESIAN_POINT('',(-1.6,0.,0.));
#1151 = DIRECTION('',(0.,0.,1.));
#1152 = DIRECTION('',(1.,0.,0.));
#1153 = AXIS2_PLACEMENT_3D('',#1154,#1155,#1156);
#1154 = CARTESIAN_POINT('',(-2.4,0.,0.));
#1155 = DIRECTION('',(0.,0.,1.));
#1156 = DIRECTION('',(1.,0.,0.));
#1157 = AXIS2_PLACEMENT_3D('',#1158,#1159,#1160);
#1158 = CARTESIAN_POINT('',(-3.2,0.,0.));
#1159 = DIRECTION('',(0.,0.,1.));
#1160 = DIRECTION('',(1.,0.,0.));
#1161 = AXIS2_PLACEMENT_3D('',#1162,#1163,#1164);
#1162 = CARTESIAN_POINT('',(-4.,0.,0.));
#1163 = DIRECTION('',(0.,0.,1.));
#1164 = DIRECTION('',(1.,0.,0.));
#1165 = AXIS2_PLACEMENT_3D('',#1166,#1167,#1168);
#1166 = CARTESIAN_POINT('',(-4.8,0.,0.));
#1167 = DIRECTION('',(0.,0.,1.));
#1168 = DIRECTION('',(1.,0.,0.));
#1169 = AXIS2_PLACEMENT_3D('',#1170,#1171,#1172);
#1170 = CARTESIAN_POINT('',(-5.6,0.,0.));
#1171 = DIRECTION('',(0.,0.,1.));
#1172 = DIRECTION('',(1.,0.,0.));
#1173 = AXIS2_PLACEMENT_3D('',#1174,#1175,#1176);
#1174 = CARTESIAN_POINT('',(-6.4,0.,0.));
#1175 = DIRECTION('',(0.,0.,1.));
#1176 = DIRECTION('',(1.,0.,0.));
#1177 = AXIS2_PLACEMENT_3D('',#1178,#1179,#1180);
#1178 = CARTESIAN_POINT('',(-7.2,0.,0.));
#1179 = DIRECTION('',(0.,0.,1.));
#1180 = DIRECTION('',(1.,0.,0.));
#1181 = AXIS2_PLACEMENT_3D('',#1182,#1183,#1184);
#1182 = CARTESIAN_POINT('',(-8.,0.,0.));
#1183 = DIRECTION('',(0.,0.,1.));
#1184 = DIRECTION('',(1.,0.,0.));
#1185 = ( GEOMETRIC_REPRESENTATION_CONTEXT(3) 
GLOBAL_UNCERTAINTY_ASSIGNED_CONTEXT((#1189)) 
GLOBAL_UNIT_ASSIGNED_CONTEXT((#1186,#1187,#1188)) REPRESENTATION_CONTEXT
('Context #1','3D Context with UNIT and UNCERTAINTY') );
#1186 = ( LENGTH_UNIT() NAMED_UNIT(*) SI_UNIT(.MILLI.,.METRE.) );
#1187 = ( NAMED_UNIT(*) PLANE_ANGLE_UNIT() SI_UNIT($,.RADIAN.) );
#1188 = ( NAMED_UNIT(*) SI_UNIT($,.STERADIAN.) SOLID_ANGLE_UNIT() );
#1189 = UNCERTAINTY_MEASURE_WITH_UNIT(LENGTH_MEASURE(1.E-07),#1186,
  'distance_accuracy_value','confusion accuracy');
#1190 = CONTEXT_DEPENDENT_SHAPE_REPRESENTATION(#1191,#1193);
#1191 = ( REPRESENTATION_RELATIONSHIP('','',#1140,#10) 
REPRESENTATION_RELATIONSHIP_WITH_TRANSFORMATION(#1192) 
SHAPE_REPRESENTATION_RELATIONSHIP() );
#1192 = ITEM_DEFINED_TRANSFORMATION('','',#11,#23);
#1193 = PRODUCT_DEFINITION_SHAPE('Placement','Placement of an item',
  #1194);
#1194 = NEXT_ASSEMBLY_USAGE_OCCURRENCE('15818','Array002','',#5,#1135,$
  );
#1195 = PRODUCT_RELATED_PRODUCT_CATEGORY('part',$,(#1137));
#1196 = SHAPE_DEFINITION_REPRESENTATION(#1197,#1203);
#1197 = PRODUCT_DEFINITION_SHAPE('','',#1198);
#1198 = PRODUCT_DEFINITION('design','',#1199,#1202);
#1199 = PRODUCT_DEFINITION_FORMATION('','',#1200);
#1200 = PRODUCT('Body002 (Mirror #2)','Body002 (Mirror #2)','',(#1201));
#1201 = PRODUCT_CONTEXT('',#2,'mechanical');
#1202 = PRODUCT_DEFINITION_CONTEXT('part definition',#2,'design');
#1203 = ADVANCED_BREP_SHAPE_REPRESENTATION('',(#11,#1204),#1556);
#1204 = MANIFOLD_SOLID_BREP('',#1205);
#1205 = CLOSED_SHELL('',(#1206,#1246,#1277,#1308,#1339,#1372,#1403,#1434
    ,#1465,#1496,#1520,#1538));
#1206 = ADVANCED_FACE('',(#1207),#1241,.T.);
#1207 = FACE_BOUND('',#1208,.F.);
#1208 = EDGE_LOOP('',(#1209,#1219,#1227,#1235));
#1209 = ORIENTED_EDGE('',*,*,#1210,.T.);
#1210 = EDGE_CURVE('',#1211,#1213,#1215,.T.);
#1211 = VERTEX_POINT('',#1212);
#1212 = CARTESIAN_POINT('',(3.8625,1.2225,5.975));
#1213 = VERTEX_POINT('',#1214);
#1214 = CARTESIAN_POINT('',(4.1375,1.2225,5.975));
#1215 = LINE('',#1216,#1217);
#1216 = CARTESIAN_POINT('',(3.8625,1.2225,5.975));
#1217 = VECTOR('',#1218,1.);
#1218 = DIRECTION('',(1.,-2.22044604925E-16,-1.110223024625E-16));
#1219 = ORIENTED_EDGE('',*,*,#1220,.T.);
#1220 = EDGE_CURVE('',#1213,#1221,#1223,.T.);
#1221 = VERTEX_POINT('',#1222);
#1222 = CARTESIAN_POINT('',(4.1375,0.14,5.975));
#1223 = LINE('',#1224,#1225);
#1224 = CARTESIAN_POINT('',(4.1375,1.2225,5.975));
#1225 = VECTOR('',#1226,1.);
#1226 = DIRECTION('',(4.440892098501E-16,-1.,-3.330669073875E-16));
#1227 = ORIENTED_EDGE('',*,*,#1228,.F.);
#1228 = EDGE_CURVE('',#1229,#1221,#1231,.T.);
#1229 = VERTEX_POINT('',#1230);
#1230 = CARTESIAN_POINT('',(3.8625,0.14,5.975));
#1231 = LINE('',#1232,#1233);
#1232 = CARTESIAN_POINT('',(3.8625,0.14,5.975));
#1233 = VECTOR('',#1234,1.);
#1234 = DIRECTION('',(1.,-2.22044604925E-16,-1.110223024625E-16));
#1235 = ORIENTED_EDGE('',*,*,#1236,.F.);
#1236 = EDGE_CURVE('',#1211,#1229,#1237,.T.);
#1237 = LINE('',#1238,#1239);
#1238 = CARTESIAN_POINT('',(3.8625,1.2225,5.975));
#1239 = VECTOR('',#1240,1.);
#1240 = DIRECTION('',(4.440892098501E-16,-1.,-3.330669073875E-16));
#1241 = PLANE('',#1242);
#1242 = AXIS2_PLACEMENT_3D('',#1243,#1244,#1245);
#1243 = CARTESIAN_POINT('',(3.8625,1.2225,5.975));
#1244 = DIRECTION('',(1.110223024625E-16,-3.330669073875E-16,1.));
#1245 = DIRECTION('',(2.465190328816E-32,1.,3.330669073875E-16));
#1246 = ADVANCED_FACE('',(#1247),#1272,.T.);
#1247 = FACE_BOUND('',#1248,.F.);
#1248 = EDGE_LOOP('',(#1249,#1250,#1258,#1266));
#1249 = ORIENTED_EDGE('',*,*,#1228,.T.);
#1250 = ORIENTED_EDGE('',*,*,#1251,.T.);
#1251 = EDGE_CURVE('',#1221,#1252,#1254,.T.);
#1252 = VERTEX_POINT('',#1253);
#1253 = CARTESIAN_POINT('',(4.1375,0.14,6.95));
#1254 = LINE('',#1255,#1256);
#1255 = CARTESIAN_POINT('',(4.1375,0.14,5.975));
#1256 = VECTOR('',#1257,1.);
#1257 = DIRECTION('',(3.330669073875E-16,-1.110223024625E-16,1.));
#1258 = ORIENTED_EDGE('',*,*,#1259,.F.);
#1259 = EDGE_CURVE('',#1260,#1252,#1262,.T.);
#1260 = VERTEX_POINT('',#1261);
#1261 = CARTESIAN_POINT('',(3.8625,0.14,6.95));
#1262 = LINE('',#1263,#1264);
#1263 = CARTESIAN_POINT('',(3.8625,0.14,6.95));
#1264 = VECTOR('',#1265,1.);
#1265 = DIRECTION('',(1.,-2.22044604925E-16,-1.110223024625E-16));
#1266 = ORIENTED_EDGE('',*,*,#1267,.F.);
#1267 = EDGE_CURVE('',#1229,#1260,#1268,.T.);
#1268 = LINE('',#1269,#1270);
#1269 = CARTESIAN_POINT('',(3.8625,0.14,5.975));
#1270 = VECTOR('',#1271,1.);
#1271 = DIRECTION('',(3.330669073875E-16,-1.110223024625E-16,1.));
#1272 = PLANE('',#1273);
#1273 = AXIS2_PLACEMENT_3D('',#1274,#1275,#1276);
#1274 = CARTESIAN_POINT('',(3.8625,0.14,5.975));
#1275 = DIRECTION('',(2.22044604925E-16,1.,1.110223024625E-16));
#1276 = DIRECTION('',(-3.330669073875E-16,1.110223024625E-16,-1.));
#1277 = ADVANCED_FACE('',(#1278),#1303,.T.);
#1278 = FACE_BOUND('',#1279,.F.);
#1279 = EDGE_LOOP('',(#1280,#1281,#1289,#1297));
#1280 = ORIENTED_EDGE('',*,*,#1259,.T.);
#1281 = ORIENTED_EDGE('',*,*,#1282,.T.);
#1282 = EDGE_CURVE('',#1252,#1283,#1285,.T.);
#1283 = VERTEX_POINT('',#1284);
#1284 = CARTESIAN_POINT('',(4.1375,-8.021361352917E-16,6.95));
#1285 = LINE('',#1286,#1287);
#1286 = CARTESIAN_POINT('',(4.1375,0.14,6.95));
#1287 = VECTOR('',#1288,1.);
#1288 = DIRECTION('',(4.440892098501E-16,-1.,-3.330669073875E-16));
#1289 = ORIENTED_EDGE('',*,*,#1290,.F.);
#1290 = EDGE_CURVE('',#1291,#1283,#1293,.T.);
#1291 = VERTEX_POINT('',#1292);
#1292 = CARTESIAN_POINT('',(3.8625,-7.410738689373E-16,6.95));
#1293 = LINE('',#1294,#1295);
#1294 = CARTESIAN_POINT('',(3.8625,-7.410738689373E-16,6.95));
#1295 = VECTOR('',#1296,1.);
#1296 = DIRECTION('',(1.,-2.22044604925E-16,-1.110223024625E-16));
#1297 = ORIENTED_EDGE('',*,*,#1298,.F.);
#1298 = EDGE_CURVE('',#1260,#1291,#1299,.T.);
#1299 = LINE('',#1300,#1301);
#1300 = CARTESIAN_POINT('',(3.8625,0.14,6.95));
#1301 = VECTOR('',#1302,1.);
#1302 = DIRECTION('',(4.440892098501E-16,-1.,-3.330669073875E-16));
#1303 = PLANE('',#1304);
#1304 = AXIS2_PLACEMENT_3D('',#1305,#1306,#1307);
#1305 = CARTESIAN_POINT('',(3.8625,0.14,6.95));
#1306 = DIRECTION('',(1.110223024625E-16,-3.330669073875E-16,1.));
#1307 = DIRECTION('',(2.465190328816E-32,1.,3.330669073875E-16));
#1308 = ADVANCED_FACE('',(#1309),#1334,.T.);
#1309 = FACE_BOUND('',#1310,.F.);
#1310 = EDGE_LOOP('',(#1311,#1312,#1320,#1328));
#1311 = ORIENTED_EDGE('',*,*,#1290,.T.);
#1312 = ORIENTED_EDGE('',*,*,#1313,.T.);
#1313 = EDGE_CURVE('',#1283,#1314,#1316,.T.);
#1314 = VERTEX_POINT('',#1315);
#1315 = CARTESIAN_POINT('',(4.1375,-6.938921564827E-16,5.975));
#1316 = LINE('',#1317,#1318);
#1317 = CARTESIAN_POINT('',(4.1375,-1.690314554992E-15,6.95));
#1318 = VECTOR('',#1319,1.);
#1319 = DIRECTION('',(-3.330669073875E-16,1.110166339489E-16,-1.));
#1320 = ORIENTED_EDGE('',*,*,#1321,.F.);
#1321 = EDGE_CURVE('',#1322,#1314,#1324,.T.);
#1322 = VERTEX_POINT('',#1323);
#1323 = CARTESIAN_POINT('',(3.8625,-6.328298901283E-16,5.975));
#1324 = LINE('',#1325,#1326);
#1325 = CARTESIAN_POINT('',(3.8625,-6.328298901283E-16,5.975));
#1326 = VECTOR('',#1327,1.);
#1327 = DIRECTION('',(1.,-2.22044604925E-16,-1.110223024625E-16));
#1328 = ORIENTED_EDGE('',*,*,#1329,.F.);
#1329 = EDGE_CURVE('',#1291,#1322,#1330,.T.);
#1330 = LINE('',#1331,#1332);
#1331 = CARTESIAN_POINT('',(3.8625,-1.629252288637E-15,6.95));
#1332 = VECTOR('',#1333,1.);
#1333 = DIRECTION('',(-3.330669073875E-16,1.110166339489E-16,-1.));
#1334 = PLANE('',#1335);
#1335 = AXIS2_PLACEMENT_3D('',#1336,#1337,#1338);
#1336 = CARTESIAN_POINT('',(3.8625,-7.410738689373E-16,6.95));
#1337 = DIRECTION('',(-2.22044604925E-16,-1.,-1.110166339489E-16));
#1338 = DIRECTION('',(3.330669073875E-16,-1.110166339489E-16,1.));
#1339 = ADVANCED_FACE('',(#1340),#1367,.T.);
#1340 = FACE_BOUND('',#1341,.T.);
#1341 = EDGE_LOOP('',(#1342,#1352,#1359,#1360));
#1342 = ORIENTED_EDGE('',*,*,#1343,.T.);
#1343 = EDGE_CURVE('',#1344,#1346,#1348,.T.);
#1344 = VERTEX_POINT('',#1345);
#1345 = CARTESIAN_POINT('',(3.8625,0.14,5.835));
#1346 = VERTEX_POINT('',#1347);
#1347 = CARTESIAN_POINT('',(4.1375,0.14,5.835));
#1348 = LINE('',#1349,#1350);
#1349 = CARTESIAN_POINT('',(3.8625,0.14,5.835));
#1350 = VECTOR('',#1351,1.);
#1351 = DIRECTION('',(1.,-2.22044604925E-16,-1.110223024625E-16));
#1352 = ORIENTED_EDGE('',*,*,#1353,.T.);
#1353 = EDGE_CURVE('',#1346,#1314,#1354,.T.);
#1354 = CIRCLE('',#1355,0.14);
#1355 = AXIS2_PLACEMENT_3D('',#1356,#1357,#1358);
#1356 = CARTESIAN_POINT('',(4.1375,0.14,5.975));
#1357 = DIRECTION('',(-1.,-4.440892098501E-16,3.330669073875E-16));
#1358 = DIRECTION('',(-4.440892098501E-16,1.,3.330669073875E-16));
#1359 = ORIENTED_EDGE('',*,*,#1321,.F.);
#1360 = ORIENTED_EDGE('',*,*,#1361,.F.);
#1361 = EDGE_CURVE('',#1344,#1322,#1362,.T.);
#1362 = CIRCLE('',#1363,0.14);
#1363 = AXIS2_PLACEMENT_3D('',#1364,#1365,#1366);
#1364 = CARTESIAN_POINT('',(3.8625,0.14,5.975));
#1365 = DIRECTION('',(-1.,-4.440892098501E-16,3.330669073875E-16));
#1366 = DIRECTION('',(-4.440892098501E-16,1.,3.330669073875E-16));
#1367 = CYLINDRICAL_SURFACE('',#1368,0.14);
#1368 = AXIS2_PLACEMENT_3D('',#1369,#1370,#1371);
#1369 = CARTESIAN_POINT('',(3.8625,0.14,5.975));
#1370 = DIRECTION('',(-1.,-8.628166150855E-32,3.330669073875E-16));
#1371 = DIRECTION('',(2.465190328816E-32,1.,3.330669073875E-16));
#1372 = ADVANCED_FACE('',(#1373),#1398,.T.);
#1373 = FACE_BOUND('',#1374,.F.);
#1374 = EDGE_LOOP('',(#1375,#1376,#1384,#1392));
#1375 = ORIENTED_EDGE('',*,*,#1343,.T.);
#1376 = ORIENTED_EDGE('',*,*,#1377,.T.);
#1377 = EDGE_CURVE('',#1346,#1378,#1380,.T.);
#1378 = VERTEX_POINT('',#1379);
#1379 = CARTESIAN_POINT('',(4.1375,1.2225,5.835));
#1380 = LINE('',#1381,#1382);
#1381 = CARTESIAN_POINT('',(4.1375,0.14,5.835));
#1382 = VECTOR('',#1383,1.);
#1383 = DIRECTION('',(-4.440892098501E-16,1.,3.330669073875E-16));
#1384 = ORIENTED_EDGE('',*,*,#1385,.F.);
#1385 = EDGE_CURVE('',#1386,#1378,#1388,.T.);
#1386 = VERTEX_POINT('',#1387);
#1387 = CARTESIAN_POINT('',(3.8625,1.2225,5.835));
#1388 = LINE('',#1389,#1390);
#1389 = CARTESIAN_POINT('',(3.8625,1.2225,5.835));
#1390 = VECTOR('',#1391,1.);
#1391 = DIRECTION('',(1.,-2.22044604925E-16,-1.110223024625E-16));
#1392 = ORIENTED_EDGE('',*,*,#1393,.F.);
#1393 = EDGE_CURVE('',#1344,#1386,#1394,.T.);
#1394 = LINE('',#1395,#1396);
#1395 = CARTESIAN_POINT('',(3.8625,0.14,5.835));
#1396 = VECTOR('',#1397,1.);
#1397 = DIRECTION('',(-4.440892098501E-16,1.,3.330669073875E-16));
#1398 = PLANE('',#1399);
#1399 = AXIS2_PLACEMENT_3D('',#1400,#1401,#1402);
#1400 = CARTESIAN_POINT('',(3.8625,0.14,5.835));
#1401 = DIRECTION('',(-1.110223024625E-16,3.330669073875E-16,-1.));
#1402 = DIRECTION('',(-2.465190328816E-32,-1.,-3.330669073875E-16));
#1403 = ADVANCED_FACE('',(#1404),#1429,.T.);
#1404 = FACE_BOUND('',#1405,.F.);
#1405 = EDGE_LOOP('',(#1406,#1407,#1415,#1423));
#1406 = ORIENTED_EDGE('',*,*,#1385,.T.);
#1407 = ORIENTED_EDGE('',*,*,#1408,.T.);
#1408 = EDGE_CURVE('',#1378,#1409,#1411,.T.);
#1409 = VERTEX_POINT('',#1410);
#1410 = CARTESIAN_POINT('',(4.1375,1.2225,5.));
#1411 = LINE('',#1412,#1413);
#1412 = CARTESIAN_POINT('',(4.1375,1.2225,5.835));
#1413 = VECTOR('',#1414,1.);
#1414 = DIRECTION('',(-3.330669073875E-16,1.110223024625E-16,-1.));
#1415 = ORIENTED_EDGE('',*,*,#1416,.F.);
#1416 = EDGE_CURVE('',#1417,#1409,#1419,.T.);
#1417 = VERTEX_POINT('',#1418);
#1418 = CARTESIAN_POINT('',(3.8625,1.2225,5.));
#1419 = LINE('',#1420,#1421);
#1420 = CARTESIAN_POINT('',(3.8625,1.2225,5.));
#1421 = VECTOR('',#1422,1.);
#1422 = DIRECTION('',(1.,-2.22044604925E-16,-1.110223024625E-16));
#1423 = ORIENTED_EDGE('',*,*,#1424,.F.);
#1424 = EDGE_CURVE('',#1386,#1417,#1425,.T.);
#1425 = LINE('',#1426,#1427);
#1426 = CARTESIAN_POINT('',(3.8625,1.2225,5.835));
#1427 = VECTOR('',#1428,1.);
#1428 = DIRECTION('',(-3.330669073875E-16,1.110223024625E-16,-1.));
#1429 = PLANE('',#1430);
#1430 = AXIS2_PLACEMENT_3D('',#1431,#1432,#1433);
#1431 = CARTESIAN_POINT('',(3.8625,1.2225,5.835));
#1432 = DIRECTION('',(-2.22044604925E-16,-1.,-1.110223024625E-16));
#1433 = DIRECTION('',(3.330669073875E-16,-1.110223024625E-16,1.));
#1434 = ADVANCED_FACE('',(#1435),#1460,.T.);
#1435 = FACE_BOUND('',#1436,.F.);
#1436 = EDGE_LOOP('',(#1437,#1438,#1446,#1454));
#1437 = ORIENTED_EDGE('',*,*,#1416,.T.);
#1438 = ORIENTED_EDGE('',*,*,#1439,.T.);
#1439 = EDGE_CURVE('',#1409,#1440,#1442,.T.);
#1440 = VERTEX_POINT('',#1441);
#1441 = CARTESIAN_POINT('',(4.1375,1.3625,5.));
#1442 = LINE('',#1443,#1444);
#1443 = CARTESIAN_POINT('',(4.1375,1.2225,5.));
#1444 = VECTOR('',#1445,1.);
#1445 = DIRECTION('',(-4.440892098501E-16,1.,3.330669073875E-16));
#1446 = ORIENTED_EDGE('',*,*,#1447,.F.);
#1447 = EDGE_CURVE('',#1448,#1440,#1450,.T.);
#1448 = VERTEX_POINT('',#1449);
#1449 = CARTESIAN_POINT('',(3.8625,1.3625,5.));
#1450 = LINE('',#1451,#1452);
#1451 = CARTESIAN_POINT('',(3.8625,1.3625,5.));
#1452 = VECTOR('',#1453,1.);
#1453 = DIRECTION('',(1.,-2.22044604925E-16,-1.110223024625E-16));
#1454 = ORIENTED_EDGE('',*,*,#1455,.F.);
#1455 = EDGE_CURVE('',#1417,#1448,#1456,.T.);
#1456 = LINE('',#1457,#1458);
#1457 = CARTESIAN_POINT('',(3.8625,1.2225,5.));
#1458 = VECTOR('',#1459,1.);
#1459 = DIRECTION('',(-4.440892098501E-16,1.,3.330669073875E-16));
#1460 = PLANE('',#1461);
#1461 = AXIS2_PLACEMENT_3D('',#1462,#1463,#1464);
#1462 = CARTESIAN_POINT('',(3.8625,1.2225,5.));
#1463 = DIRECTION('',(-1.110223024625E-16,3.330669073875E-16,-1.));
#1464 = DIRECTION('',(-2.465190328816E-32,-1.,-3.330669073875E-16));
#1465 = ADVANCED_FACE('',(#1466),#1491,.T.);
#1466 = FACE_BOUND('',#1467,.F.);
#1467 = EDGE_LOOP('',(#1468,#1469,#1477,#1485));
#1468 = ORIENTED_EDGE('',*,*,#1447,.T.);
#1469 = ORIENTED_EDGE('',*,*,#1470,.T.);
#1470 = EDGE_CURVE('',#1440,#1471,#1473,.T.);
#1471 = VERTEX_POINT('',#1472);
#1472 = CARTESIAN_POINT('',(4.1375,1.3625,5.835));
#1473 = LINE('',#1474,#1475);
#1474 = CARTESIAN_POINT('',(4.1375,1.3625,5.));
#1475 = VECTOR('',#1476,1.);
#1476 = DIRECTION('',(3.330669073875E-16,-1.110223024625E-16,1.));
#1477 = ORIENTED_EDGE('',*,*,#1478,.F.);
#1478 = EDGE_CURVE('',#1479,#1471,#1481,.T.);
#1479 = VERTEX_POINT('',#1480);
#1480 = CARTESIAN_POINT('',(3.8625,1.3625,5.835));
#1481 = LINE('',#1482,#1483);
#1482 = CARTESIAN_POINT('',(3.8625,1.3625,5.835));
#1483 = VECTOR('',#1484,1.);
#1484 = DIRECTION('',(1.,-2.22044604925E-16,-1.110223024625E-16));
#1485 = ORIENTED_EDGE('',*,*,#1486,.F.);
#1486 = EDGE_CURVE('',#1448,#1479,#1487,.T.);
#1487 = LINE('',#1488,#1489);
#1488 = CARTESIAN_POINT('',(3.8625,1.3625,5.));
#1489 = VECTOR('',#1490,1.);
#1490 = DIRECTION('',(3.330669073875E-16,-1.110223024625E-16,1.));
#1491 = PLANE('',#1492);
#1492 = AXIS2_PLACEMENT_3D('',#1493,#1494,#1495);
#1493 = CARTESIAN_POINT('',(3.8625,1.3625,5.));
#1494 = DIRECTION('',(2.22044604925E-16,1.,1.110223024625E-16));
#1495 = DIRECTION('',(-3.330669073875E-16,1.110223024625E-16,-1.));
#1496 = ADVANCED_FACE('',(#1497),#1515,.T.);
#1497 = FACE_BOUND('',#1498,.T.);
#1498 = EDGE_LOOP('',(#1499,#1500,#1507,#1508));
#1499 = ORIENTED_EDGE('',*,*,#1210,.T.);
#1500 = ORIENTED_EDGE('',*,*,#1501,.T.);
#1501 = EDGE_CURVE('',#1213,#1471,#1502,.T.);
#1502 = CIRCLE('',#1503,0.14);
#1503 = AXIS2_PLACEMENT_3D('',#1504,#1505,#1506);
#1504 = CARTESIAN_POINT('',(4.1375,1.2225,5.835));
#1505 = DIRECTION('',(-1.,-4.440892098501E-16,3.330669073875E-16));
#1506 = DIRECTION('',(-4.440892098501E-16,1.,3.330669073875E-16));
#1507 = ORIENTED_EDGE('',*,*,#1478,.F.);
#1508 = ORIENTED_EDGE('',*,*,#1509,.F.);
#1509 = EDGE_CURVE('',#1211,#1479,#1510,.T.);
#1510 = CIRCLE('',#1511,0.14);
#1511 = AXIS2_PLACEMENT_3D('',#1512,#1513,#1514);
#1512 = CARTESIAN_POINT('',(3.8625,1.2225,5.835));
#1513 = DIRECTION('',(-1.,-4.440892098501E-16,3.330669073875E-16));
#1514 = DIRECTION('',(-4.440892098501E-16,1.,3.330669073875E-16));
#1515 = CYLINDRICAL_SURFACE('',#1516,0.14);
#1516 = AXIS2_PLACEMENT_3D('',#1517,#1518,#1519);
#1517 = CARTESIAN_POINT('',(3.8625,1.2225,5.835));
#1518 = DIRECTION('',(-1.,-8.628166150855E-32,3.330669073875E-16));
#1519 = DIRECTION('',(2.465190328816E-32,1.,3.330669073875E-16));
#1520 = ADVANCED_FACE('',(#1521),#1533,.F.);
#1521 = FACE_BOUND('',#1522,.F.);
#1522 = EDGE_LOOP('',(#1523,#1524,#1525,#1526,#1527,#1528,#1529,#1530,
    #1531,#1532));
#1523 = ORIENTED_EDGE('',*,*,#1236,.T.);
#1524 = ORIENTED_EDGE('',*,*,#1267,.T.);
#1525 = ORIENTED_EDGE('',*,*,#1298,.T.);
#1526 = ORIENTED_EDGE('',*,*,#1329,.T.);
#1527 = ORIENTED_EDGE('',*,*,#1361,.F.);
#1528 = ORIENTED_EDGE('',*,*,#1393,.T.);
#1529 = ORIENTED_EDGE('',*,*,#1424,.T.);
#1530 = ORIENTED_EDGE('',*,*,#1455,.T.);
#1531 = ORIENTED_EDGE('',*,*,#1486,.T.);
#1532 = ORIENTED_EDGE('',*,*,#1509,.F.);
#1533 = PLANE('',#1534);
#1534 = AXIS2_PLACEMENT_3D('',#1535,#1536,#1537);
#1535 = CARTESIAN_POINT('',(3.8625,0.654918485368,5.950016658962));
#1536 = DIRECTION('',(1.,-6.661338147751E-16,-1.110223024625E-16));
#1537 = DIRECTION('',(3.330669073875E-16,-1.110223024625E-16,1.));
#1538 = ADVANCED_FACE('',(#1539),#1551,.T.);
#1539 = FACE_BOUND('',#1540,.T.);
#1540 = EDGE_LOOP('',(#1541,#1542,#1543,#1544,#1545,#1546,#1547,#1548,
    #1549,#1550));
#1541 = ORIENTED_EDGE('',*,*,#1220,.T.);
#1542 = ORIENTED_EDGE('',*,*,#1251,.T.);
#1543 = ORIENTED_EDGE('',*,*,#1282,.T.);
#1544 = ORIENTED_EDGE('',*,*,#1313,.T.);
#1545 = ORIENTED_EDGE('',*,*,#1353,.F.);
#1546 = ORIENTED_EDGE('',*,*,#1377,.T.);
#1547 = ORIENTED_EDGE('',*,*,#1408,.T.);
#1548 = ORIENTED_EDGE('',*,*,#1439,.T.);
#1549 = ORIENTED_EDGE('',*,*,#1470,.T.);
#1550 = ORIENTED_EDGE('',*,*,#1501,.F.);
#1551 = PLANE('',#1552);
#1552 = AXIS2_PLACEMENT_3D('',#1553,#1554,#1555);
#1553 = CARTESIAN_POINT('',(4.1375,0.654918485368,5.950016658962));
#1554 = DIRECTION('',(1.,-6.661338147751E-16,-1.110223024625E-16));
#1555 = DIRECTION('',(3.330669073875E-16,-1.110223024625E-16,1.));
#1556 = ( GEOMETRIC_REPRESENTATION_CONTEXT(3) 
GLOBAL_UNCERTAINTY_ASSIGNED_CONTEXT((#1560)) 
GLOBAL_UNIT_ASSIGNED_CONTEXT((#1557,#1558,#1559)) REPRESENTATION_CONTEXT
('Context #1','3D Context with UNIT and UNCERTAINTY') );
#1557 = ( LENGTH_UNIT() NAMED_UNIT(*) SI_UNIT(.MILLI.,.METRE.) );
#1558 = ( NAMED_UNIT(*) PLANE_ANGLE_UNIT() SI_UNIT($,.RADIAN.) );
#1559 = ( NAMED_UNIT(*) SI_UNIT($,.STERADIAN.) SOLID_ANGLE_UNIT() );
#1560 = UNCERTAINTY_MEASURE_WITH_UNIT(LENGTH_MEASURE(1.E-07),#1557,
  'distance_accuracy_value','confusion accuracy');
#1561 = CONTEXT_DEPENDENT_SHAPE_REPRESENTATION(#1562,#1564);
#1562 = ( REPRESENTATION_RELATIONSHIP('','',#1203,#1140) 
REPRESENTATION_RELATIONSHIP_WITH_TRANSFORMATION(#1563) 
SHAPE_REPRESENTATION_RELATIONSHIP() );
#1563 = ITEM_DEFINED_TRANSFORMATION('','',#11,#1141);
#1564 = PRODUCT_DEFINITION_SHAPE('Placement','Placement of an item',
  #1565);
#1565 = NEXT_ASSEMBLY_USAGE_OCCURRENCE('15807','0','',#1135,#1198,$);
#1566 = PRODUCT_RELATED_PRODUCT_CATEGORY('part',$,(#1200));
#1567 = CONTEXT_DEPENDENT_SHAPE_REPRESENTATION(#1568,#1570);
#1568 = ( REPRESENTATION_RELATIONSHIP('','',#1203,#1140) 
REPRESENTATION_RELATIONSHIP_WITH_TRANSFORMATION(#1569) 
SHAPE_REPRESENTATION_RELATIONSHIP() );
#1569 = ITEM_DEFINED_TRANSFORMATION('','',#11,#1145);
#1570 = PRODUCT_DEFINITION_SHAPE('Placement','Placement of an item',
  #1571);
#1571 = NEXT_ASSEMBLY_USAGE_OCCURRENCE('15808','1','',#1135,#1198,$);
#1572 = CONTEXT_DEPENDENT_SHAPE_REPRESENTATION(#1573,#1575);
#1573 = ( REPRESENTATION_RELATIONSHIP('','',#1203,#1140) 
REPRESENTATION_RELATIONSHIP_WITH_TRANSFORMATION(#1574) 
SHAPE_REPRESENTATION_RELATIONSHIP() );
#1574 = ITEM_DEFINED_TRANSFORMATION('','',#11,#1149);
#1575 = PRODUCT_DEFINITION_SHAPE('Placement','Placement of an item',
  #1576);
#1576 = NEXT_ASSEMBLY_USAGE_OCCURRENCE('15809','2','',#1135,#1198,$);
#1577 = CONTEXT_DEPENDENT_SHAPE_REPRESENTATION(#1578,#1580);
#1578 = ( REPRESENTATION_RELATIONSHIP('','',#1203,#1140) 
REPRESENTATION_RELATIONSHIP_WITH_TRANSFORMATION(#1579) 
SHAPE_REPRESENTATION_RELATIONSHIP() );
#1579 = ITEM_DEFINED_TRANSFORMATION('','',#11,#1153);
#1580 = PRODUCT_DEFINITION_SHAPE('Placement','Placement of an item',
  #1581);
#1581 = NEXT_ASSEMBLY_USAGE_OCCURRENCE('15810','3','',#1135,#1198,$);
#1582 = CONTEXT_DEPENDENT_SHAPE_REPRESENTATION(#1583,#1585);
#1583 = ( REPRESENTATION_RELATIONSHIP('','',#1203,#1140) 
REPRESENTATION_RELATIONSHIP_WITH_TRANSFORMATION(#1584) 
SHAPE_REPRESENTATION_RELATIONSHIP() );
#1584 = ITEM_DEFINED_TRANSFORMATION('','',#11,#1157);
#1585 = PRODUCT_DEFINITION_SHAPE('Placement','Placement of an item',
  #1586);
#1586 = NEXT_ASSEMBLY_USAGE_OCCURRENCE('15811','4','',#1135,#1198,$);
#1587 = CONTEXT_DEPENDENT_SHAPE_REPRESENTATION(#1588,#1590);
#1588 = ( REPRESENTATION_RELATIONSHIP('','',#1203,#1140) 
REPRESENTATION_RELATIONSHIP_WITH_TRANSFORMATION(#1589) 
SHAPE_REPRESENTATION_RELATIONSHIP() );
#1589 = ITEM_DEFINED_TRANSFORMATION('','',#11,#1161);
#1590 = PRODUCT_DEFINITION_SHAPE('Placement','Placement of an item',
  #1591);
#1591 = NEXT_ASSEMBLY_USAGE_OCCURRENCE('15812','5','',#1135,#1198,$);
#1592 = CONTEXT_DEPENDENT_SHAPE_REPRESENTATION(#1593,#1595);
#1593 = ( REPRESENTATION_RELATIONSHIP('','',#1203,#1140) 
REPRESENTATION_RELATIONSHIP_WITH_TRANSFORMATION(#1594) 
SHAPE_REPRESENTATION_RELATIONSHIP() );
#1594 = ITEM_DEFINED_TRANSFORMATION('','',#11,#1165);
#1595 = PRODUCT_DEFINITION_SHAPE('Placement','Placement of an item',
  #1596);
#1596 = NEXT_ASSEMBLY_USAGE_OCCURRENCE('15813','6','',#1135,#1198,$);
#1597 = CONTEXT_DEPENDENT_SHAPE_REPRESENTATION(#1598,#1600);
#1598 = ( REPRESENTATION_RELATIONSHIP('','',#1203,#1140) 
REPRESENTATION_RELATIONSHIP_WITH_TRANSFORMATION(#1599) 
SHAPE_REPRESENTATION_RELATIONSHIP() );
#1599 = ITEM_DEFINED_TRANSFORMATION('','',#11,#1169);
#1600 = PRODUCT_DEFINITION_SHAPE('Placement','Placement of an item',
  #1601);
#1601 = NEXT_ASSEMBLY_USAGE_OCCURRENCE('15814','7','',#1135,#1198,$);
#1602 = CONTEXT_DEPENDENT_SHAPE_REPRESENTATION(#1603,#1605);
#1603 = ( REPRESENTATION_RELATIONSHIP('','',#1203,#1140) 
REPRESENTATION_RELATIONSHIP_WITH_TRANSFORMATION(#1604) 
SHAPE_REPRESENTATION_RELATIONSHIP() );
#1604 = ITEM_DEFINED_TRANSFORMATION('','',#11,#1173);
#1605 = PRODUCT_DEFINITION_SHAPE('Placement','Placement of an item',
  #1606);
#1606 = NEXT_ASSEMBLY_USAGE_OCCURRENCE('15815','8','',#1135,#1198,$);
#1607 = CONTEXT_DEPENDENT_SHAPE_REPRESENTATION(#1608,#1610);
#1608 = ( REPRESENTATION_RELATIONSHIP('','',#1203,#1140) 
REPRESENTATION_RELATIONSHIP_WITH_TRANSFORMATION(#1609) 
SHAPE_REPRESENTATION_RELATIONSHIP() );
#1609 = ITEM_DEFINED_TRANSFORMATION('','',#11,#1177);
#1610 = PRODUCT_DEFINITION_SHAPE('Placement','Placement of an item',
  #1611);
#1611 = NEXT_ASSEMBLY_USAGE_OCCURRENCE('15816','9','',#1135,#1198,$);
#1612 = CONTEXT_DEPENDENT_SHAPE_REPRESENTATION(#1613,#1615);
#1613 = ( REPRESENTATION_RELATIONSHIP('','',#1203,#1140) 
REPRESENTATION_RELATIONSHIP_WITH_TRANSFORMATION(#1614) 
SHAPE_REPRESENTATION_RELATIONSHIP() );
#1614 = ITEM_DEFINED_TRANSFORMATION('','',#11,#1181);
#1615 = PRODUCT_DEFINITION_SHAPE('Placement','Placement of an item',
  #1616);
#1616 = NEXT_ASSEMBLY_USAGE_OCCURRENCE('15817','10','',#1135,#1198,$);
#1617 = SHAPE_DEFINITION_REPRESENTATION(#1618,#1624);
#1618 = PRODUCT_DEFINITION_SHAPE('','',#1619);
#1619 = PRODUCT_DEFINITION('design','',#1620,#1623);
#1620 = PRODUCT_DEFINITION_FORMATION('','',#1621);
#1621 = PRODUCT('Array003','Array003','',(#1622));
#1622 = PRODUCT_CONTEXT('',#2,'mechanical');
#1623 = PRODUCT_DEFINITION_CONTEXT('part definition',#2,'design');
#1624 = SHAPE_REPRESENTATION('',(#11,#1625,#1629,#1633,#1637,#1641,#1645
    ,#1649,#1653,#1657,#1661,#1665),#1669);
#1625 = AXIS2_PLACEMENT_3D('',#1626,#1627,#1628);
#1626 = CARTESIAN_POINT('',(4.,0.,0.));
#1627 = DIRECTION('',(0.,0.,1.));
#1628 = DIRECTION('',(1.,0.,0.));
#1629 = AXIS2_PLACEMENT_3D('',#1630,#1631,#1632);
#1630 = CARTESIAN_POINT('',(3.2,0.,0.));
#1631 = DIRECTION('',(0.,0.,1.));
#1632 = DIRECTION('',(1.,0.,0.));
#1633 = AXIS2_PLACEMENT_3D('',#1634,#1635,#1636);
#1634 = CARTESIAN_POINT('',(2.4,0.,0.));
#1635 = DIRECTION('',(0.,0.,1.));
#1636 = DIRECTION('',(1.,0.,0.));
#1637 = AXIS2_PLACEMENT_3D('',#1638,#1639,#1640);
#1638 = CARTESIAN_POINT('',(1.6,0.,0.));
#1639 = DIRECTION('',(0.,0.,1.));
#1640 = DIRECTION('',(1.,0.,0.));
#1641 = AXIS2_PLACEMENT_3D('',#1642,#1643,#1644);
#1642 = CARTESIAN_POINT('',(0.8,0.,0.));
#1643 = DIRECTION('',(0.,0.,1.));
#1644 = DIRECTION('',(1.,0.,0.));
#1645 = AXIS2_PLACEMENT_3D('',#1646,#1647,#1648);
#1646 = CARTESIAN_POINT('',(0.,0.,0.));
#1647 = DIRECTION('',(0.,0.,1.));
#1648 = DIRECTION('',(1.,0.,0.));
#1649 = AXIS2_PLACEMENT_3D('',#1650,#1651,#1652);
#1650 = CARTESIAN_POINT('',(-0.8,0.,0.));
#1651 = DIRECTION('',(0.,0.,1.));
#1652 = DIRECTION('',(1.,0.,0.));
#1653 = AXIS2_PLACEMENT_3D('',#1654,#1655,#1656);
#1654 = CARTESIAN_POINT('',(-1.6,0.,0.));
#1655 = DIRECTION('',(0.,0.,1.));
#1656 = DIRECTION('',(1.,0.,0.));
#1657 = AXIS2_PLACEMENT_3D('',#1658,#1659,#1660);
#1658 = CARTESIAN_POINT('',(-2.4,0.,0.));
#1659 = DIRECTION('',(0.,0.,1.));
#1660 = DIRECTION('',(1.,0.,0.));
#1661 = AXIS2_PLACEMENT_3D('',#1662,#1663,#1664);
#1662 = CARTESIAN_POINT('',(-3.2,0.,0.));
#1663 = DIRECTION('',(0.,0.,1.));
#1664 = DIRECTION('',(1.,0.,0.));
#1665 = AXIS2_PLACEMENT_3D('',#1666,#1667,#1668);
#1666 = CARTESIAN_POINT('',(-4.,0.,0.));
#1667 = DIRECTION('',(0.,0.,1.));
#1668 = DIRECTION('',(1.,0.,0.));
#1669 = ( GEOMETRIC_REPRESENTATION_CONTEXT(3) 
GLOBAL_UNCERTAINTY_ASSIGNED_CONTEXT((#1673)) 
GLOBAL_UNIT_ASSIGNED_CONTEXT((#1670,#1671,#1672)) REPRESENTATION_CONTEXT
('Context #1','3D Context with UNIT and UNCERTAINTY') );
#1670 = ( LENGTH_UNIT() NAMED_UNIT(*) SI_UNIT(.MILLI.,.METRE.) );
#1671 = ( NAMED_UNIT(*) PLANE_ANGLE_UNIT() SI_UNIT($,.RADIAN.) );
#1672 = ( NAMED_UNIT(*) SI_UNIT($,.STERADIAN.) SOLID_ANGLE_UNIT() );
#1673 = UNCERTAINTY_MEASURE_WITH_UNIT(LENGTH_MEASURE(1.E-07),#1670,
  'distance_accuracy_value','confusion accuracy');
#1674 = CONTEXT_DEPENDENT_SHAPE_REPRESENTATION(#1675,#1677);
#1675 = ( REPRESENTATION_RELATIONSHIP('','',#1624,#10) 
REPRESENTATION_RELATIONSHIP_WITH_TRANSFORMATION(#1676) 
SHAPE_REPRESENTATION_RELATIONSHIP() );
#1676 = ITEM_DEFINED_TRANSFORMATION('','',#11,#27);
#1677 = PRODUCT_DEFINITION_SHAPE('Placement','Placement of an item',
  #1678);
#1678 = NEXT_ASSEMBLY_USAGE_OCCURRENCE('15830','Array003','',#5,#1619,$
  );
#1679 = PRODUCT_RELATED_PRODUCT_CATEGORY('part',$,(#1621));
#1680 = SHAPE_DEFINITION_REPRESENTATION(#1681,#1687);
#1681 = PRODUCT_DEFINITION_SHAPE('','',#1682);
#1682 = PRODUCT_DEFINITION('design','',#1683,#1686);
#1683 = PRODUCT_DEFINITION_FORMATION('','',#1684);
#1684 = PRODUCT('Body002','Body002','',(#1685));
#1685 = PRODUCT_CONTEXT('',#2,'mechanical');
#1686 = PRODUCT_DEFINITION_CONTEXT('part definition',#2,'design');
#1687 = ADVANCED_BREP_SHAPE_REPRESENTATION('',(#11,#1688),#2040);
#1688 = MANIFOLD_SOLID_BREP('',#1689);
#1689 = CLOSED_SHELL('',(#1690,#1730,#1761,#1792,#1823,#1856,#1887,#1918
    ,#1949,#1980,#2004,#2022));
#1690 = ADVANCED_FACE('',(#1691),#1725,.T.);
#1691 = FACE_BOUND('',#1692,.T.);
#1692 = EDGE_LOOP('',(#1693,#1703,#1711,#1719));
#1693 = ORIENTED_EDGE('',*,*,#1694,.T.);
#1694 = EDGE_CURVE('',#1695,#1697,#1699,.T.);
#1695 = VERTEX_POINT('',#1696);
#1696 = CARTESIAN_POINT('',(-0.1375,1.2225,-5.975));
#1697 = VERTEX_POINT('',#1698);
#1698 = CARTESIAN_POINT('',(0.1375,1.2225,-5.975));
#1699 = LINE('',#1700,#1701);
#1700 = CARTESIAN_POINT('',(-0.1375,1.2225,-5.975));
#1701 = VECTOR('',#1702,1.);
#1702 = DIRECTION('',(1.,-2.22044604925E-16,1.110223024625E-16));
#1703 = ORIENTED_EDGE('',*,*,#1704,.T.);
#1704 = EDGE_CURVE('',#1697,#1705,#1707,.T.);
#1705 = VERTEX_POINT('',#1706);
#1706 = CARTESIAN_POINT('',(0.1375,0.14,-5.975));
#1707 = LINE('',#1708,#1709);
#1708 = CARTESIAN_POINT('',(0.1375,1.2225,-5.975));
#1709 = VECTOR('',#1710,1.);
#1710 = DIRECTION('',(2.22044604925E-16,-1.,5.551115123126E-16));
#1711 = ORIENTED_EDGE('',*,*,#1712,.F.);
#1712 = EDGE_CURVE('',#1713,#1705,#1715,.T.);
#1713 = VERTEX_POINT('',#1714);
#1714 = CARTESIAN_POINT('',(-0.1375,0.14,-5.975));
#1715 = LINE('',#1716,#1717);
#1716 = CARTESIAN_POINT('',(-0.1375,0.14,-5.975));
#1717 = VECTOR('',#1718,1.);
#1718 = DIRECTION('',(1.,-2.22044604925E-16,1.110223024625E-16));
#1719 = ORIENTED_EDGE('',*,*,#1720,.F.);
#1720 = EDGE_CURVE('',#1695,#1713,#1721,.T.);
#1721 = LINE('',#1722,#1723);
#1722 = CARTESIAN_POINT('',(-0.1375,1.2225,-5.975));
#1723 = VECTOR('',#1724,1.);
#1724 = DIRECTION('',(2.22044604925E-16,-1.,5.551115123126E-16));
#1725 = PLANE('',#1726);
#1726 = AXIS2_PLACEMENT_3D('',#1727,#1728,#1729);
#1727 = CARTESIAN_POINT('',(-0.1375,1.2225,-5.975));
#1728 = DIRECTION('',(1.110223024625E-16,-3.330669073875E-16,-1.));
#1729 = DIRECTION('',(-2.465190328816E-32,-1.,3.330669073875E-16));
#1730 = ADVANCED_FACE('',(#1731),#1756,.T.);
#1731 = FACE_BOUND('',#1732,.T.);
#1732 = EDGE_LOOP('',(#1733,#1734,#1742,#1750));
#1733 = ORIENTED_EDGE('',*,*,#1712,.T.);
#1734 = ORIENTED_EDGE('',*,*,#1735,.T.);
#1735 = EDGE_CURVE('',#1705,#1736,#1738,.T.);
#1736 = VERTEX_POINT('',#1737);
#1737 = CARTESIAN_POINT('',(0.1375,0.14,-6.95));
#1738 = LINE('',#1739,#1740);
#1739 = CARTESIAN_POINT('',(0.1375,0.14,-5.975));
#1740 = VECTOR('',#1741,1.);
#1741 = DIRECTION('',(5.551115123126E-16,1.110223024625E-16,-1.));
#1742 = ORIENTED_EDGE('',*,*,#1743,.F.);
#1743 = EDGE_CURVE('',#1744,#1736,#1746,.T.);
#1744 = VERTEX_POINT('',#1745);
#1745 = CARTESIAN_POINT('',(-0.1375,0.14,-6.95));
#1746 = LINE('',#1747,#1748);
#1747 = CARTESIAN_POINT('',(-0.1375,0.14,-6.95));
#1748 = VECTOR('',#1749,1.);
#1749 = DIRECTION('',(1.,-2.22044604925E-16,1.110223024625E-16));
#1750 = ORIENTED_EDGE('',*,*,#1751,.F.);
#1751 = EDGE_CURVE('',#1713,#1744,#1752,.T.);
#1752 = LINE('',#1753,#1754);
#1753 = CARTESIAN_POINT('',(-0.1375,0.14,-5.975));
#1754 = VECTOR('',#1755,1.);
#1755 = DIRECTION('',(5.551115123126E-16,1.110223024625E-16,-1.));
#1756 = PLANE('',#1757);
#1757 = AXIS2_PLACEMENT_3D('',#1758,#1759,#1760);
#1758 = CARTESIAN_POINT('',(-0.1375,0.14,-5.975));
#1759 = DIRECTION('',(2.22044604925E-16,1.,-1.110223024625E-16));
#1760 = DIRECTION('',(3.330669073875E-16,-1.110223024625E-16,-1.));
#1761 = ADVANCED_FACE('',(#1762),#1787,.T.);
#1762 = FACE_BOUND('',#1763,.T.);
#1763 = EDGE_LOOP('',(#1764,#1765,#1773,#1781));
#1764 = ORIENTED_EDGE('',*,*,#1743,.T.);
#1765 = ORIENTED_EDGE('',*,*,#1766,.T.);
#1766 = EDGE_CURVE('',#1736,#1767,#1769,.T.);
#1767 = VERTEX_POINT('',#1768);
#1768 = CARTESIAN_POINT('',(0.1375,-8.021361352917E-16,-6.95));
#1769 = LINE('',#1770,#1771);
#1770 = CARTESIAN_POINT('',(0.1375,0.14,-6.95));
#1771 = VECTOR('',#1772,1.);
#1772 = DIRECTION('',(2.22044604925E-16,-1.,5.551115123126E-16));
#1773 = ORIENTED_EDGE('',*,*,#1774,.F.);
#1774 = EDGE_CURVE('',#1775,#1767,#1777,.T.);
#1775 = VERTEX_POINT('',#1776);
#1776 = CARTESIAN_POINT('',(-0.1375,-7.410738689373E-16,-6.95));
#1777 = LINE('',#1778,#1779);
#1778 = CARTESIAN_POINT('',(-0.1375,-7.410738689373E-16,-6.95));
#1779 = VECTOR('',#1780,1.);
#1780 = DIRECTION('',(1.,-2.22044604925E-16,1.110223024625E-16));
#1781 = ORIENTED_EDGE('',*,*,#1782,.F.);
#1782 = EDGE_CURVE('',#1744,#1775,#1783,.T.);
#1783 = LINE('',#1784,#1785);
#1784 = CARTESIAN_POINT('',(-0.1375,0.14,-6.95));
#1785 = VECTOR('',#1786,1.);
#1786 = DIRECTION('',(2.22044604925E-16,-1.,5.551115123126E-16));
#1787 = PLANE('',#1788);
#1788 = AXIS2_PLACEMENT_3D('',#1789,#1790,#1791);
#1789 = CARTESIAN_POINT('',(-0.1375,0.14,-6.95));
#1790 = DIRECTION('',(1.110223024625E-16,-3.330669073875E-16,-1.));
#1791 = DIRECTION('',(-2.465190328816E-32,-1.,3.330669073875E-16));
#1792 = ADVANCED_FACE('',(#1793),#1818,.T.);
#1793 = FACE_BOUND('',#1794,.T.);
#1794 = EDGE_LOOP('',(#1795,#1796,#1804,#1812));
#1795 = ORIENTED_EDGE('',*,*,#1774,.T.);
#1796 = ORIENTED_EDGE('',*,*,#1797,.T.);
#1797 = EDGE_CURVE('',#1767,#1798,#1800,.T.);
#1798 = VERTEX_POINT('',#1799);
#1799 = CARTESIAN_POINT('',(0.1375,-6.938921564827E-16,-5.975));
#1800 = LINE('',#1801,#1802);
#1801 = CARTESIAN_POINT('',(0.1375,7.410738689373E-16,-6.95));
#1802 = VECTOR('',#1803,1.);
#1803 = DIRECTION('',(-5.551115123126E-16,-1.110279709762E-16,1.));
#1804 = ORIENTED_EDGE('',*,*,#1805,.F.);
#1805 = EDGE_CURVE('',#1806,#1798,#1808,.T.);
#1806 = VERTEX_POINT('',#1807);
#1807 = CARTESIAN_POINT('',(-0.1375,-6.328298901283E-16,-5.975));
#1808 = LINE('',#1809,#1810);
#1809 = CARTESIAN_POINT('',(-0.1375,-6.328298901283E-16,-5.975));
#1810 = VECTOR('',#1811,1.);
#1811 = DIRECTION('',(1.,-2.22044604925E-16,1.110223024625E-16));
#1812 = ORIENTED_EDGE('',*,*,#1813,.F.);
#1813 = EDGE_CURVE('',#1775,#1806,#1814,.T.);
#1814 = LINE('',#1815,#1816);
#1815 = CARTESIAN_POINT('',(-0.1375,8.021361352917E-16,-6.95));
#1816 = VECTOR('',#1817,1.);
#1817 = DIRECTION('',(-5.551115123126E-16,-1.110279709762E-16,1.));
#1818 = PLANE('',#1819);
#1819 = AXIS2_PLACEMENT_3D('',#1820,#1821,#1822);
#1820 = CARTESIAN_POINT('',(-0.1375,-7.410738689373E-16,-6.95));
#1821 = DIRECTION('',(-2.22044604925E-16,-1.,1.110166339489E-16));
#1822 = DIRECTION('',(-3.330669073875E-16,1.110166339489E-16,1.));
#1823 = ADVANCED_FACE('',(#1824),#1851,.T.);
#1824 = FACE_BOUND('',#1825,.F.);
#1825 = EDGE_LOOP('',(#1826,#1836,#1843,#1844));
#1826 = ORIENTED_EDGE('',*,*,#1827,.T.);
#1827 = EDGE_CURVE('',#1828,#1830,#1832,.T.);
#1828 = VERTEX_POINT('',#1829);
#1829 = CARTESIAN_POINT('',(-0.1375,0.14,-5.835));
#1830 = VERTEX_POINT('',#1831);
#1831 = CARTESIAN_POINT('',(0.1375,0.14,-5.835));
#1832 = LINE('',#1833,#1834);
#1833 = CARTESIAN_POINT('',(-0.1375,0.14,-5.835));
#1834 = VECTOR('',#1835,1.);
#1835 = DIRECTION('',(1.,-2.22044604925E-16,1.110223024625E-16));
#1836 = ORIENTED_EDGE('',*,*,#1837,.T.);
#1837 = EDGE_CURVE('',#1830,#1798,#1838,.T.);
#1838 = CIRCLE('',#1839,0.14);
#1839 = AXIS2_PLACEMENT_3D('',#1840,#1841,#1842);
#1840 = CARTESIAN_POINT('',(0.1375,0.14,-5.975));
#1841 = DIRECTION('',(1.,2.22044604925E-16,5.551115123126E-16));
#1842 = DIRECTION('',(-2.22044604925E-16,1.,-5.551115123126E-16));
#1843 = ORIENTED_EDGE('',*,*,#1805,.F.);
#1844 = ORIENTED_EDGE('',*,*,#1845,.F.);
#1845 = EDGE_CURVE('',#1828,#1806,#1846,.T.);
#1846 = CIRCLE('',#1847,0.14);
#1847 = AXIS2_PLACEMENT_3D('',#1848,#1849,#1850);
#1848 = CARTESIAN_POINT('',(-0.1375,0.14,-5.975));
#1849 = DIRECTION('',(1.,2.22044604925E-16,5.551115123126E-16));
#1850 = DIRECTION('',(-2.22044604925E-16,1.,-5.551115123126E-16));
#1851 = CYLINDRICAL_SURFACE('',#1852,0.14);
#1852 = AXIS2_PLACEMENT_3D('',#1853,#1854,#1855);
#1853 = CARTESIAN_POINT('',(-0.1375,0.14,-5.975));
#1854 = DIRECTION('',(-1.,-8.628166150855E-32,-3.330669073875E-16));
#1855 = DIRECTION('',(2.465190328816E-32,1.,-3.330669073875E-16));
#1856 = ADVANCED_FACE('',(#1857),#1882,.T.);
#1857 = FACE_BOUND('',#1858,.T.);
#1858 = EDGE_LOOP('',(#1859,#1860,#1868,#1876));
#1859 = ORIENTED_EDGE('',*,*,#1827,.T.);
#1860 = ORIENTED_EDGE('',*,*,#1861,.T.);
#1861 = EDGE_CURVE('',#1830,#1862,#1864,.T.);
#1862 = VERTEX_POINT('',#1863);
#1863 = CARTESIAN_POINT('',(0.1375,1.2225,-5.835));
#1864 = LINE('',#1865,#1866);
#1865 = CARTESIAN_POINT('',(0.1375,0.14,-5.835));
#1866 = VECTOR('',#1867,1.);
#1867 = DIRECTION('',(-2.22044604925E-16,1.,-5.551115123126E-16));
#1868 = ORIENTED_EDGE('',*,*,#1869,.F.);
#1869 = EDGE_CURVE('',#1870,#1862,#1872,.T.);
#1870 = VERTEX_POINT('',#1871);
#1871 = CARTESIAN_POINT('',(-0.1375,1.2225,-5.835));
#1872 = LINE('',#1873,#1874);
#1873 = CARTESIAN_POINT('',(-0.1375,1.2225,-5.835));
#1874 = VECTOR('',#1875,1.);
#1875 = DIRECTION('',(1.,-2.22044604925E-16,1.110223024625E-16));
#1876 = ORIENTED_EDGE('',*,*,#1877,.F.);
#1877 = EDGE_CURVE('',#1828,#1870,#1878,.T.);
#1878 = LINE('',#1879,#1880);
#1879 = CARTESIAN_POINT('',(-0.1375,0.14,-5.835));
#1880 = VECTOR('',#1881,1.);
#1881 = DIRECTION('',(-2.22044604925E-16,1.,-5.551115123126E-16));
#1882 = PLANE('',#1883);
#1883 = AXIS2_PLACEMENT_3D('',#1884,#1885,#1886);
#1884 = CARTESIAN_POINT('',(-0.1375,0.14,-5.835));
#1885 = DIRECTION('',(-1.110223024625E-16,3.330669073875E-16,1.));
#1886 = DIRECTION('',(2.465190328816E-32,1.,-3.330669073875E-16));
#1887 = ADVANCED_FACE('',(#1888),#1913,.T.);
#1888 = FACE_BOUND('',#1889,.T.);
#1889 = EDGE_LOOP('',(#1890,#1891,#1899,#1907));
#1890 = ORIENTED_EDGE('',*,*,#1869,.T.);
#1891 = ORIENTED_EDGE('',*,*,#1892,.T.);
#1892 = EDGE_CURVE('',#1862,#1893,#1895,.T.);
#1893 = VERTEX_POINT('',#1894);
#1894 = CARTESIAN_POINT('',(0.1375,1.2225,-5.));
#1895 = LINE('',#1896,#1897);
#1896 = CARTESIAN_POINT('',(0.1375,1.2225,-5.835));
#1897 = VECTOR('',#1898,1.);
#1898 = DIRECTION('',(-5.551115123126E-16,-1.110223024625E-16,1.));
#1899 = ORIENTED_EDGE('',*,*,#1900,.F.);
#1900 = EDGE_CURVE('',#1901,#1893,#1903,.T.);
#1901 = VERTEX_POINT('',#1902);
#1902 = CARTESIAN_POINT('',(-0.1375,1.2225,-5.));
#1903 = LINE('',#1904,#1905);
#1904 = CARTESIAN_POINT('',(-0.1375,1.2225,-5.));
#1905 = VECTOR('',#1906,1.);
#1906 = DIRECTION('',(1.,-2.22044604925E-16,1.110223024625E-16));
#1907 = ORIENTED_EDGE('',*,*,#1908,.F.);
#1908 = EDGE_CURVE('',#1870,#1901,#1909,.T.);
#1909 = LINE('',#1910,#1911);
#1910 = CARTESIAN_POINT('',(-0.1375,1.2225,-5.835));
#1911 = VECTOR('',#1912,1.);
#1912 = DIRECTION('',(-5.551115123126E-16,-1.110223024625E-16,1.));
#1913 = PLANE('',#1914);
#1914 = AXIS2_PLACEMENT_3D('',#1915,#1916,#1917);
#1915 = CARTESIAN_POINT('',(-0.1375,1.2225,-5.835));
#1916 = DIRECTION('',(-2.22044604925E-16,-1.,1.110223024625E-16));
#1917 = DIRECTION('',(-3.330669073875E-16,1.110223024625E-16,1.));
#1918 = ADVANCED_FACE('',(#1919),#1944,.T.);
#1919 = FACE_BOUND('',#1920,.T.);
#1920 = EDGE_LOOP('',(#1921,#1922,#1930,#1938));
#1921 = ORIENTED_EDGE('',*,*,#1900,.T.);
#1922 = ORIENTED_EDGE('',*,*,#1923,.T.);
#1923 = EDGE_CURVE('',#1893,#1924,#1926,.T.);
#1924 = VERTEX_POINT('',#1925);
#1925 = CARTESIAN_POINT('',(0.1375,1.3625,-5.));
#1926 = LINE('',#1927,#1928);
#1927 = CARTESIAN_POINT('',(0.1375,1.2225,-5.));
#1928 = VECTOR('',#1929,1.);
#1929 = DIRECTION('',(-2.22044604925E-16,1.,-5.551115123126E-16));
#1930 = ORIENTED_EDGE('',*,*,#1931,.F.);
#1931 = EDGE_CURVE('',#1932,#1924,#1934,.T.);
#1932 = VERTEX_POINT('',#1933);
#1933 = CARTESIAN_POINT('',(-0.1375,1.3625,-5.));
#1934 = LINE('',#1935,#1936);
#1935 = CARTESIAN_POINT('',(-0.1375,1.3625,-5.));
#1936 = VECTOR('',#1937,1.);
#1937 = DIRECTION('',(1.,-2.22044604925E-16,1.110223024625E-16));
#1938 = ORIENTED_EDGE('',*,*,#1939,.F.);
#1939 = EDGE_CURVE('',#1901,#1932,#1940,.T.);
#1940 = LINE('',#1941,#1942);
#1941 = CARTESIAN_POINT('',(-0.1375,1.2225,-5.));
#1942 = VECTOR('',#1943,1.);
#1943 = DIRECTION('',(-2.22044604925E-16,1.,-5.551115123126E-16));
#1944 = PLANE('',#1945);
#1945 = AXIS2_PLACEMENT_3D('',#1946,#1947,#1948);
#1946 = CARTESIAN_POINT('',(-0.1375,1.2225,-5.));
#1947 = DIRECTION('',(-1.110223024625E-16,3.330669073875E-16,1.));
#1948 = DIRECTION('',(2.465190328816E-32,1.,-3.330669073875E-16));
#1949 = ADVANCED_FACE('',(#1950),#1975,.T.);
#1950 = FACE_BOUND('',#1951,.T.);
#1951 = EDGE_LOOP('',(#1952,#1953,#1961,#1969));
#1952 = ORIENTED_EDGE('',*,*,#1931,.T.);
#1953 = ORIENTED_EDGE('',*,*,#1954,.T.);
#1954 = EDGE_CURVE('',#1924,#1955,#1957,.T.);
#1955 = VERTEX_POINT('',#1956);
#1956 = CARTESIAN_POINT('',(0.1375,1.3625,-5.835));
#1957 = LINE('',#1958,#1959);
#1958 = CARTESIAN_POINT('',(0.1375,1.3625,-5.));
#1959 = VECTOR('',#1960,1.);
#1960 = DIRECTION('',(5.551115123126E-16,1.110223024625E-16,-1.));
#1961 = ORIENTED_EDGE('',*,*,#1962,.F.);
#1962 = EDGE_CURVE('',#1963,#1955,#1965,.T.);
#1963 = VERTEX_POINT('',#1964);
#1964 = CARTESIAN_POINT('',(-0.1375,1.3625,-5.835));
#1965 = LINE('',#1966,#1967);
#1966 = CARTESIAN_POINT('',(-0.1375,1.3625,-5.835));
#1967 = VECTOR('',#1968,1.);
#1968 = DIRECTION('',(1.,-2.22044604925E-16,1.110223024625E-16));
#1969 = ORIENTED_EDGE('',*,*,#1970,.F.);
#1970 = EDGE_CURVE('',#1932,#1963,#1971,.T.);
#1971 = LINE('',#1972,#1973);
#1972 = CARTESIAN_POINT('',(-0.1375,1.3625,-5.));
#1973 = VECTOR('',#1974,1.);
#1974 = DIRECTION('',(5.551115123126E-16,1.110223024625E-16,-1.));
#1975 = PLANE('',#1976);
#1976 = AXIS2_PLACEMENT_3D('',#1977,#1978,#1979);
#1977 = CARTESIAN_POINT('',(-0.1375,1.3625,-5.));
#1978 = DIRECTION('',(2.22044604925E-16,1.,-1.110223024625E-16));
#1979 = DIRECTION('',(3.330669073875E-16,-1.110223024625E-16,-1.));
#1980 = ADVANCED_FACE('',(#1981),#1999,.T.);
#1981 = FACE_BOUND('',#1982,.F.);
#1982 = EDGE_LOOP('',(#1983,#1984,#1991,#1992));
#1983 = ORIENTED_EDGE('',*,*,#1694,.T.);
#1984 = ORIENTED_EDGE('',*,*,#1985,.T.);
#1985 = EDGE_CURVE('',#1697,#1955,#1986,.T.);
#1986 = CIRCLE('',#1987,0.14);
#1987 = AXIS2_PLACEMENT_3D('',#1988,#1989,#1990);
#1988 = CARTESIAN_POINT('',(0.1375,1.2225,-5.835));
#1989 = DIRECTION('',(1.,2.22044604925E-16,5.551115123126E-16));
#1990 = DIRECTION('',(-2.22044604925E-16,1.,-5.551115123126E-16));
#1991 = ORIENTED_EDGE('',*,*,#1962,.F.);
#1992 = ORIENTED_EDGE('',*,*,#1993,.F.);
#1993 = EDGE_CURVE('',#1695,#1963,#1994,.T.);
#1994 = CIRCLE('',#1995,0.14);
#1995 = AXIS2_PLACEMENT_3D('',#1996,#1997,#1998);
#1996 = CARTESIAN_POINT('',(-0.1375,1.2225,-5.835));
#1997 = DIRECTION('',(1.,2.22044604925E-16,5.551115123126E-16));
#1998 = DIRECTION('',(-2.22044604925E-16,1.,-5.551115123126E-16));
#1999 = CYLINDRICAL_SURFACE('',#2000,0.14);
#2000 = AXIS2_PLACEMENT_3D('',#2001,#2002,#2003);
#2001 = CARTESIAN_POINT('',(-0.1375,1.2225,-5.835));
#2002 = DIRECTION('',(-1.,-8.628166150855E-32,-3.330669073875E-16));
#2003 = DIRECTION('',(2.465190328816E-32,1.,-3.330669073875E-16));
#2004 = ADVANCED_FACE('',(#2005),#2017,.F.);
#2005 = FACE_BOUND('',#2006,.T.);
#2006 = EDGE_LOOP('',(#2007,#2008,#2009,#2010,#2011,#2012,#2013,#2014,
    #2015,#2016));
#2007 = ORIENTED_EDGE('',*,*,#1720,.T.);
#2008 = ORIENTED_EDGE('',*,*,#1751,.T.);
#2009 = ORIENTED_EDGE('',*,*,#1782,.T.);
#2010 = ORIENTED_EDGE('',*,*,#1813,.T.);
#2011 = ORIENTED_EDGE('',*,*,#1845,.F.);
#2012 = ORIENTED_EDGE('',*,*,#1877,.T.);
#2013 = ORIENTED_EDGE('',*,*,#1908,.T.);
#2014 = ORIENTED_EDGE('',*,*,#1939,.T.);
#2015 = ORIENTED_EDGE('',*,*,#1970,.T.);
#2016 = ORIENTED_EDGE('',*,*,#1993,.F.);
#2017 = PLANE('',#2018);
#2018 = AXIS2_PLACEMENT_3D('',#2019,#2020,#2021);
#2019 = CARTESIAN_POINT('',(-0.1375,0.654918485368,-5.950016658962));
#2020 = DIRECTION('',(1.,-4.440892098501E-16,-1.110223024625E-16));
#2021 = DIRECTION('',(-5.551115123126E-16,-1.110223024625E-16,1.));
#2022 = ADVANCED_FACE('',(#2023),#2035,.T.);
#2023 = FACE_BOUND('',#2024,.F.);
#2024 = EDGE_LOOP('',(#2025,#2026,#2027,#2028,#2029,#2030,#2031,#2032,
    #2033,#2034));
#2025 = ORIENTED_EDGE('',*,*,#1704,.T.);
#2026 = ORIENTED_EDGE('',*,*,#1735,.T.);
#2027 = ORIENTED_EDGE('',*,*,#1766,.T.);
#2028 = ORIENTED_EDGE('',*,*,#1797,.T.);
#2029 = ORIENTED_EDGE('',*,*,#1837,.F.);
#2030 = ORIENTED_EDGE('',*,*,#1861,.T.);
#2031 = ORIENTED_EDGE('',*,*,#1892,.T.);
#2032 = ORIENTED_EDGE('',*,*,#1923,.T.);
#2033 = ORIENTED_EDGE('',*,*,#1954,.T.);
#2034 = ORIENTED_EDGE('',*,*,#1985,.F.);
#2035 = PLANE('',#2036);
#2036 = AXIS2_PLACEMENT_3D('',#2037,#2038,#2039);
#2037 = CARTESIAN_POINT('',(0.1375,0.654918485368,-5.950016658962));
#2038 = DIRECTION('',(1.,-4.440892098501E-16,-1.110223024625E-16));
#2039 = DIRECTION('',(-5.551115123126E-16,-1.110223024625E-16,1.));
#2040 = ( GEOMETRIC_REPRESENTATION_CONTEXT(3) 
GLOBAL_UNCERTAINTY_ASSIGNED_CONTEXT((#2044)) 
GLOBAL_UNIT_ASSIGNED_CONTEXT((#2041,#2042,#2043)) REPRESENTATION_CONTEXT
('Context #1','3D Context with UNIT and UNCERTAINTY') );
#2041 = ( LENGTH_UNIT() NAMED_UNIT(*) SI_UNIT(.MILLI.,.METRE.) );
#2042 = ( NAMED_UNIT(*) PLANE_ANGLE_UNIT() SI_UNIT($,.RADIAN.) );
#2043 = ( NAMED_UNIT(*) SI_UNIT($,.STERADIAN.) SOLID_ANGLE_UNIT() );
#2044 = UNCERTAINTY_MEASURE_WITH_UNIT(LENGTH_MEASURE(1.E-07),#2041,
  'distance_accuracy_value','confusion accuracy');
#2045 = CONTEXT_DEPENDENT_SHAPE_REPRESENTATION(#2046,#2048);
#2046 = ( REPRESENTATION_RELATIONSHIP('','',#1687,#1624) 
REPRESENTATION_RELATIONSHIP_WITH_TRANSFORMATION(#2047) 
SHAPE_REPRESENTATION_RELATIONSHIP() );
#2047 = ITEM_DEFINED_TRANSFORMATION('','',#11,#1625);
#2048 = PRODUCT_DEFINITION_SHAPE('Placement','Placement of an item',
  #2049);
#2049 = NEXT_ASSEMBLY_USAGE_OCCURRENCE('15819','0','',#1619,#1682,$);
#2050 = PRODUCT_RELATED_PRODUCT_CATEGORY('part',$,(#1684));
#2051 = CONTEXT_DEPENDENT_SHAPE_REPRESENTATION(#2052,#2054);
#2052 = ( REPRESENTATION_RELATIONSHIP('','',#1687,#1624) 
REPRESENTATION_RELATIONSHIP_WITH_TRANSFORMATION(#2053) 
SHAPE_REPRESENTATION_RELATIONSHIP() );
#2053 = ITEM_DEFINED_TRANSFORMATION('','',#11,#1629);
#2054 = PRODUCT_DEFINITION_SHAPE('Placement','Placement of an item',
  #2055);
#2055 = NEXT_ASSEMBLY_USAGE_OCCURRENCE('15820','1','',#1619,#1682,$);
#2056 = CONTEXT_DEPENDENT_SHAPE_REPRESENTATION(#2057,#2059);
#2057 = ( REPRESENTATION_RELATIONSHIP('','',#1687,#1624) 
REPRESENTATION_RELATIONSHIP_WITH_TRANSFORMATION(#2058) 
SHAPE_REPRESENTATION_RELATIONSHIP() );
#2058 = ITEM_DEFINED_TRANSFORMATION('','',#11,#1633);
#2059 = PRODUCT_DEFINITION_SHAPE('Placement','Placement of an item',
  #2060);
#2060 = NEXT_ASSEMBLY_USAGE_OCCURRENCE('15821','2','',#1619,#1682,$);
#2061 = CONTEXT_DEPENDENT_SHAPE_REPRESENTATION(#2062,#2064);
#2062 = ( REPRESENTATION_RELATIONSHIP('','',#1687,#1624) 
REPRESENTATION_RELATIONSHIP_WITH_TRANSFORMATION(#2063) 
SHAPE_REPRESENTATION_RELATIONSHIP() );
#2063 = ITEM_DEFINED_TRANSFORMATION('','',#11,#1637);
#2064 = PRODUCT_DEFINITION_SHAPE('Placement','Placement of an item',
  #2065);
#2065 = NEXT_ASSEMBLY_USAGE_OCCURRENCE('15822','3','',#1619,#1682,$);
#2066 = CONTEXT_DEPENDENT_SHAPE_REPRESENTATION(#2067,#2069);
#2067 = ( REPRESENTATION_RELATIONSHIP('','',#1687,#1624) 
REPRESENTATION_RELATIONSHIP_WITH_TRANSFORMATION(#2068) 
SHAPE_REPRESENTATION_RELATIONSHIP() );
#2068 = ITEM_DEFINED_TRANSFORMATION('','',#11,#1641);
#2069 = PRODUCT_DEFINITION_SHAPE('Placement','Placement of an item',
  #2070);
#2070 = NEXT_ASSEMBLY_USAGE_OCCURRENCE('15823','4','',#1619,#1682,$);
#2071 = CONTEXT_DEPENDENT_SHAPE_REPRESENTATION(#2072,#2074);
#2072 = ( REPRESENTATION_RELATIONSHIP('','',#1687,#1624) 
REPRESENTATION_RELATIONSHIP_WITH_TRANSFORMATION(#2073) 
SHAPE_REPRESENTATION_RELATIONSHIP() );
#2073 = ITEM_DEFINED_TRANSFORMATION('','',#11,#1645);
#2074 = PRODUCT_DEFINITION_SHAPE('Placement','Placement of an item',
  #2075);
#2075 = NEXT_ASSEMBLY_USAGE_OCCURRENCE('15824','5','',#1619,#1682,$);
#2076 = CONTEXT_DEPENDENT_SHAPE_REPRESENTATION(#2077,#2079);
#2077 = ( REPRESENTATION_RELATIONSHIP('','',#1687,#1624) 
REPRESENTATION_RELATIONSHIP_WITH_TRANSFORMATION(#2078) 
SHAPE_REPRESENTATION_RELATIONSHIP() );
#2078 = ITEM_DEFINED_TRANSFORMATION('','',#11,#1649);
#2079 = PRODUCT_DEFINITION_SHAPE('Placement','Placement of an item',
  #2080);
#2080 = NEXT_ASSEMBLY_USAGE_OCCURRENCE('15825','6','',#1619,#1682,$);
#2081 = CONTEXT_DEPENDENT_SHAPE_REPRESENTATION(#2082,#2084);
#2082 = ( REPRESENTATION_RELATIONSHIP('','',#1687,#1624) 
REPRESENTATION_RELATIONSHIP_WITH_TRANSFORMATION(#2083) 
SHAPE_REPRESENTATION_RELATIONSHIP() );
#2083 = ITEM_DEFINED_TRANSFORMATION('','',#11,#1653);
#2084 = PRODUCT_DEFINITION_SHAPE('Placement','Placement of an item',
  #2085);
#2085 = NEXT_ASSEMBLY_USAGE_OCCURRENCE('15826','7','',#1619,#1682,$);
#2086 = CONTEXT_DEPENDENT_SHAPE_REPRESENTATION(#2087,#2089);
#2087 = ( REPRESENTATION_RELATIONSHIP('','',#1687,#1624) 
REPRESENTATION_RELATIONSHIP_WITH_TRANSFORMATION(#2088) 
SHAPE_REPRESENTATION_RELATIONSHIP() );
#2088 = ITEM_DEFINED_TRANSFORMATION('','',#11,#1657);
#2089 = PRODUCT_DEFINITION_SHAPE('Placement','Placement of an item',
  #2090);
#2090 = NEXT_ASSEMBLY_USAGE_OCCURRENCE('15827','8','',#1619,#1682,$);
#2091 = CONTEXT_DEPENDENT_SHAPE_REPRESENTATION(#2092,#2094);
#2092 = ( REPRESENTATION_RELATIONSHIP('','',#1687,#1624) 
REPRESENTATION_RELATIONSHIP_WITH_TRANSFORMATION(#2093) 
SHAPE_REPRESENTATION_RELATIONSHIP() );
#2093 = ITEM_DEFINED_TRANSFORMATION('','',#11,#1661);
#2094 = PRODUCT_DEFINITION_SHAPE('Placement','Placement of an item',
  #2095);
#2095 = NEXT_ASSEMBLY_USAGE_OCCURRENCE('15828','9','',#1619,#1682,$);
#2096 = CONTEXT_DEPENDENT_SHAPE_REPRESENTATION(#2097,#2099);
#2097 = ( REPRESENTATION_RELATIONSHIP('','',#1687,#1624) 
REPRESENTATION_RELATIONSHIP_WITH_TRANSFORMATION(#2098) 
SHAPE_REPRESENTATION_RELATIONSHIP() );
#2098 = ITEM_DEFINED_TRANSFORMATION('','',#11,#1665);
#2099 = PRODUCT_DEFINITION_SHAPE('Placement','Placement of an item',
  #2100);
#2100 = NEXT_ASSEMBLY_USAGE_OCCURRENCE('15829','10','',#1619,#1682,$);
#2101 = SHAPE_DEFINITION_REPRESENTATION(#2102,#2108);
#2102 = PRODUCT_DEFINITION_SHAPE('','',#2103);
#2103 = PRODUCT_DEFINITION('design','',#2104,#2107);
#2104 = PRODUCT_DEFINITION_FORMATION('','',#2105);
#2105 = PRODUCT('Body','Body','',(#2106));
#2106 = PRODUCT_CONTEXT('',#2,'mechanical');
#2107 = PRODUCT_DEFINITION_CONTEXT('part definition',#2,'design');
#2108 = ADVANCED_BREP_SHAPE_REPRESENTATION('',(#11,#2109),#2496);
#2109 = MANIFOLD_SOLID_BREP('',#2110);
#2110 = CLOSED_SHELL('',(#2111,#2151,#2182,#2213,#2244,#2275,#2299,#2323
    ,#2340,#2362,#2386,#2410,#2438,#2450,#2462,#2487));
#2111 = ADVANCED_FACE('',(#2112),#2146,.T.);
#2112 = FACE_BOUND('',#2113,.T.);
#2113 = EDGE_LOOP('',(#2114,#2124,#2132,#2140));
#2114 = ORIENTED_EDGE('',*,*,#2115,.T.);
#2115 = EDGE_CURVE('',#2116,#2118,#2120,.T.);
#2116 = VERTEX_POINT('',#2117);
#2117 = CARTESIAN_POINT('',(5.,1.2225,5.));
#2118 = VERTEX_POINT('',#2119);
#2119 = CARTESIAN_POINT('',(5.,1.2225,-5.));
#2120 = LINE('',#2121,#2122);
#2121 = CARTESIAN_POINT('',(5.,1.2225,14.442407584004));
#2122 = VECTOR('',#2123,1.);
#2123 = DIRECTION('',(0.,0.,-1.));
#2124 = ORIENTED_EDGE('',*,*,#2125,.T.);
#2125 = EDGE_CURVE('',#2118,#2126,#2128,.T.);
#2126 = VERTEX_POINT('',#2127);
#2127 = CARTESIAN_POINT('',(5.,1.3625,-5.));
#2128 = LINE('',#2129,#2130);
#2129 = CARTESIAN_POINT('',(5.,-1.110223024625E-15,-5.));
#2130 = VECTOR('',#2131,1.);
#2131 = DIRECTION('',(0.,1.,-2.22044604925E-16));
#2132 = ORIENTED_EDGE('',*,*,#2133,.F.);
#2133 = EDGE_CURVE('',#2134,#2126,#2136,.T.);
#2134 = VERTEX_POINT('',#2135);
#2135 = CARTESIAN_POINT('',(5.,1.3625,5.));
#2136 = LINE('',#2137,#2138);
#2137 = CARTESIAN_POINT('',(5.,1.3625,14.442407584004));
#2138 = VECTOR('',#2139,1.);
#2139 = DIRECTION('',(0.,0.,-1.));
#2140 = ORIENTED_EDGE('',*,*,#2141,.F.);
#2141 = EDGE_CURVE('',#2116,#2134,#2142,.T.);
#2142 = LINE('',#2143,#2144);
#2143 = CARTESIAN_POINT('',(5.,1.110223024625E-15,5.));
#2144 = VECTOR('',#2145,1.);
#2145 = DIRECTION('',(0.,1.,-2.22044604925E-16));
#2146 = PLANE('',#2147);
#2147 = AXIS2_PLACEMENT_3D('',#2148,#2149,#2150);
#2148 = CARTESIAN_POINT('',(5.,-1.110223024625E-15,-5.));
#2149 = DIRECTION('',(1.,0.,0.));
#2150 = DIRECTION('',(0.,2.22044604925E-16,1.));
#2151 = ADVANCED_FACE('',(#2152),#2177,.F.);
#2152 = FACE_BOUND('',#2153,.F.);
#2153 = EDGE_LOOP('',(#2154,#2162,#2163,#2171));
#2154 = ORIENTED_EDGE('',*,*,#2155,.F.);
#2155 = EDGE_CURVE('',#2116,#2156,#2158,.T.);
#2156 = VERTEX_POINT('',#2157);
#2157 = CARTESIAN_POINT('',(4.861215925731,0.235,4.861215925731));
#2158 = LINE('',#2159,#2160);
#2159 = CARTESIAN_POINT('',(5.111342775746,2.014745015353,5.111342775746
    ));
#2160 = VECTOR('',#2161,1.);
#2161 = DIRECTION('',(-0.137844537492,-0.980814848464,-0.137844537492));
#2162 = ORIENTED_EDGE('',*,*,#2115,.T.);
#2163 = ORIENTED_EDGE('',*,*,#2164,.T.);
#2164 = EDGE_CURVE('',#2118,#2165,#2167,.T.);
#2165 = VERTEX_POINT('',#2166);
#2166 = CARTESIAN_POINT('',(4.861215925731,0.235,-4.861215925731));
#2167 = LINE('',#2168,#2169);
#2168 = CARTESIAN_POINT('',(4.836920906467,6.213195552271E-02,
    -4.836920906467));
#2169 = VECTOR('',#2170,1.);
#2170 = DIRECTION('',(-0.137844537492,-0.980814848464,0.137844537492));
#2171 = ORIENTED_EDGE('',*,*,#2172,.F.);
#2172 = EDGE_CURVE('',#2156,#2165,#2173,.T.);
#2173 = LINE('',#2174,#2175);
#2174 = CARTESIAN_POINT('',(4.861215925731,0.235,14.442407584004));
#2175 = VECTOR('',#2176,1.);
#2176 = DIRECTION('',(0.,0.,-1.));
#2177 = PLANE('',#2178);
#2178 = AXIS2_PLACEMENT_3D('',#2179,#2180,#2181);
#2179 = CARTESIAN_POINT('',(5.,1.2225,14.442407584004));
#2180 = DIRECTION('',(-0.990268068742,0.13917310096,0.));
#2181 = DIRECTION('',(-0.13917310096,-0.990268068742,0.));
#2182 = ADVANCED_FACE('',(#2183),#2208,.T.);
#2183 = FACE_BOUND('',#2184,.T.);
#2184 = EDGE_LOOP('',(#2185,#2193,#2194,#2202));
#2185 = ORIENTED_EDGE('',*,*,#2186,.F.);
#2186 = EDGE_CURVE('',#2116,#2187,#2189,.T.);
#2187 = VERTEX_POINT('',#2188);
#2188 = CARTESIAN_POINT('',(-5.,1.2225,5.));
#2189 = LINE('',#2190,#2191);
#2190 = CARTESIAN_POINT('',(14.442407584004,1.2225,5.));
#2191 = VECTOR('',#2192,1.);
#2192 = DIRECTION('',(-1.,0.,0.));
#2193 = ORIENTED_EDGE('',*,*,#2141,.T.);
#2194 = ORIENTED_EDGE('',*,*,#2195,.T.);
#2195 = EDGE_CURVE('',#2134,#2196,#2198,.T.);
#2196 = VERTEX_POINT('',#2197);
#2197 = CARTESIAN_POINT('',(-5.,1.3625,5.));
#2198 = LINE('',#2199,#2200);
#2199 = CARTESIAN_POINT('',(14.442407584004,1.3625,5.));
#2200 = VECTOR('',#2201,1.);
#2201 = DIRECTION('',(-1.,0.,0.));
#2202 = ORIENTED_EDGE('',*,*,#2203,.F.);
#2203 = EDGE_CURVE('',#2187,#2196,#2204,.T.);
#2204 = LINE('',#2205,#2206);
#2205 = CARTESIAN_POINT('',(-5.,1.110223024625E-15,5.));
#2206 = VECTOR('',#2207,1.);
#2207 = DIRECTION('',(0.,1.,-2.22044604925E-16));
#2208 = PLANE('',#2209);
#2209 = AXIS2_PLACEMENT_3D('',#2210,#2211,#2212);
#2210 = CARTESIAN_POINT('',(5.,1.110223024625E-15,5.));
#2211 = DIRECTION('',(0.,2.22044604925E-16,1.));
#2212 = DIRECTION('',(-1.,0.,0.));
#2213 = ADVANCED_FACE('',(#2214),#2239,.F.);
#2214 = FACE_BOUND('',#2215,.F.);
#2215 = EDGE_LOOP('',(#2216,#2217,#2225,#2233));
#2216 = ORIENTED_EDGE('',*,*,#2133,.F.);
#2217 = ORIENTED_EDGE('',*,*,#2218,.F.);
#2218 = EDGE_CURVE('',#2219,#2134,#2221,.T.);
#2219 = VERTEX_POINT('',#2220);
#2220 = CARTESIAN_POINT('',(4.86121592578,2.35,4.861215925731));
#2221 = LINE('',#2222,#2223);
#2222 = CARTESIAN_POINT('',(5.111342775678,0.570254984856,5.111342775717
    ));
#2223 = VECTOR('',#2224,1.);
#2224 = DIRECTION('',(0.137844537444,-0.980814848471,0.137844537493));
#2225 = ORIENTED_EDGE('',*,*,#2226,.T.);
#2226 = EDGE_CURVE('',#2219,#2227,#2229,.T.);
#2227 = VERTEX_POINT('',#2228);
#2228 = CARTESIAN_POINT('',(4.86121592578,2.35,-4.861215925731));
#2229 = LINE('',#2230,#2231);
#2230 = CARTESIAN_POINT('',(4.86121592578,2.35,14.442407584004));
#2231 = VECTOR('',#2232,1.);
#2232 = DIRECTION('',(0.,0.,-1.));
#2233 = ORIENTED_EDGE('',*,*,#2234,.T.);
#2234 = EDGE_CURVE('',#2227,#2126,#2235,.T.);
#2235 = LINE('',#2236,#2237);
#2236 = CARTESIAN_POINT('',(4.836920906492,2.522868044712,
    -4.836920906434));
#2237 = VECTOR('',#2238,1.);
#2238 = DIRECTION('',(0.137844537444,-0.980814848471,-0.137844537493));
#2239 = PLANE('',#2240);
#2240 = AXIS2_PLACEMENT_3D('',#2241,#2242,#2243);
#2241 = CARTESIAN_POINT('',(4.86121592578,2.35,14.442407584004));
#2242 = DIRECTION('',(-0.990268068748,-0.139173100912,0.));
#2243 = DIRECTION('',(0.139173100912,-0.990268068748,0.));
#2244 = ADVANCED_FACE('',(#2245),#2270,.T.);
#2245 = FACE_BOUND('',#2246,.T.);
#2246 = EDGE_LOOP('',(#2247,#2255,#2263,#2269));
#2247 = ORIENTED_EDGE('',*,*,#2248,.T.);
#2248 = EDGE_CURVE('',#2118,#2249,#2251,.T.);
#2249 = VERTEX_POINT('',#2250);
#2250 = CARTESIAN_POINT('',(-5.,1.2225,-5.));
#2251 = LINE('',#2252,#2253);
#2252 = CARTESIAN_POINT('',(14.442407584004,1.2225,-5.));
#2253 = VECTOR('',#2254,1.);
#2254 = DIRECTION('',(-1.,0.,0.));
#2255 = ORIENTED_EDGE('',*,*,#2256,.T.);
#2256 = EDGE_CURVE('',#2249,#2257,#2259,.T.);
#2257 = VERTEX_POINT('',#2258);
#2258 = CARTESIAN_POINT('',(-5.,1.3625,-5.));
#2259 = LINE('',#2260,#2261);
#2260 = CARTESIAN_POINT('',(-5.,-1.110223024625E-15,-5.));
#2261 = VECTOR('',#2262,1.);
#2262 = DIRECTION('',(0.,1.,-2.22044604925E-16));
#2263 = ORIENTED_EDGE('',*,*,#2264,.F.);
#2264 = EDGE_CURVE('',#2126,#2257,#2265,.T.);
#2265 = LINE('',#2266,#2267);
#2266 = CARTESIAN_POINT('',(14.442407584004,1.3625,-5.));
#2267 = VECTOR('',#2268,1.);
#2268 = DIRECTION('',(-1.,0.,0.));
#2269 = ORIENTED_EDGE('',*,*,#2125,.F.);
#2270 = PLANE('',#2271);
#2271 = AXIS2_PLACEMENT_3D('',#2272,#2273,#2274);
#2272 = CARTESIAN_POINT('',(-5.,-1.110223024625E-15,-5.));
#2273 = DIRECTION('',(0.,-2.22044604925E-16,-1.));
#2274 = DIRECTION('',(1.,0.,0.));
#2275 = ADVANCED_FACE('',(#2276),#2294,.F.);
#2276 = FACE_BOUND('',#2277,.F.);
#2277 = EDGE_LOOP('',(#2278,#2279,#2287,#2293));
#2278 = ORIENTED_EDGE('',*,*,#2155,.T.);
#2279 = ORIENTED_EDGE('',*,*,#2280,.T.);
#2280 = EDGE_CURVE('',#2156,#2281,#2283,.T.);
#2281 = VERTEX_POINT('',#2282);
#2282 = CARTESIAN_POINT('',(-4.861215925731,0.235,4.861215925731));
#2283 = LINE('',#2284,#2285);
#2284 = CARTESIAN_POINT('',(14.442407584004,0.235,4.861215925731));
#2285 = VECTOR('',#2286,1.);
#2286 = DIRECTION('',(-1.,0.,0.));
#2287 = ORIENTED_EDGE('',*,*,#2288,.F.);
#2288 = EDGE_CURVE('',#2187,#2281,#2289,.T.);
#2289 = LINE('',#2290,#2291);
#2290 = CARTESIAN_POINT('',(-4.836920906467,6.21319555227E-02,
    4.836920906467));
#2291 = VECTOR('',#2292,1.);
#2292 = DIRECTION('',(0.137844537492,-0.980814848464,-0.137844537492));
#2293 = ORIENTED_EDGE('',*,*,#2186,.F.);
#2294 = PLANE('',#2295);
#2295 = AXIS2_PLACEMENT_3D('',#2296,#2297,#2298);
#2296 = CARTESIAN_POINT('',(14.442407584004,0.235,4.861215925731));
#2297 = DIRECTION('',(0.,0.13917310096,-0.990268068742));
#2298 = DIRECTION('',(0.,0.990268068742,0.13917310096));
#2299 = ADVANCED_FACE('',(#2300),#2318,.F.);
#2300 = FACE_BOUND('',#2301,.F.);
#2301 = EDGE_LOOP('',(#2302,#2303,#2304,#2312));
#2302 = ORIENTED_EDGE('',*,*,#2280,.F.);
#2303 = ORIENTED_EDGE('',*,*,#2172,.T.);
#2304 = ORIENTED_EDGE('',*,*,#2305,.T.);
#2305 = EDGE_CURVE('',#2165,#2306,#2308,.T.);
#2306 = VERTEX_POINT('',#2307);
#2307 = CARTESIAN_POINT('',(-4.861215925731,0.235,-4.861215925731));
#2308 = LINE('',#2309,#2310);
#2309 = CARTESIAN_POINT('',(14.442407584004,0.235,-4.861215925731));
#2310 = VECTOR('',#2311,1.);
#2311 = DIRECTION('',(-1.,0.,0.));
#2312 = ORIENTED_EDGE('',*,*,#2313,.F.);
#2313 = EDGE_CURVE('',#2281,#2306,#2314,.T.);
#2314 = LINE('',#2315,#2316);
#2315 = CARTESIAN_POINT('',(-4.861215925731,0.235,14.442407584004));
#2316 = VECTOR('',#2317,1.);
#2317 = DIRECTION('',(0.,0.,-1.));
#2318 = PLANE('',#2319);
#2319 = AXIS2_PLACEMENT_3D('',#2320,#2321,#2322);
#2320 = CARTESIAN_POINT('',(0.,0.235,-5.551115123126E-17));
#2321 = DIRECTION('',(0.,1.,0.));
#2322 = DIRECTION('',(0.,0.,1.));
#2323 = ADVANCED_FACE('',(#2324),#2335,.F.);
#2324 = FACE_BOUND('',#2325,.T.);
#2325 = EDGE_LOOP('',(#2326,#2327,#2328,#2334));
#2326 = ORIENTED_EDGE('',*,*,#2164,.T.);
#2327 = ORIENTED_EDGE('',*,*,#2305,.T.);
#2328 = ORIENTED_EDGE('',*,*,#2329,.F.);
#2329 = EDGE_CURVE('',#2249,#2306,#2330,.T.);
#2330 = LINE('',#2331,#2332);
#2331 = CARTESIAN_POINT('',(-4.562499037188,-1.890481104307,
    -4.562499037188));
#2332 = VECTOR('',#2333,1.);
#2333 = DIRECTION('',(0.137844537492,-0.980814848464,0.137844537492));
#2334 = ORIENTED_EDGE('',*,*,#2248,.F.);
#2335 = PLANE('',#2336);
#2336 = AXIS2_PLACEMENT_3D('',#2337,#2338,#2339);
#2337 = CARTESIAN_POINT('',(14.442407584004,0.235,-4.861215925731));
#2338 = DIRECTION('',(0.,0.13917310096,0.990268068742));
#2339 = DIRECTION('',(0.,-0.990268068742,0.13917310096));
#2340 = ADVANCED_FACE('',(#2341),#2357,.T.);
#2341 = FACE_BOUND('',#2342,.T.);
#2342 = EDGE_LOOP('',(#2343,#2349,#2350,#2356));
#2343 = ORIENTED_EDGE('',*,*,#2344,.F.);
#2344 = EDGE_CURVE('',#2187,#2249,#2345,.T.);
#2345 = LINE('',#2346,#2347);
#2346 = CARTESIAN_POINT('',(-5.,1.2225,14.442407584004));
#2347 = VECTOR('',#2348,1.);
#2348 = DIRECTION('',(0.,0.,-1.));
#2349 = ORIENTED_EDGE('',*,*,#2203,.T.);
#2350 = ORIENTED_EDGE('',*,*,#2351,.T.);
#2351 = EDGE_CURVE('',#2196,#2257,#2352,.T.);
#2352 = LINE('',#2353,#2354);
#2353 = CARTESIAN_POINT('',(-5.,1.3625,14.442407584004));
#2354 = VECTOR('',#2355,1.);
#2355 = DIRECTION('',(0.,0.,-1.));
#2356 = ORIENTED_EDGE('',*,*,#2256,.F.);
#2357 = PLANE('',#2358);
#2358 = AXIS2_PLACEMENT_3D('',#2359,#2360,#2361);
#2359 = CARTESIAN_POINT('',(-5.,1.110223024625E-15,5.));
#2360 = DIRECTION('',(-1.,0.,0.));
#2361 = DIRECTION('',(0.,-2.22044604925E-16,-1.));
#2362 = ADVANCED_FACE('',(#2363),#2381,.F.);
#2363 = FACE_BOUND('',#2364,.F.);
#2364 = EDGE_LOOP('',(#2365,#2366,#2367,#2375));
#2365 = ORIENTED_EDGE('',*,*,#2218,.T.);
#2366 = ORIENTED_EDGE('',*,*,#2195,.T.);
#2367 = ORIENTED_EDGE('',*,*,#2368,.F.);
#2368 = EDGE_CURVE('',#2369,#2196,#2371,.T.);
#2369 = VERTEX_POINT('',#2370);
#2370 = CARTESIAN_POINT('',(-4.86121592578,2.35,4.861215925731));
#2371 = LINE('',#2372,#2373);
#2372 = CARTESIAN_POINT('',(-4.836920906589,2.522868044021,
    4.836920906531));
#2373 = VECTOR('',#2374,1.);
#2374 = DIRECTION('',(-0.137844537444,-0.980814848471,0.137844537493));
#2375 = ORIENTED_EDGE('',*,*,#2376,.F.);
#2376 = EDGE_CURVE('',#2219,#2369,#2377,.T.);
#2377 = LINE('',#2378,#2379);
#2378 = CARTESIAN_POINT('',(14.442407584004,2.35,4.861215925731));
#2379 = VECTOR('',#2380,1.);
#2380 = DIRECTION('',(-1.,0.,0.));
#2381 = PLANE('',#2382);
#2382 = AXIS2_PLACEMENT_3D('',#2383,#2384,#2385);
#2383 = CARTESIAN_POINT('',(14.442407584004,1.3625,5.));
#2384 = DIRECTION('',(0.,-0.13917310096,-0.990268068742));
#2385 = DIRECTION('',(0.,0.990268068742,-0.13917310096));
#2386 = ADVANCED_FACE('',(#2387),#2405,.F.);
#2387 = FACE_BOUND('',#2388,.T.);
#2388 = EDGE_LOOP('',(#2389,#2390,#2391,#2399));
#2389 = ORIENTED_EDGE('',*,*,#2234,.T.);
#2390 = ORIENTED_EDGE('',*,*,#2264,.T.);
#2391 = ORIENTED_EDGE('',*,*,#2392,.F.);
#2392 = EDGE_CURVE('',#2393,#2257,#2395,.T.);
#2393 = VERTEX_POINT('',#2394);
#2394 = CARTESIAN_POINT('',(-4.86121592578,2.35,-4.861215925731));
#2395 = LINE('',#2396,#2397);
#2396 = CARTESIAN_POINT('',(-4.562499037403,4.475481103877,
    -4.562499037248));
#2397 = VECTOR('',#2398,1.);
#2398 = DIRECTION('',(-0.137844537444,-0.980814848471,-0.137844537493));
#2399 = ORIENTED_EDGE('',*,*,#2400,.F.);
#2400 = EDGE_CURVE('',#2227,#2393,#2401,.T.);
#2401 = LINE('',#2402,#2403);
#2402 = CARTESIAN_POINT('',(14.442407584004,2.35,-4.861215925731));
#2403 = VECTOR('',#2404,1.);
#2404 = DIRECTION('',(-1.,0.,0.));
#2405 = PLANE('',#2406);
#2406 = AXIS2_PLACEMENT_3D('',#2407,#2408,#2409);
#2407 = CARTESIAN_POINT('',(14.442407584004,1.3625,-5.));
#2408 = DIRECTION('',(0.,-0.13917310096,0.990268068742));
#2409 = DIRECTION('',(-0.,-0.990268068742,-0.13917310096));
#2410 = ADVANCED_FACE('',(#2411,#2422),#2433,.T.);
#2411 = FACE_BOUND('',#2412,.T.);
#2412 = EDGE_LOOP('',(#2413,#2414,#2415,#2416));
#2413 = ORIENTED_EDGE('',*,*,#2376,.F.);
#2414 = ORIENTED_EDGE('',*,*,#2226,.T.);
#2415 = ORIENTED_EDGE('',*,*,#2400,.T.);
#2416 = ORIENTED_EDGE('',*,*,#2417,.F.);
#2417 = EDGE_CURVE('',#2369,#2393,#2418,.T.);
#2418 = LINE('',#2419,#2420);
#2419 = CARTESIAN_POINT('',(-4.86121592578,2.35,14.442407584004));
#2420 = VECTOR('',#2421,1.);
#2421 = DIRECTION('',(0.,0.,-1.));
#2422 = FACE_BOUND('',#2423,.T.);
#2423 = EDGE_LOOP('',(#2424));
#2424 = ORIENTED_EDGE('',*,*,#2425,.F.);
#2425 = EDGE_CURVE('',#2426,#2426,#2428,.T.);
#2426 = VERTEX_POINT('',#2427);
#2427 = CARTESIAN_POINT('',(-3.116883116883,2.35,-3.571428571429));
#2428 = CIRCLE('',#2429,0.454545454545);
#2429 = AXIS2_PLACEMENT_3D('',#2430,#2431,#2432);
#2430 = CARTESIAN_POINT('',(-3.571428571429,2.35,-3.571428571429));
#2431 = DIRECTION('',(-0.,1.,2.22044604925E-16));
#2432 = DIRECTION('',(1.,0.,0.));
#2433 = PLANE('',#2434);
#2434 = AXIS2_PLACEMENT_3D('',#2435,#2436,#2437);
#2435 = CARTESIAN_POINT('',(0.,2.35,-4.440892098501E-16));
#2436 = DIRECTION('',(0.,1.,0.));
#2437 = DIRECTION('',(0.,0.,1.));
#2438 = ADVANCED_FACE('',(#2439),#2445,.F.);
#2439 = FACE_BOUND('',#2440,.T.);
#2440 = EDGE_LOOP('',(#2441,#2442,#2443,#2444));
#2441 = ORIENTED_EDGE('',*,*,#2288,.F.);
#2442 = ORIENTED_EDGE('',*,*,#2344,.T.);
#2443 = ORIENTED_EDGE('',*,*,#2329,.T.);
#2444 = ORIENTED_EDGE('',*,*,#2313,.F.);
#2445 = PLANE('',#2446);
#2446 = AXIS2_PLACEMENT_3D('',#2447,#2448,#2449);
#2447 = CARTESIAN_POINT('',(-5.,1.2225,14.442407584004));
#2448 = DIRECTION('',(0.990268068742,0.13917310096,0.));
#2449 = DIRECTION('',(-0.13917310096,0.990268068742,0.));
#2450 = ADVANCED_FACE('',(#2451),#2457,.F.);
#2451 = FACE_BOUND('',#2452,.T.);
#2452 = EDGE_LOOP('',(#2453,#2454,#2455,#2456));
#2453 = ORIENTED_EDGE('',*,*,#2351,.F.);
#2454 = ORIENTED_EDGE('',*,*,#2368,.F.);
#2455 = ORIENTED_EDGE('',*,*,#2417,.T.);
#2456 = ORIENTED_EDGE('',*,*,#2392,.T.);
#2457 = PLANE('',#2458);
#2458 = AXIS2_PLACEMENT_3D('',#2459,#2460,#2461);
#2459 = CARTESIAN_POINT('',(-4.86121592578,2.35,14.442407584004));
#2460 = DIRECTION('',(0.990268068748,-0.139173100912,0.));
#2461 = DIRECTION('',(0.139173100912,0.990268068748,0.));
#2462 = ADVANCED_FACE('',(#2463),#2482,.F.);
#2463 = FACE_BOUND('',#2464,.F.);
#2464 = EDGE_LOOP('',(#2465,#2473,#2480,#2481));
#2465 = ORIENTED_EDGE('',*,*,#2466,.T.);
#2466 = EDGE_CURVE('',#2426,#2467,#2469,.T.);
#2467 = VERTEX_POINT('',#2468);
#2468 = CARTESIAN_POINT('',(-3.116883116883,2.193333333333,
    -3.571428571429));
#2469 = LINE('',#2470,#2471);
#2470 = CARTESIAN_POINT('',(-3.116883116883,2.35,-3.571428571429));
#2471 = VECTOR('',#2472,1.);
#2472 = DIRECTION('',(0.,-1.,-2.22044604925E-16));
#2473 = ORIENTED_EDGE('',*,*,#2474,.T.);
#2474 = EDGE_CURVE('',#2467,#2467,#2475,.T.);
#2475 = CIRCLE('',#2476,0.454545454545);
#2476 = AXIS2_PLACEMENT_3D('',#2477,#2478,#2479);
#2477 = CARTESIAN_POINT('',(-3.571428571429,2.193333333333,
    -3.571428571429));
#2478 = DIRECTION('',(-0.,1.,2.22044604925E-16));
#2479 = DIRECTION('',(1.,0.,0.));
#2480 = ORIENTED_EDGE('',*,*,#2466,.F.);
#2481 = ORIENTED_EDGE('',*,*,#2425,.F.);
#2482 = CYLINDRICAL_SURFACE('',#2483,0.454545454545);
#2483 = AXIS2_PLACEMENT_3D('',#2484,#2485,#2486);
#2484 = CARTESIAN_POINT('',(-3.571428571429,2.35,-3.571428571429));
#2485 = DIRECTION('',(0.,1.,2.22044604925E-16));
#2486 = DIRECTION('',(1.,0.,0.));
#2487 = ADVANCED_FACE('',(#2488),#2491,.T.);
#2488 = FACE_BOUND('',#2489,.T.);
#2489 = EDGE_LOOP('',(#2490));
#2490 = ORIENTED_EDGE('',*,*,#2474,.T.);
#2491 = PLANE('',#2492);
#2492 = AXIS2_PLACEMENT_3D('',#2493,#2494,#2495);
#2493 = CARTESIAN_POINT('',(-3.571428571429,2.193333333333,
    -3.571428571429));
#2494 = DIRECTION('',(0.,1.,0.));
#2495 = DIRECTION('',(0.,0.,1.));
#2496 = ( GEOMETRIC_REPRESENTATION_CONTEXT(3) 
GLOBAL_UNCERTAINTY_ASSIGNED_CONTEXT((#2500)) 
GLOBAL_UNIT_ASSIGNED_CONTEXT((#2497,#2498,#2499)) REPRESENTATION_CONTEXT
('Context #1','3D Context with UNIT and UNCERTAINTY') );
#2497 = ( LENGTH_UNIT() NAMED_UNIT(*) SI_UNIT(.MILLI.,.METRE.) );
#2498 = ( NAMED_UNIT(*) PLANE_ANGLE_UNIT() SI_UNIT($,.RADIAN.) );
#2499 = ( NAMED_UNIT(*) SI_UNIT($,.STERADIAN.) SOLID_ANGLE_UNIT() );
#2500 = UNCERTAINTY_MEASURE_WITH_UNIT(LENGTH_MEASURE(1.E-05),#2497,
  'distance_accuracy_value','confusion accuracy');
#2501 = CONTEXT_DEPENDENT_SHAPE_REPRESENTATION(#2502,#2504);
#2502 = ( REPRESENTATION_RELATIONSHIP('','',#2108,#10) 
REPRESENTATION_RELATIONSHIP_WITH_TRANSFORMATION(#2503) 
SHAPE_REPRESENTATION_RELATIONSHIP() );
#2503 = ITEM_DEFINED_TRANSFORMATION('','',#11,#31);
#2504 = PRODUCT_DEFINITION_SHAPE('Placement','Placement of an item',
  #2505);
#2505 = NEXT_ASSEMBLY_USAGE_OCCURRENCE('15831','Body','',#5,#2103,$);
#2506 = PRODUCT_RELATED_PRODUCT_CATEGORY('part',$,(#2105));
#2507 = SHAPE_DEFINITION_REPRESENTATION(#2508,#2514);
#2508 = PRODUCT_DEFINITION_SHAPE('','',#2509);
#2509 = PRODUCT_DEFINITION('design','',#2510,#2513);
#2510 = PRODUCT_DEFINITION_FORMATION('','',#2511);
#2511 = PRODUCT('Body004','Body004','',(#2512));
#2512 = PRODUCT_CONTEXT('',#2,'mechanical');
#2513 = PRODUCT_DEFINITION_CONTEXT('part definition',#2,'design');
#2514 = ADVANCED_BREP_SHAPE_REPRESENTATION('',(#11,#2515),#2568);
#2515 = MANIFOLD_SOLID_BREP('',#2516);
#2516 = CLOSED_SHELL('',(#2517,#2550,#2559));
#2517 = ADVANCED_FACE('',(#2518),#2545,.T.);
#2518 = FACE_BOUND('',#2519,.F.);
#2519 = EDGE_LOOP('',(#2520,#2530,#2537,#2538));
#2520 = ORIENTED_EDGE('',*,*,#2521,.T.);
#2521 = EDGE_CURVE('',#2522,#2524,#2526,.T.);
#2522 = VERTEX_POINT('',#2523);
#2523 = CARTESIAN_POINT('',(-4.025974025974,2.193333333333,
    -3.571428571429));
#2524 = VERTEX_POINT('',#2525);
#2525 = CARTESIAN_POINT('',(-4.025974025974,2.35,-3.571428571429));
#2526 = LINE('',#2527,#2528);
#2527 = CARTESIAN_POINT('',(-4.025974025974,2.193333333333,
    -3.571428571429));
#2528 = VECTOR('',#2529,1.);
#2529 = DIRECTION('',(0.,1.,-2.22044604925E-16));
#2530 = ORIENTED_EDGE('',*,*,#2531,.T.);
#2531 = EDGE_CURVE('',#2524,#2524,#2532,.T.);
#2532 = CIRCLE('',#2533,0.454545454545);
#2533 = AXIS2_PLACEMENT_3D('',#2534,#2535,#2536);
#2534 = CARTESIAN_POINT('',(-3.571428571429,2.35,-3.571428571429));
#2535 = DIRECTION('',(0.,1.,-2.22044604925E-16));
#2536 = DIRECTION('',(-1.,0.,0.));
#2537 = ORIENTED_EDGE('',*,*,#2521,.F.);
#2538 = ORIENTED_EDGE('',*,*,#2539,.F.);
#2539 = EDGE_CURVE('',#2522,#2522,#2540,.T.);
#2540 = CIRCLE('',#2541,0.454545454545);
#2541 = AXIS2_PLACEMENT_3D('',#2542,#2543,#2544);
#2542 = CARTESIAN_POINT('',(-3.571428571429,2.193333333333,
    -3.571428571429));
#2543 = DIRECTION('',(0.,1.,-2.22044604925E-16));
#2544 = DIRECTION('',(-1.,0.,0.));
#2545 = CYLINDRICAL_SURFACE('',#2546,0.454545454545);
#2546 = AXIS2_PLACEMENT_3D('',#2547,#2548,#2549);
#2547 = CARTESIAN_POINT('',(-3.571428571429,2.193333333333,
    -3.571428571429));
#2548 = DIRECTION('',(0.,-1.,2.22044604925E-16));
#2549 = DIRECTION('',(-1.,0.,0.));
#2550 = ADVANCED_FACE('',(#2551),#2554,.F.);
#2551 = FACE_BOUND('',#2552,.F.);
#2552 = EDGE_LOOP('',(#2553));
#2553 = ORIENTED_EDGE('',*,*,#2539,.T.);
#2554 = PLANE('',#2555);
#2555 = AXIS2_PLACEMENT_3D('',#2556,#2557,#2558);
#2556 = CARTESIAN_POINT('',(-3.571428571429,2.193333333333,
    -3.571428571429));
#2557 = DIRECTION('',(0.,1.,0.));
#2558 = DIRECTION('',(0.,0.,1.));
#2559 = ADVANCED_FACE('',(#2560),#2563,.T.);
#2560 = FACE_BOUND('',#2561,.T.);
#2561 = EDGE_LOOP('',(#2562));
#2562 = ORIENTED_EDGE('',*,*,#2531,.T.);
#2563 = PLANE('',#2564);
#2564 = AXIS2_PLACEMENT_3D('',#2565,#2566,#2567);
#2565 = CARTESIAN_POINT('',(-3.571428571429,2.35,-3.571428571429));
#2566 = DIRECTION('',(0.,1.,0.));
#2567 = DIRECTION('',(0.,0.,1.));
#2568 = ( GEOMETRIC_REPRESENTATION_CONTEXT(3) 
GLOBAL_UNCERTAINTY_ASSIGNED_CONTEXT((#2572)) 
GLOBAL_UNIT_ASSIGNED_CONTEXT((#2569,#2570,#2571)) REPRESENTATION_CONTEXT
('Context #1','3D Context with UNIT and UNCERTAINTY') );
#2569 = ( LENGTH_UNIT() NAMED_UNIT(*) SI_UNIT(.MILLI.,.METRE.) );
#2570 = ( NAMED_UNIT(*) PLANE_ANGLE_UNIT() SI_UNIT($,.RADIAN.) );
#2571 = ( NAMED_UNIT(*) SI_UNIT($,.STERADIAN.) SOLID_ANGLE_UNIT() );
#2572 = UNCERTAINTY_MEASURE_WITH_UNIT(LENGTH_MEASURE(1.E-07),#2569,
  'distance_accuracy_value','confusion accuracy');
#2573 = CONTEXT_DEPENDENT_SHAPE_REPRESENTATION(#2574,#2576);
#2574 = ( REPRESENTATION_RELATIONSHIP('','',#2514,#10) 
REPRESENTATION_RELATIONSHIP_WITH_TRANSFORMATION(#2575) 
SHAPE_REPRESENTATION_RELATIONSHIP() );
#2575 = ITEM_DEFINED_TRANSFORMATION('','',#11,#35);
#2576 = PRODUCT_DEFINITION_SHAPE('Placement','Placement of an item',
  #2577);
#2577 = NEXT_ASSEMBLY_USAGE_OCCURRENCE('15832','Body004','',#5,#2509,$);
#2578 = PRODUCT_RELATED_PRODUCT_CATEGORY('part',$,(#2511));
#2579 = SHAPE_DEFINITION_REPRESENTATION(#2580,#2586);
#2580 = PRODUCT_DEFINITION_SHAPE('','',#2581);
#2581 = PRODUCT_DEFINITION('design','',#2582,#2585);
#2582 = PRODUCT_DEFINITION_FORMATION('','',#2583);
#2583 = PRODUCT('XY-plane','XY-plane','',(#2584));
#2584 = PRODUCT_CONTEXT('',#2,'mechanical');
#2585 = PRODUCT_DEFINITION_CONTEXT('part definition',#2,'design');
#2586 = MANIFOLD_SURFACE_SHAPE_REPRESENTATION('',(#11),#2587);
#2587 = ( GEOMETRIC_REPRESENTATION_CONTEXT(3) 
GLOBAL_UNCERTAINTY_ASSIGNED_CONTEXT((#2591)) 
GLOBAL_UNIT_ASSIGNED_CONTEXT((#2588,#2589,#2590)) REPRESENTATION_CONTEXT
('Context #1','3D Context with UNIT and UNCERTAINTY') );
#2588 = ( LENGTH_UNIT() NAMED_UNIT(*) SI_UNIT(.MILLI.,.METRE.) );
#2589 = ( NAMED_UNIT(*) PLANE_ANGLE_UNIT() SI_UNIT($,.RADIAN.) );
#2590 = ( NAMED_UNIT(*) SI_UNIT($,.STERADIAN.) SOLID_ANGLE_UNIT() );
#2591 = UNCERTAINTY_MEASURE_WITH_UNIT(LENGTH_MEASURE(1.E-07),#2588,
  'distance_accuracy_value','confusion accuracy');
#2592 = CONTEXT_DEPENDENT_SHAPE_REPRESENTATION(#2593,#2595);
#2593 = ( REPRESENTATION_RELATIONSHIP('','',#2586,#10) 
REPRESENTATION_RELATIONSHIP_WITH_TRANSFORMATION(#2594) 
SHAPE_REPRESENTATION_RELATIONSHIP() );
#2594 = ITEM_DEFINED_TRANSFORMATION('','',#11,#39);
#2595 = PRODUCT_DEFINITION_SHAPE('Placement','Placement of an item',
  #2596);
#2596 = NEXT_ASSEMBLY_USAGE_OCCURRENCE('15833','XY-plane','',#5,#2581,$
  );
#2597 = PRODUCT_RELATED_PRODUCT_CATEGORY('part',$,(#2583));
#2598 = CONTEXT_DEPENDENT_SHAPE_REPRESENTATION(#2599,#2601);
#2599 = ( REPRESENTATION_RELATIONSHIP('','',#2586,#10) 
REPRESENTATION_RELATIONSHIP_WITH_TRANSFORMATION(#2600) 
SHAPE_REPRESENTATION_RELATIONSHIP() );
#2600 = ITEM_DEFINED_TRANSFORMATION('','',#11,#43);
#2601 = PRODUCT_DEFINITION_SHAPE('Placement','Placement of an item',
  #2602);
#2602 = NEXT_ASSEMBLY_USAGE_OCCURRENCE('15834','XY-plane001','',#5,#2581
  ,$);
#2603 = CONTEXT_DEPENDENT_SHAPE_REPRESENTATION(#2604,#2606);
#2604 = ( REPRESENTATION_RELATIONSHIP('','',#2586,#10) 
REPRESENTATION_RELATIONSHIP_WITH_TRANSFORMATION(#2605) 
SHAPE_REPRESENTATION_RELATIONSHIP() );
#2605 = ITEM_DEFINED_TRANSFORMATION('','',#11,#47);
#2606 = PRODUCT_DEFINITION_SHAPE('Placement','Placement of an item',
  #2607);
#2607 = NEXT_ASSEMBLY_USAGE_OCCURRENCE('15835','XY-plane002','',#5,#2581
  ,$);
#2608 = CONTEXT_DEPENDENT_SHAPE_REPRESENTATION(#2609,#2611);
#2609 = ( REPRESENTATION_RELATIONSHIP('','',#2586,#10) 
REPRESENTATION_RELATIONSHIP_WITH_TRANSFORMATION(#2610) 
SHAPE_REPRESENTATION_RELATIONSHIP() );
#2610 = ITEM_DEFINED_TRANSFORMATION('','',#11,#51);
#2611 = PRODUCT_DEFINITION_SHAPE('Placement','Placement of an item',
  #2612);
#2612 = NEXT_ASSEMBLY_USAGE_OCCURRENCE('15836','XY-plane003','',#5,#2581
  ,$);
#2613 = CONTEXT_DEPENDENT_SHAPE_REPRESENTATION(#2614,#2616);
#2614 = ( REPRESENTATION_RELATIONSHIP('','',#2586,#10) 
REPRESENTATION_RELATIONSHIP_WITH_TRANSFORMATION(#2615) 
SHAPE_REPRESENTATION_RELATIONSHIP() );
#2615 = ITEM_DEFINED_TRANSFORMATION('','',#11,#55);
#2616 = PRODUCT_DEFINITION_SHAPE('Placement','Placement of an item',
  #2617);
#2617 = NEXT_ASSEMBLY_USAGE_OCCURRENCE('15837','XY-plane004','',#5,#2581
  ,$);
#2618 = CONTEXT_DEPENDENT_SHAPE_REPRESENTATION(#2619,#2621);
#2619 = ( REPRESENTATION_RELATIONSHIP('','',#2586,#10) 
REPRESENTATION_RELATIONSHIP_WITH_TRANSFORMATION(#2620) 
SHAPE_REPRESENTATION_RELATIONSHIP() );
#2620 = ITEM_DEFINED_TRANSFORMATION('','',#11,#59);
#2621 = PRODUCT_DEFINITION_SHAPE('Placement','Placement of an item',
  #2622);
#2622 = NEXT_ASSEMBLY_USAGE_OCCURRENCE('15838','XZ-plane','',#5,#2581,$
  );
#2623 = CONTEXT_DEPENDENT_SHAPE_REPRESENTATION(#2624,#2626);
#2624 = ( REPRESENTATION_RELATIONSHIP('','',#2586,#10) 
REPRESENTATION_RELATIONSHIP_WITH_TRANSFORMATION(#2625) 
SHAPE_REPRESENTATION_RELATIONSHIP() );
#2625 = ITEM_DEFINED_TRANSFORMATION('','',#11,#63);
#2626 = PRODUCT_DEFINITION_SHAPE('Placement','Placement of an item',
  #2627);
#2627 = NEXT_ASSEMBLY_USAGE_OCCURRENCE('15839','XZ-plane001','',#5,#2581
  ,$);
#2628 = CONTEXT_DEPENDENT_SHAPE_REPRESENTATION(#2629,#2631);
#2629 = ( REPRESENTATION_RELATIONSHIP('','',#2586,#10) 
REPRESENTATION_RELATIONSHIP_WITH_TRANSFORMATION(#2630) 
SHAPE_REPRESENTATION_RELATIONSHIP() );
#2630 = ITEM_DEFINED_TRANSFORMATION('','',#11,#67);
#2631 = PRODUCT_DEFINITION_SHAPE('Placement','Placement of an item',
  #2632);
#2632 = NEXT_ASSEMBLY_USAGE_OCCURRENCE('15840','XZ-plane002','',#5,#2581
  ,$);
#2633 = CONTEXT_DEPENDENT_SHAPE_REPRESENTATION(#2634,#2636);
#2634 = ( REPRESENTATION_RELATIONSHIP('','',#2586,#10) 
REPRESENTATION_RELATIONSHIP_WITH_TRANSFORMATION(#2635) 
SHAPE_REPRESENTATION_RELATIONSHIP() );
#2635 = ITEM_DEFINED_TRANSFORMATION('','',#11,#71);
#2636 = PRODUCT_DEFINITION_SHAPE('Placement','Placement of an item',
  #2637);
#2637 = NEXT_ASSEMBLY_USAGE_OCCURRENCE('15841','XZ-plane003','',#5,#2581
  ,$);
#2638 = CONTEXT_DEPENDENT_SHAPE_REPRESENTATION(#2639,#2641);
#2639 = ( REPRESENTATION_RELATIONSHIP('','',#2586,#10) 
REPRESENTATION_RELATIONSHIP_WITH_TRANSFORMATION(#2640) 
SHAPE_REPRESENTATION_RELATIONSHIP() );
#2640 = ITEM_DEFINED_TRANSFORMATION('','',#11,#75);
#2641 = PRODUCT_DEFINITION_SHAPE('Placement','Placement of an item',
  #2642);
#2642 = NEXT_ASSEMBLY_USAGE_OCCURRENCE('15842','XZ-plane004','',#5,#2581
  ,$);
#2643 = SHAPE_DEFINITION_REPRESENTATION(#2644,#2650);
#2644 = PRODUCT_DEFINITION_SHAPE('','',#2645);
#2645 = PRODUCT_DEFINITION('design','',#2646,#2649);
#2646 = PRODUCT_DEFINITION_FORMATION('','',#2647);
#2647 = PRODUCT('X-axis','X-axis','',(#2648));
#2648 = PRODUCT_CONTEXT('',#2,'mechanical');
#2649 = PRODUCT_DEFINITION_CONTEXT('part definition',#2,'design');
#2650 = GEOMETRICALLY_BOUNDED_WIREFRAME_SHAPE_REPRESENTATION('',(#11,
    #2651),#2656);
#2651 = GEOMETRIC_CURVE_SET('',(#2652));
#2652 = LINE('',#2653,#2654);
#2653 = CARTESIAN_POINT('',(0.,0.,0.));
#2654 = VECTOR('',#2655,1.);
#2655 = DIRECTION('',(1.,0.,0.));
#2656 = ( GEOMETRIC_REPRESENTATION_CONTEXT(3) 
GLOBAL_UNCERTAINTY_ASSIGNED_CONTEXT((#2660)) 
GLOBAL_UNIT_ASSIGNED_CONTEXT((#2657,#2658,#2659)) REPRESENTATION_CONTEXT
('Context #1','3D Context with UNIT and UNCERTAINTY') );
#2657 = ( LENGTH_UNIT() NAMED_UNIT(*) SI_UNIT(.MILLI.,.METRE.) );
#2658 = ( NAMED_UNIT(*) PLANE_ANGLE_UNIT() SI_UNIT($,.RADIAN.) );
#2659 = ( NAMED_UNIT(*) SI_UNIT($,.STERADIAN.) SOLID_ANGLE_UNIT() );
#2660 = UNCERTAINTY_MEASURE_WITH_UNIT(LENGTH_MEASURE(1.E-07),#2657,
  'distance_accuracy_value','confusion accuracy');
#2661 = CONTEXT_DEPENDENT_SHAPE_REPRESENTATION(#2662,#2664);
#2662 = ( REPRESENTATION_RELATIONSHIP('','',#2650,#10) 
REPRESENTATION_RELATIONSHIP_WITH_TRANSFORMATION(#2663) 
SHAPE_REPRESENTATION_RELATIONSHIP() );
#2663 = ITEM_DEFINED_TRANSFORMATION('','',#11,#79);
#2664 = PRODUCT_DEFINITION_SHAPE('Placement','Placement of an item',
  #2665);
#2665 = NEXT_ASSEMBLY_USAGE_OCCURRENCE('15843','X-axis','',#5,#2645,$);
#2666 = PRODUCT_RELATED_PRODUCT_CATEGORY('part',$,(#2647));
#2667 = CONTEXT_DEPENDENT_SHAPE_REPRESENTATION(#2668,#2670);
#2668 = ( REPRESENTATION_RELATIONSHIP('','',#2650,#10) 
REPRESENTATION_RELATIONSHIP_WITH_TRANSFORMATION(#2669) 
SHAPE_REPRESENTATION_RELATIONSHIP() );
#2669 = ITEM_DEFINED_TRANSFORMATION('','',#11,#83);
#2670 = PRODUCT_DEFINITION_SHAPE('Placement','Placement of an item',
  #2671);
#2671 = NEXT_ASSEMBLY_USAGE_OCCURRENCE('15844','X-axis001','',#5,#2645,$
  );
#2672 = CONTEXT_DEPENDENT_SHAPE_REPRESENTATION(#2673,#2675);
#2673 = ( REPRESENTATION_RELATIONSHIP('','',#2650,#10) 
REPRESENTATION_RELATIONSHIP_WITH_TRANSFORMATION(#2674) 
SHAPE_REPRESENTATION_RELATIONSHIP() );
#2674 = ITEM_DEFINED_TRANSFORMATION('','',#11,#87);
#2675 = PRODUCT_DEFINITION_SHAPE('Placement','Placement of an item',
  #2676);
#2676 = NEXT_ASSEMBLY_USAGE_OCCURRENCE('15845','X-axis002','',#5,#2645,$
  );
#2677 = CONTEXT_DEPENDENT_SHAPE_REPRESENTATION(#2678,#2680);
#2678 = ( REPRESENTATION_RELATIONSHIP('','',#2650,#10) 
REPRESENTATION_RELATIONSHIP_WITH_TRANSFORMATION(#2679) 
SHAPE_REPRESENTATION_RELATIONSHIP() );
#2679 = ITEM_DEFINED_TRANSFORMATION('','',#11,#91);
#2680 = PRODUCT_DEFINITION_SHAPE('Placement','Placement of an item',
  #2681);
#2681 = NEXT_ASSEMBLY_USAGE_OCCURRENCE('15846','X-axis003','',#5,#2645,$
  );
#2682 = CONTEXT_DEPENDENT_SHAPE_REPRESENTATION(#2683,#2685);
#2683 = ( REPRESENTATION_RELATIONSHIP('','',#2650,#10) 
REPRESENTATION_RELATIONSHIP_WITH_TRANSFORMATION(#2684) 
SHAPE_REPRESENTATION_RELATIONSHIP() );
#2684 = ITEM_DEFINED_TRANSFORMATION('','',#11,#95);
#2685 = PRODUCT_DEFINITION_SHAPE('Placement','Placement of an item',
  #2686);
#2686 = NEXT_ASSEMBLY_USAGE_OCCURRENCE('15847','X-axis004','',#5,#2645,$
  );
#2687 = CONTEXT_DEPENDENT_SHAPE_REPRESENTATION(#2688,#2690);
#2688 = ( REPRESENTATION_RELATIONSHIP('','',#2586,#10) 
REPRESENTATION_RELATIONSHIP_WITH_TRANSFORMATION(#2689) 
SHAPE_REPRESENTATION_RELATIONSHIP() );
#2689 = ITEM_DEFINED_TRANSFORMATION('','',#11,#99);
#2690 = PRODUCT_DEFINITION_SHAPE('Placement','Placement of an item',
  #2691);
#2691 = NEXT_ASSEMBLY_USAGE_OCCURRENCE('15848','YZ-plane','',#5,#2581,$
  );
#2692 = CONTEXT_DEPENDENT_SHAPE_REPRESENTATION(#2693,#2695);
#2693 = ( REPRESENTATION_RELATIONSHIP('','',#2586,#10) 
REPRESENTATION_RELATIONSHIP_WITH_TRANSFORMATION(#2694) 
SHAPE_REPRESENTATION_RELATIONSHIP() );
#2694 = ITEM_DEFINED_TRANSFORMATION('','',#11,#103);
#2695 = PRODUCT_DEFINITION_SHAPE('Placement','Placement of an item',
  #2696);
#2696 = NEXT_ASSEMBLY_USAGE_OCCURRENCE('15849','YZ-plane001','',#5,#2581
  ,$);
#2697 = CONTEXT_DEPENDENT_SHAPE_REPRESENTATION(#2698,#2700);
#2698 = ( REPRESENTATION_RELATIONSHIP('','',#2586,#10) 
REPRESENTATION_RELATIONSHIP_WITH_TRANSFORMATION(#2699) 
SHAPE_REPRESENTATION_RELATIONSHIP() );
#2699 = ITEM_DEFINED_TRANSFORMATION('','',#11,#107);
#2700 = PRODUCT_DEFINITION_SHAPE('Placement','Placement of an item',
  #2701);
#2701 = NEXT_ASSEMBLY_USAGE_OCCURRENCE('15850','YZ-plane002','',#5,#2581
  ,$);
#2702 = CONTEXT_DEPENDENT_SHAPE_REPRESENTATION(#2703,#2705);
#2703 = ( REPRESENTATION_RELATIONSHIP('','',#2586,#10) 
REPRESENTATION_RELATIONSHIP_WITH_TRANSFORMATION(#2704) 
SHAPE_REPRESENTATION_RELATIONSHIP() );
#2704 = ITEM_DEFINED_TRANSFORMATION('','',#11,#111);
#2705 = PRODUCT_DEFINITION_SHAPE('Placement','Placement of an item',
  #2706);
#2706 = NEXT_ASSEMBLY_USAGE_OCCURRENCE('15851','YZ-plane003','',#5,#2581
  ,$);
#2707 = CONTEXT_DEPENDENT_SHAPE_REPRESENTATION(#2708,#2710);
#2708 = ( REPRESENTATION_RELATIONSHIP('','',#2586,#10) 
REPRESENTATION_RELATIONSHIP_WITH_TRANSFORMATION(#2709) 
SHAPE_REPRESENTATION_RELATIONSHIP() );
#2709 = ITEM_DEFINED_TRANSFORMATION('','',#11,#115);
#2710 = PRODUCT_DEFINITION_SHAPE('Placement','Placement of an item',
  #2711);
#2711 = NEXT_ASSEMBLY_USAGE_OCCURRENCE('15852','YZ-plane004','',#5,#2581
  ,$);
#2712 = CONTEXT_DEPENDENT_SHAPE_REPRESENTATION(#2713,#2715);
#2713 = ( REPRESENTATION_RELATIONSHIP('','',#2650,#10) 
REPRESENTATION_RELATIONSHIP_WITH_TRANSFORMATION(#2714) 
SHAPE_REPRESENTATION_RELATIONSHIP() );
#2714 = ITEM_DEFINED_TRANSFORMATION('','',#11,#119);
#2715 = PRODUCT_DEFINITION_SHAPE('Placement','Placement of an item',
  #2716);
#2716 = NEXT_ASSEMBLY_USAGE_OCCURRENCE('15853','Y-axis','',#5,#2645,$);
#2717 = CONTEXT_DEPENDENT_SHAPE_REPRESENTATION(#2718,#2720);
#2718 = ( REPRESENTATION_RELATIONSHIP('','',#2650,#10) 
REPRESENTATION_RELATIONSHIP_WITH_TRANSFORMATION(#2719) 
SHAPE_REPRESENTATION_RELATIONSHIP() );
#2719 = ITEM_DEFINED_TRANSFORMATION('','',#11,#123);
#2720 = PRODUCT_DEFINITION_SHAPE('Placement','Placement of an item',
  #2721);
#2721 = NEXT_ASSEMBLY_USAGE_OCCURRENCE('15854','Y-axis001','',#5,#2645,$
  );
#2722 = CONTEXT_DEPENDENT_SHAPE_REPRESENTATION(#2723,#2725);
#2723 = ( REPRESENTATION_RELATIONSHIP('','',#2650,#10) 
REPRESENTATION_RELATIONSHIP_WITH_TRANSFORMATION(#2724) 
SHAPE_REPRESENTATION_RELATIONSHIP() );
#2724 = ITEM_DEFINED_TRANSFORMATION('','',#11,#127);
#2725 = PRODUCT_DEFINITION_SHAPE('Placement','Placement of an item',
  #2726);
#2726 = NEXT_ASSEMBLY_USAGE_OCCURRENCE('15855','Y-axis002','',#5,#2645,$
  );
#2727 = CONTEXT_DEPENDENT_SHAPE_REPRESENTATION(#2728,#2730);
#2728 = ( REPRESENTATION_RELATIONSHIP('','',#2650,#10) 
REPRESENTATION_RELATIONSHIP_WITH_TRANSFORMATION(#2729) 
SHAPE_REPRESENTATION_RELATIONSHIP() );
#2729 = ITEM_DEFINED_TRANSFORMATION('','',#11,#131);
#2730 = PRODUCT_DEFINITION_SHAPE('Placement','Placement of an item',
  #2731);
#2731 = NEXT_ASSEMBLY_USAGE_OCCURRENCE('15856','Y-axis003','',#5,#2645,$
  );
#2732 = CONTEXT_DEPENDENT_SHAPE_REPRESENTATION(#2733,#2735);
#2733 = ( REPRESENTATION_RELATIONSHIP('','',#2650,#10) 
REPRESENTATION_RELATIONSHIP_WITH_TRANSFORMATION(#2734) 
SHAPE_REPRESENTATION_RELATIONSHIP() );
#2734 = ITEM_DEFINED_TRANSFORMATION('','',#11,#135);
#2735 = PRODUCT_DEFINITION_SHAPE('Placement','Placement of an item',
  #2736);
#2736 = NEXT_ASSEMBLY_USAGE_OCCURRENCE('15857','Y-axis004','',#5,#2645,$
  );
#2737 = CONTEXT_DEPENDENT_SHAPE_REPRESENTATION(#2738,#2740);
#2738 = ( REPRESENTATION_RELATIONSHIP('','',#2650,#10) 
REPRESENTATION_RELATIONSHIP_WITH_TRANSFORMATION(#2739) 
SHAPE_REPRESENTATION_RELATIONSHIP() );
#2739 = ITEM_DEFINED_TRANSFORMATION('','',#11,#139);
#2740 = PRODUCT_DEFINITION_SHAPE('Placement','Placement of an item',
  #2741);
#2741 = NEXT_ASSEMBLY_USAGE_OCCURRENCE('15858','Z-axis','',#5,#2645,$);
#2742 = CONTEXT_DEPENDENT_SHAPE_REPRESENTATION(#2743,#2745);
#2743 = ( REPRESENTATION_RELATIONSHIP('','',#2650,#10) 
REPRESENTATION_RELATIONSHIP_WITH_TRANSFORMATION(#2744) 
SHAPE_REPRESENTATION_RELATIONSHIP() );
#2744 = ITEM_DEFINED_TRANSFORMATION('','',#11,#143);
#2745 = PRODUCT_DEFINITION_SHAPE('Placement','Placement of an item',
  #2746);
#2746 = NEXT_ASSEMBLY_USAGE_OCCURRENCE('15859','Z-axis001','',#5,#2645,$
  );
#2747 = CONTEXT_DEPENDENT_SHAPE_REPRESENTATION(#2748,#2750);
#2748 = ( REPRESENTATION_RELATIONSHIP('','',#2650,#10) 
REPRESENTATION_RELATIONSHIP_WITH_TRANSFORMATION(#2749) 
SHAPE_REPRESENTATION_RELATIONSHIP() );
#2749 = ITEM_DEFINED_TRANSFORMATION('','',#11,#147);
#2750 = PRODUCT_DEFINITION_SHAPE('Placement','Placement of an item',
  #2751);
#2751 = NEXT_ASSEMBLY_USAGE_OCCURRENCE('15860','Z-axis002','',#5,#2645,$
  );
#2752 = CONTEXT_DEPENDENT_SHAPE_REPRESENTATION(#2753,#2755);
#2753 = ( REPRESENTATION_RELATIONSHIP('','',#2650,#10) 
REPRESENTATION_RELATIONSHIP_WITH_TRANSFORMATION(#2754) 
SHAPE_REPRESENTATION_RELATIONSHIP() );
#2754 = ITEM_DEFINED_TRANSFORMATION('','',#11,#151);
#2755 = PRODUCT_DEFINITION_SHAPE('Placement','Placement of an item',
  #2756);
#2756 = NEXT_ASSEMBLY_USAGE_OCCURRENCE('15861','Z-axis003','',#5,#2645,$
  );
#2757 = CONTEXT_DEPENDENT_SHAPE_REPRESENTATION(#2758,#2760);
#2758 = ( REPRESENTATION_RELATIONSHIP('','',#2650,#10) 
REPRESENTATION_RELATIONSHIP_WITH_TRANSFORMATION(#2759) 
SHAPE_REPRESENTATION_RELATIONSHIP() );
#2759 = ITEM_DEFINED_TRANSFORMATION('','',#11,#155);
#2760 = PRODUCT_DEFINITION_SHAPE('Placement','Placement of an item',
  #2761);
#2761 = NEXT_ASSEMBLY_USAGE_OCCURRENCE('15862','Z-axis004','',#5,#2645,$
  );
#2762 = MECHANICAL_DESIGN_GEOMETRIC_PRESENTATION_REPRESENTATION('',(
    #2763),#1072);
#2763 = STYLED_ITEM('color',(#2764),#720);
#2764 = PRESENTATION_STYLE_ASSIGNMENT((#2765,#2771));
#2765 = SURFACE_STYLE_USAGE(.BOTH.,#2766);
#2766 = SURFACE_SIDE_STYLE('',(#2767));
#2767 = SURFACE_STYLE_FILL_AREA(#2768);
#2768 = FILL_AREA_STYLE('',(#2769));
#2769 = FILL_AREA_STYLE_COLOUR('',#2770);
#2770 = COLOUR_RGB('',0.800000010877,0.800000010877,0.800000010877);
#2771 = CURVE_STYLE('',#2772,POSITIVE_LENGTH_MEASURE(0.1),#2773);
#2772 = DRAUGHTING_PRE_DEFINED_CURVE_FONT('continuous');
#2773 = COLOUR_RGB('',9.803921802644E-02,9.803921802644E-02,
  9.803921802644E-02);
#2774 = MECHANICAL_DESIGN_GEOMETRIC_PRESENTATION_REPRESENTATION('',(
    #2775),#2496);
#2775 = STYLED_ITEM('color',(#2776),#2109);
#2776 = PRESENTATION_STYLE_ASSIGNMENT((#2777,#2783));
#2777 = SURFACE_STYLE_USAGE(.BOTH.,#2778);
#2778 = SURFACE_SIDE_STYLE('',(#2779));
#2779 = SURFACE_STYLE_FILL_AREA(#2780);
#2780 = FILL_AREA_STYLE('',(#2781));
#2781 = FILL_AREA_STYLE_COLOUR('',#2782);
#2782 = COLOUR_RGB('',0.250980406631,0.250980406631,0.250980406631);
#2783 = CURVE_STYLE('',#2784,POSITIVE_LENGTH_MEASURE(0.1),#2773);
#2784 = DRAUGHTING_PRE_DEFINED_CURVE_FONT('continuous');
#2785 = MECHANICAL_DESIGN_GEOMETRIC_PRESENTATION_REPRESENTATION('',(
    #2786),#588);
#2786 = STYLED_ITEM('color',(#2787),#236);
#2787 = PRESENTATION_STYLE_ASSIGNMENT((#2788,#2793));
#2788 = SURFACE_STYLE_USAGE(.BOTH.,#2789);
#2789 = SURFACE_SIDE_STYLE('',(#2790));
#2790 = SURFACE_STYLE_FILL_AREA(#2791);
#2791 = FILL_AREA_STYLE('',(#2792));
#2792 = FILL_AREA_STYLE_COLOUR('',#2770);
#2793 = CURVE_STYLE('',#2794,POSITIVE_LENGTH_MEASURE(0.1),#2773);
#2794 = DRAUGHTING_PRE_DEFINED_CURVE_FONT('continuous');
#2795 = MECHANICAL_DESIGN_GEOMETRIC_PRESENTATION_REPRESENTATION('',(
    #2796),#2040);
#2796 = STYLED_ITEM('color',(#2797),#1688);
#2797 = PRESENTATION_STYLE_ASSIGNMENT((#2798,#2803));
#2798 = SURFACE_STYLE_USAGE(.BOTH.,#2799);
#2799 = SURFACE_SIDE_STYLE('',(#2800));
#2800 = SURFACE_STYLE_FILL_AREA(#2801);
#2801 = FILL_AREA_STYLE('',(#2802));
#2802 = FILL_AREA_STYLE_COLOUR('',#2770);
#2803 = CURVE_STYLE('',#2804,POSITIVE_LENGTH_MEASURE(0.1),#2773);
#2804 = DRAUGHTING_PRE_DEFINED_CURVE_FONT('continuous');
#2805 = MECHANICAL_DESIGN_GEOMETRIC_PRESENTATION_REPRESENTATION('',(
    #2806),#1556);
#2806 = STYLED_ITEM('color',(#2807),#1204);
#2807 = PRESENTATION_STYLE_ASSIGNMENT((#2808,#2813));
#2808 = SURFACE_STYLE_USAGE(.BOTH.,#2809);
#2809 = SURFACE_SIDE_STYLE('',(#2810));
#2810 = SURFACE_STYLE_FILL_AREA(#2811);
#2811 = FILL_AREA_STYLE('',(#2812));
#2812 = FILL_AREA_STYLE_COLOUR('',#2770);
#2813 = CURVE_STYLE('',#2814,POSITIVE_LENGTH_MEASURE(0.1),#2773);
#2814 = DRAUGHTING_PRE_DEFINED_CURVE_FONT('continuous');
#2815 = MECHANICAL_DESIGN_GEOMETRIC_PRESENTATION_REPRESENTATION('',(
    #2816),#2568);
#2816 = STYLED_ITEM('color',(#2817),#2515);
#2817 = PRESENTATION_STYLE_ASSIGNMENT((#2818,#2824));
#2818 = SURFACE_STYLE_USAGE(.BOTH.,#2819);
#2819 = SURFACE_SIDE_STYLE('',(#2820));
#2820 = SURFACE_STYLE_FILL_AREA(#2821);
#2821 = FILL_AREA_STYLE('',(#2822));
#2822 = FILL_AREA_STYLE_COLOUR('',#2823);
#2823 = DRAUGHTING_PRE_DEFINED_COLOUR('white');
#2824 = CURVE_STYLE('',#2825,POSITIVE_LENGTH_MEASURE(0.1),#2823);
#2825 = DRAUGHTING_PRE_DEFINED_CURVE_FONT('continuous');
ENDSEC;
END-ISO-10303-21;
