ISO-10303-21;
HEADER;
FILE_DESCRIPTION (( 'STEP AP214' ),
    '1' );
FILE_NAME ('SKSGAAE010.STEP',
    '2019-02-01T01:13:07',
    ( '' ),
    ( '' ),
    'SwSTEP 2.0',
    'SolidWorks 2017',
    '' );
FILE_SCHEMA (( 'AUTOMOTIVE_DESIGN' ));
ENDSEC;

DATA;
#1 = VECTOR ( 'NONE', #5725, 1000.000000000000000 ) ;
#2 = VERTEX_POINT ( 'NONE', #5685 ) ;
#3 = DIRECTION ( 'NONE',  ( 0.0000000000000000000, 1.000000000000000000, 0.0000000000000000000 ) ) ;
#4 = ADVANCED_FACE ( 'NONE', ( #3528 ), #894, .F. ) ;
#5 = CARTESIAN_POINT ( 'NONE',  ( 0.6092499729370461900, -0.1000000000000000100, -1.098665785637154700 ) ) ;
#6 = DIRECTION ( 'NONE',  ( 0.0000000000000000000, 0.0000000000000000000, -1.000000000000000000 ) ) ;
#7 = CARTESIAN_POINT ( 'NONE',  ( 0.0000000000000000000, -0.9676716926650677000, -0.2000000000000000100 ) ) ;
#8 = CARTESIAN_POINT ( 'NONE',  ( 1.766200667084217200, -0.5900400513188783800, 1.052476713040994000 ) ) ;
#9 = LINE ( 'NONE', #7430, #3841 ) ;
#10 = ORIENTED_EDGE ( 'NONE', *, *, #3241, .T. ) ;
#11 = AXIS2_PLACEMENT_3D ( 'NONE', #2745, #5161, #430 ) ;
#12 = DIRECTION ( 'NONE',  ( 0.0000000000000000000, 0.0000000000000000000, 1.000000000000000000 ) ) ;
#13 = LINE ( 'NONE', #6356, #746 ) ;
#14 = ORIENTED_EDGE ( 'NONE', *, *, #5428, .F. ) ;
#15 = CARTESIAN_POINT ( 'NONE',  ( -1.053594130719925500, -0.1000000000000000100, 1.190489813122816800 ) ) ;
#16 = CIRCLE ( 'NONE', #657, 0.05941126440084723600 ) ;
#17 = DIRECTION ( 'NONE',  ( 0.0000000000000000000, 1.000000000000000000, -3.689761013415303100E-015 ) ) ;
#18 = VECTOR ( 'NONE', #2097, 1000.000000000000100 ) ;
#19 = DIRECTION ( 'NONE',  ( -1.000000000000000000, -2.045878355624262200E-030, 6.151150412723322900E-016 ) ) ;
#20 = EDGE_CURVE ( 'NONE', #807, #7057, #5933, .T. ) ;
#21 = CIRCLE ( 'NONE', #6561, 0.1879361091321885000 ) ;
#22 = ORIENTED_EDGE ( 'NONE', *, *, #1787, .T. ) ;
#23 = ORIENTED_EDGE ( 'NONE', *, *, #2339, .F. ) ;
#24 = CARTESIAN_POINT ( 'NONE',  ( 1.450000000000000400, -1.000000000000000000, -0.6653012290366856500 ) ) ;
#25 =( LENGTH_UNIT ( ) NAMED_UNIT ( * ) SI_UNIT ( .MILLI., .METRE. ) );
#26 = CYLINDRICAL_SURFACE ( 'NONE', #3683, 0.05876815157098477100 ) ;
#27 = CARTESIAN_POINT ( 'NONE',  ( -0.6603828416892078000, -0.9499999999999999600, -1.350000000000000100 ) ) ;
#28 = ORIENTED_EDGE ( 'NONE', *, *, #1874, .F. ) ;
#29 = DIRECTION ( 'NONE',  ( -0.0000000000000000000, -1.000000000000000000, -0.0000000000000000000 ) ) ;
#30 = ORIENTED_EDGE ( 'NONE', *, *, #1713, .T. ) ;
#31 = ORIENTED_EDGE ( 'NONE', *, *, #2510, .F. ) ;
#32 = DIRECTION ( 'NONE',  ( 0.0000000000000000000, 0.0000000000000000000, 1.000000000000000000 ) ) ;
#33 = CARTESIAN_POINT ( 'NONE',  ( 1.096148662824762300, -0.9499999999999999600, -1.217574864917437600 ) ) ;
#34 = LINE ( 'NONE', #6559, #3410 ) ;
#35 = ORIENTED_EDGE ( 'NONE', *, *, #5018, .T. ) ;
#36 = CARTESIAN_POINT ( 'NONE',  ( -1.239179746653218400, -0.4913441754571611900, 1.350000000000002100 ) ) ;
#37 = CARTESIAN_POINT ( 'NONE',  ( -1.766200667084217200, -0.4381199093104634100, 1.303465212886776700 ) ) ;
#38 = CARTESIAN_POINT ( 'NONE',  ( -0.7010740004227081800, -0.1499999999999999700, 1.200000000000000600 ) ) ;
#39 = ORIENTED_EDGE ( 'NONE', *, *, #2741, .T. ) ;
#40 = CARTESIAN_POINT ( 'NONE',  ( 1.053594130719925500, -5.421010862427522200E-017, -1.200000000000000600 ) ) ;
#41 = ORIENTED_EDGE ( 'NONE', *, *, #6706, .T. ) ;
#42 = EDGE_CURVE ( 'NONE', #7330, #622, #1988, .T. ) ;
#43 = LINE ( 'NONE', #3519, #2516 ) ;
#44 = CARTESIAN_POINT ( 'NONE',  ( -1.511371717397266700, 0.0000000000000000000, -0.3995886713259301200 ) ) ;
#45 = ADVANCED_FACE ( 'NONE', ( #2543 ), #3727, .T. ) ;
#46 = ORIENTED_EDGE ( 'NONE', *, *, #4953, .F. ) ;
#47 = ADVANCED_FACE ( 'NONE', ( #4461 ), #883, .F. ) ;
#48 = LINE ( 'NONE', #6785, #5362 ) ;
#49 = CARTESIAN_POINT ( 'NONE',  ( 1.660223004139932000, -0.9743463534909069200, -0.2000000000000000100 ) ) ;
#50 = CARTESIAN_POINT ( 'NONE',  ( -0.3514106528891460800, -0.1000000000000000100, 1.350000000000000300 ) ) ;
#51 = AXIS2_PLACEMENT_3D ( 'NONE', #4606, #6400, #4026 ) ;
#52 = CARTESIAN_POINT ( 'NONE',  ( 1.376510721059179600, -0.1000000000000000100, 0.9138294609943661300 ) ) ;
#53 = VECTOR ( 'NONE', #2759, 1000.000000000000200 ) ;
#54 = EDGE_CURVE ( 'NONE', #6383, #1860, #4281, .T. ) ;
#55 = DIRECTION ( 'NONE',  ( -6.151150412723322900E-016, -3.491481338843133400E-015, 1.000000000000000000 ) ) ;
#56 = DIRECTION ( 'NONE',  ( 1.000000000000000000, 0.0000000000000000000, -0.0000000000000000000 ) ) ;
#57 = VECTOR ( 'NONE', #1668, 1000.000000000000000 ) ;
#58 = PLANE ( 'NONE',  #628 ) ;
#59 = ORIENTED_EDGE ( 'NONE', *, *, #3594, .T. ) ;
#60 = DIRECTION ( 'NONE',  ( 0.0000000000000000000, 1.000000000000000000, 0.0000000000000000000 ) ) ;
#61 = DIRECTION ( 'NONE',  ( -1.000000000000000000, 0.0000000000000000000, 0.0000000000000000000 ) ) ;
#62 = EDGE_CURVE ( 'NONE', #1678, #4590, #7029, .T. ) ;
#63 = VERTEX_POINT ( 'NONE', #6725 ) ;
#64 = CARTESIAN_POINT ( 'NONE',  ( 0.9500000000000004000, -0.9499999999999999600, -1.165301229036685800 ) ) ;
#65 = VECTOR ( 'NONE', #2444, 1000.000000000000000 ) ;
#66 = CARTESIAN_POINT ( 'NONE',  ( 1.096148662824762100, -0.9499999999999999600, 1.217574864917437800 ) ) ;
#67 = EDGE_LOOP ( 'NONE', ( #6930, #6872, #4781, #1717 ) ) ;
#68 = ORIENTED_EDGE ( 'NONE', *, *, #4628, .T. ) ;
#69 = DIRECTION ( 'NONE',  ( -0.0000000000000000000, 1.000000000000000000, -0.0000000000000000000 ) ) ;
#70 = ORIENTED_EDGE ( 'NONE', *, *, #1747, .F. ) ;
#71 = VERTEX_POINT ( 'NONE', #2568 ) ;
#72 = EDGE_CURVE ( 'NONE', #2499, #717, #6485, .T. ) ;
#73 = AXIS2_PLACEMENT_3D ( 'NONE', #1243, #124, #5934 ) ;
#74 = ORIENTED_EDGE ( 'NONE', *, *, #461, .T. ) ;
#75 = CARTESIAN_POINT ( 'NONE',  ( -1.145418158205587300, -0.1000000000000000100, -1.098665785637154900 ) ) ;
#76 = EDGE_CURVE ( 'NONE', #4393, #2500, #6932, .T. ) ;
#77 = LINE ( 'NONE', #3715, #5107 ) ;
#78 = CARTESIAN_POINT ( 'NONE',  ( 0.9500000000000000700, -1.000000000000000000, 1.165301229036686000 ) ) ;
#79 = FACE_OUTER_BOUND ( 'NONE', #1030, .T. ) ;
#80 = VERTEX_POINT ( 'NONE', #6185 ) ;
#81 = CARTESIAN_POINT ( 'NONE',  ( -1.388759507161886800, -0.7854362018007680100, 1.350000000000003200 ) ) ;
#82 = ORIENTED_EDGE ( 'NONE', *, *, #6748, .T. ) ;
#83 = EDGE_CURVE ( 'NONE', #2091, #71, #1810, .T. ) ;
#84 = DIRECTION ( 'NONE',  ( 0.0000000000000000000, -1.000000000000000000, 0.0000000000000000000 ) ) ;
#85 = VECTOR ( 'NONE', #5252, 1000.000000000000000 ) ;
#86 = ADVANCED_FACE ( 'NONE', ( #7405 ), #3718, .F. ) ;
#87 = DIRECTION ( 'NONE',  ( 2.372876381782987800E-016, 0.0000000000000000000, -1.000000000000000000 ) ) ;
#88 = CIRCLE ( 'NONE', #5541, 0.09182402748566186000 ) ;
#89 = PLANE ( 'NONE',  #745 ) ;
#90 = ADVANCED_FACE ( 'NONE', ( #433 ), #2715, .T. ) ;
#91 = FACE_OUTER_BOUND ( 'NONE', #4015, .T. ) ;
#92 = DIRECTION ( 'NONE',  ( 0.0000000000000000000, 1.000000000000000000, 0.0000000000000000000 ) ) ;
#93 = ORIENTED_EDGE ( 'NONE', *, *, #4453, .F. ) ;
#94 = CARTESIAN_POINT ( 'NONE',  ( 1.519824373427275800, -0.0001817842124602641400, -0.3861379987351212800 ) ) ;
#95 = LINE ( 'NONE', #4470, #3276 ) ;
#96 = DIRECTION ( 'NONE',  ( -5.165768915825848000E-015, -1.000000000000000000, -5.165768915825848000E-015 ) ) ;
#97 = AXIS2_PLACEMENT_3D ( 'NONE', #5175, #470, #6335 ) ;
#98 = EDGE_LOOP ( 'NONE', ( #7506, #4133, #6464, #4330 ) ) ;
#99 = PLANE ( 'NONE',  #1356 ) ;
#100 = EDGE_CURVE ( 'NONE', #4855, #2434, #2250, .T. ) ;
#101 = EDGE_CURVE ( 'NONE', #5421, #4508, #5652, .T. ) ;
#102 = CARTESIAN_POINT ( 'NONE',  ( 1.096148662824762300, -0.5900400513188783800, -1.052476713040993800 ) ) ;
#103 = LINE ( 'NONE', #6091, #1844 ) ;
#104 = ORIENTED_EDGE ( 'NONE', *, *, #101, .F. ) ;
#105 = CARTESIAN_POINT ( 'NONE',  ( -1.094272957940848300, -0.1286997638788319200, -1.278699763878832000 ) ) ;
#106 = CARTESIAN_POINT ( 'NONE',  ( -1.095778389361269400, -0.1000000000000000100, 1.866607263856683100 ) ) ;
#107 = DIRECTION ( 'NONE',  ( 0.0000000000000000000, -1.000000000000000000, 0.0000000000000000000 ) ) ;
#108 = VECTOR ( 'NONE', #2989, 1000.000000000000000 ) ;
#109 = EDGE_CURVE ( 'NONE', #5994, #5777, #7310, .T. ) ;
#110 = ORIENTED_EDGE ( 'NONE', *, *, #4403, .T. ) ;
#111 = CARTESIAN_POINT ( 'NONE',  ( -0.6603828416892078000, -0.1000000000000000100, -1.217574864917437600 ) ) ;
#112 = VERTEX_POINT ( 'NONE', #1059 ) ;
#113 = CARTESIAN_POINT ( 'NONE',  ( 1.511371717397266700, 0.0000000000000000000, 0.4000000000000000200 ) ) ;
#114 = DIRECTION ( 'NONE',  ( 6.151150412723322900E-016, -3.491481338843132600E-015, 1.000000000000000000 ) ) ;
#115 = FACE_OUTER_BOUND ( 'NONE', #7020, .T. ) ;
#116 = DIRECTION ( 'NONE',  ( -2.449293598294706400E-016, 0.0000000000000000000, 1.000000000000000000 ) ) ;
#117 = VECTOR ( 'NONE', #1739, 1000.000000000000000 ) ;
#118 = CARTESIAN_POINT ( 'NONE',  ( 1.053594130719925500, -0.1000000000000000100, 1.190489813122816800 ) ) ;
#119 = VECTOR ( 'NONE', #3928, 1000.000000000000000 ) ;
#120 = ORIENTED_EDGE ( 'NONE', *, *, #7340, .F. ) ;
#121 = EDGE_CURVE ( 'NONE', #1401, #7576, #5745, .T. ) ;
#122 = AXIS2_PLACEMENT_3D ( 'NONE', #5483, #825, #5432 ) ;
#123 = LINE ( 'NONE', #5407, #5702 ) ;
#124 = DIRECTION ( 'NONE',  ( -0.0000000000000000000, -1.000000000000000000, -3.491481338843133400E-015 ) ) ;
#125 = LINE ( 'NONE', #512, #1483 ) ;
#126 = ORIENTED_EDGE ( 'NONE', *, *, #7281, .F. ) ;
#127 = ORIENTED_EDGE ( 'NONE', *, *, #1313, .T. ) ;
#128 = ADVANCED_FACE ( 'NONE', ( #1443 ), #7476, .T. ) ;
#129 = CARTESIAN_POINT ( 'NONE',  ( 0.7010740004227081800, -0.1499999999999998000, 1.250000000000000400 ) ) ;
#130 = DIRECTION ( 'NONE',  ( -0.0000000000000000000, 1.000000000000000000, 0.0000000000000000000 ) ) ;
#131 = VECTOR ( 'NONE', #7097, 1000.000000000000000 ) ;
#132 = CARTESIAN_POINT ( 'NONE',  ( -1.607764218758668300, -0.1901596886722744800, 0.4000000000000000200 ) ) ;
#133 = EDGE_CURVE ( 'NONE', #3299, #4269, #3522, .T. ) ;
#134 = VERTEX_POINT ( 'NONE', #4694 ) ;
#135 = VERTEX_POINT ( 'NONE', #4063 ) ;
#136 = ORIENTED_EDGE ( 'NONE', *, *, #272, .T. ) ;
#137 = ORIENTED_EDGE ( 'NONE', *, *, #6967, .F. ) ;
#138 = DIRECTION ( 'NONE',  ( -0.9977699586006789600, 0.06674660825839352800, 0.0000000000000000000 ) ) ;
#139 = DIRECTION ( 'NONE',  ( -0.9124114197061157200, -0.4092742371440823400, 1.990211349547696900E-015 ) ) ;
#140 = EDGE_CURVE ( 'NONE', #7611, #3357, #1164, .T. ) ;
#141 = DIRECTION ( 'NONE',  ( -2.449293598294706400E-016, 0.0000000000000000000, 1.000000000000000000 ) ) ;
#142 = LINE ( 'NONE', #5011, #7195 ) ;
#143 = ORIENTED_EDGE ( 'NONE', *, *, #1787, .F. ) ;
#144 = DIRECTION ( 'NONE',  ( 0.0000000000000000000, 0.0000000000000000000, 1.000000000000000000 ) ) ;
#145 = ORIENTED_EDGE ( 'NONE', *, *, #624, .T. ) ;
#146 = DIRECTION ( 'NONE',  ( 0.0000000000000000000, 1.000000000000000000, 0.0000000000000000000 ) ) ;
#147 = DIRECTION ( 'NONE',  ( -6.151150412723322900E-016, -3.491481338843133400E-015, -1.000000000000000000 ) ) ;
#148 = DIRECTION ( 'NONE',  ( 0.0000000000000000000, 1.000000000000000000, 0.0000000000000000000 ) ) ;
#149 = LINE ( 'NONE', #7075, #7289 ) ;
#150 = AXIS2_PLACEMENT_3D ( 'NONE', #853, #6739, #5596 ) ;
#151 = PRESENTATION_STYLE_ASSIGNMENT (( #4637 ) ) ;
#152 = EDGE_CURVE ( 'NONE', #7187, #495, #797, .T. ) ;
#153 = EDGE_CURVE ( 'NONE', #7177, #4885, #6668, .T. ) ;
#154 = DIRECTION ( 'NONE',  ( 0.0000000000000000000, 1.000000000000000000, 0.0000000000000000000 ) ) ;
#155 = DIRECTION ( 'NONE',  ( 0.0000000000000000000, 1.000000000000000000, -5.165768915825840900E-015 ) ) ;
#156 = ORIENTED_EDGE ( 'NONE', *, *, #272, .F. ) ;
#157 = VECTOR ( 'NONE', #4944, 1000.000000000000000 ) ;
#158 = ORIENTED_EDGE ( 'NONE', *, *, #3883, .F. ) ;
#159 = CARTESIAN_POINT ( 'NONE',  ( -1.376510721059179600, -0.1000000000000000100, 0.9138294609943661300 ) ) ;
#160 = ORIENTED_EDGE ( 'NONE', *, *, #6134, .F. ) ;
#161 = EDGE_CURVE ( 'NONE', #6955, #793, #3260, .T. ) ;
#162 = ORIENTED_EDGE ( 'NONE', *, *, #100, .T. ) ;
#163 = VECTOR ( 'NONE', #5473, 1000.000000000000000 ) ;
#164 = DIRECTION ( 'NONE',  ( 6.151150412723322900E-016, 0.0000000000000000000, -1.000000000000000000 ) ) ;
#165 = VERTEX_POINT ( 'NONE', #5567 ) ;
#166 = ORIENTED_EDGE ( 'NONE', *, *, #3001, .T. ) ;
#167 = DIRECTION ( 'NONE',  ( 0.0000000000000000000, 0.4758085574081127900, 0.8795488711249709300 ) ) ;
#168 = ORIENTED_EDGE ( 'NONE', *, *, #3931, .T. ) ;
#169 = DIRECTION ( 'NONE',  ( 6.151150412723322900E-016, 3.491481338843133400E-015, -1.000000000000000000 ) ) ;
#170 = ADVANCED_FACE ( 'NONE', ( #4454 ), #364, .F. ) ;
#171 = AXIS2_PLACEMENT_3D ( 'NONE', #6686, #4312, #2528 ) ;
#172 = CARTESIAN_POINT ( 'NONE',  ( -1.550679665661946100, -0.003767330401057711500, 0.3582550420588465100 ) ) ;
#173 = CARTESIAN_POINT ( 'NONE',  ( -1.096148662824762300, -0.9499999999999999600, -1.217574864917437600 ) ) ;
#174 = CARTESIAN_POINT ( 'NONE',  ( -1.053594130719925500, -0.1499999999999999700, -1.200000000000000600 ) ) ;
#175 = VECTOR ( 'NONE', #4530, 1000.000000000000000 ) ;
#176 = ORIENTED_EDGE ( 'NONE', *, *, #2366, .F. ) ;
#177 = EDGE_CURVE ( 'NONE', #4292, #3618, #1525, .T. ) ;
#178 = DIRECTION ( 'NONE',  ( 1.000000000000000000, 2.147662687844072100E-030, -6.151150412723322900E-016 ) ) ;
#179 = ORIENTED_EDGE ( 'NONE', *, *, #6307, .T. ) ;
#180 = VERTEX_POINT ( 'NONE', #4296 ) ;
#181 = LINE ( 'NONE', #314, #7604 ) ;
#182 = EDGE_CURVE ( 'NONE', #7385, #2951, #6754, .T. ) ;
#183 = VERTEX_POINT ( 'NONE', #282 ) ;
#184 = LINE ( 'NONE', #639, #5956 ) ;
#185 = EDGE_CURVE ( 'NONE', #7277, #2246, #1982, .T. ) ;
#186 = CARTESIAN_POINT ( 'NONE',  ( 1.096148662824762300, -0.9499999999999999600, -1.052476713040993800 ) ) ;
#187 = ORIENTED_EDGE ( 'NONE', *, *, #6574, .F. ) ;
#188 = DIRECTION ( 'NONE',  ( 0.0000000000000000000, 1.000000000000000000, 0.0000000000000000000 ) ) ;
#189 = DIRECTION ( 'NONE',  ( 0.9977699586006789600, -0.06674660825839379100, 0.0000000000000000000 ) ) ;
#190 = VECTOR ( 'NONE', #3067, 1000.000000000000000 ) ;
#191 = DIRECTION ( 'NONE',  ( -6.151150412723322900E-016, -3.491481338843133400E-015, 1.000000000000000000 ) ) ;
#192 = CARTESIAN_POINT ( 'NONE',  ( -1.499999999999999800, -0.1000000000000000100, -0.9138294609943661300 ) ) ;
#193 = ORIENTED_EDGE ( 'NONE', *, *, #4783, .T. ) ;
#194 = DIRECTION ( 'NONE',  ( 0.0000000000000000000, 1.000000000000000000, 0.0000000000000000000 ) ) ;
#195 = DIRECTION ( 'NONE',  ( -6.151150412723322900E-016, -3.491481338843132600E-015, 1.000000000000000000 ) ) ;
#196 = CARTESIAN_POINT ( 'NONE',  ( -1.529238330770627500E-016, -0.09999999999999933900, -0.3459031131721498300 ) ) ;
#197 = DIRECTION ( 'NONE',  ( 0.0000000000000000000, 1.000000000000000000, 0.0000000000000000000 ) ) ;
#198 = VECTOR ( 'NONE', #2691, 1000.000000000000000 ) ;
#199 = ORIENTED_EDGE ( 'NONE', *, *, #6188, .F. ) ;
#200 = AXIS2_PLACEMENT_3D ( 'NONE', #3101, #4751, #1856 ) ;
#201 = ADVANCED_FACE ( 'NONE', ( #5832 ), #1968, .T. ) ;
#202 = FACE_OUTER_BOUND ( 'NONE', #6298, .T. ) ;
#203 = DIRECTION ( 'NONE',  ( -0.0000000000000000000, -1.000000000000000000, -0.0000000000000000000 ) ) ;
#204 = EDGE_CURVE ( 'NONE', #5898, #5448, #6204, .T. ) ;
#205 = VERTEX_POINT ( 'NONE', #4779 ) ;
#206 = DIRECTION ( 'NONE',  ( 0.0000000000000000000, 1.000000000000000000, 0.0000000000000000000 ) ) ;
#207 = LINE ( 'NONE', #5714, #3041 ) ;
#208 = ORIENTED_EDGE ( 'NONE', *, *, #3509, .T. ) ;
#209 = ORIENTED_EDGE ( 'NONE', *, *, #5692, .F. ) ;
#210 = CIRCLE ( 'NONE', #6297, 0.1879361091321884200 ) ;
#211 = AXIS2_PLACEMENT_3D ( 'NONE', #3246, #4477, #2070 ) ;
#212 = CARTESIAN_POINT ( 'NONE',  ( -1.447527658732871600, -0.7266680502297835400, 1.250000000000002900 ) ) ;
#213 = VECTOR ( 'NONE', #4375, 1000.000000000000000 ) ;
#214 = CARTESIAN_POINT ( 'NONE',  ( -1.388759507161886800, -0.7854362018007683400, -1.250000000000003100 ) ) ;
#215 = LINE ( 'NONE', #2685, #6253 ) ;
#216 = ORIENTED_EDGE ( 'NONE', *, *, #5535, .F. ) ;
#217 = VERTEX_POINT ( 'NONE', #7087 ) ;
#218 = VECTOR ( 'NONE', #1306, 1000.000000000000000 ) ;
#219 = CARTESIAN_POINT ( 'NONE',  ( 0.8890101095548962300, -0.5975000926685795100, 1.350000000000002300 ) ) ;
#220 = CARTESIAN_POINT ( 'NONE',  ( 1.707541214618736300, -0.1834850278464349400, -0.3007403121398641300 ) ) ;
#221 = ORIENTED_EDGE ( 'NONE', *, *, #508, .F. ) ;
#222 = ORIENTED_EDGE ( 'NONE', *, *, #7384, .F. ) ;
#223 = DIRECTION ( 'NONE',  ( 0.0000000000000000000, 0.0000000000000000000, -1.000000000000000000 ) ) ;
#224 = ORIENTED_EDGE ( 'NONE', *, *, #4160, .T. ) ;
#225 = VERTEX_POINT ( 'NONE', #7146 ) ;
#226 = CARTESIAN_POINT ( 'NONE',  ( -1.096148662824761900, -0.4810162188969695500, 1.350000000000001900 ) ) ;
#227 = VECTOR ( 'NONE', #4900, 1000.000000000000000 ) ;
#228 = VERTEX_POINT ( 'NONE', #1241 ) ;
#229 = ORIENTED_EDGE ( 'NONE', *, *, #956, .T. ) ;
#230 = ORIENTED_EDGE ( 'NONE', *, *, #1984, .F. ) ;
#231 = CARTESIAN_POINT ( 'NONE',  ( -0.6092499729370461900, -0.1000000000000000100, -1.098665785637154700 ) ) ;
#232 = EDGE_CURVE ( 'NONE', #1038, #6631, #1899, .T. ) ;
#233 = LINE ( 'NONE', #2430, #1419 ) ;
#234 = ORIENTED_EDGE ( 'NONE', *, *, #4450, .F. ) ;
#235 = DIRECTION ( 'NONE',  ( 0.0000000000000000000, 0.0000000000000000000, 1.000000000000000000 ) ) ;
#236 = CIRCLE ( 'NONE', #1553, 0.1186968912300025000 ) ;
#237 = FILL_AREA_STYLE_COLOUR ( '', #4586 ) ;
#238 = LINE ( 'NONE', #531, #4726 ) ;
#239 = ADVANCED_FACE ( 'NONE', ( #5282 ), #5004, .F. ) ;
#240 = VECTOR ( 'NONE', #4141, 1000.000000000000000 ) ;
#241 = CARTESIAN_POINT ( 'NONE',  ( -1.053594130719925500, -0.4810162188969695500, -1.350000000000001900 ) ) ;
#242 = VERTEX_POINT ( 'NONE', #2517 ) ;
#243 = DIRECTION ( 'NONE',  ( -2.095348492642633400E-016, 0.5178177716736868100, -0.8554909440425992900 ) ) ;
#244 = EDGE_LOOP ( 'NONE', ( #4417, #1415, #950, #7016 ) ) ;
#245 = AXIS2_PLACEMENT_3D ( 'NONE', #3547, #2993, #87 ) ;
#246 = CARTESIAN_POINT ( 'NONE',  ( 1.239179746653218400, -0.4913441754571615200, -1.250000000000002000 ) ) ;
#248 = EDGE_CURVE ( 'NONE', #4540, #5539, #6107, .T. ) ;
#247 = DIRECTION ( 'NONE',  ( 0.4092742371440823400, -0.9124114197061157200, 2.933916705978688800E-015 ) ) ;
#249 = ORIENTED_EDGE ( 'NONE', *, *, #6370, .F. ) ;
#250 = EDGE_CURVE ( 'NONE', #2434, #4636, #1714, .T. ) ;
#251 = LINE ( 'NONE', #6156, #3161 ) ;
#252 = ORIENTED_EDGE ( 'NONE', *, *, #1693, .T. ) ;
#253 = ORIENTED_EDGE ( 'NONE', *, *, #6193, .T. ) ;
#254 = DIRECTION ( 'NONE',  ( -1.000000000000000000, 0.0000000000000000000, 2.449293598294706400E-016 ) ) ;
#255 = PLANE ( 'NONE',  #4068 ) ;
#256 = EDGE_LOOP ( 'NONE', ( #578, #1494, #6216, #4189 ) ) ;
#257 = ORIENTED_EDGE ( 'NONE', *, *, #83, .T. ) ;
#258 = DIRECTION ( 'NONE',  ( -6.151150412723322900E-016, -3.491481338843133400E-015, 1.000000000000000000 ) ) ;
#259 = ORIENTED_EDGE ( 'NONE', *, *, #5236, .T. ) ;
#260 = DIRECTION ( 'NONE',  ( 0.0000000000000000000, -9.757819552369541500E-015, -1.000000000000000000 ) ) ;
#261 = LINE ( 'NONE', #5227, #2628 ) ;
#262 = LINE ( 'NONE', #4165, #1719 ) ;
#263 = ORIENTED_EDGE ( 'NONE', *, *, #54, .F. ) ;
#264 = PLANE ( 'NONE',  #3968 ) ;
#265 = CARTESIAN_POINT ( 'NONE',  ( -1.447527658732871600, -0.7266680502297832000, -1.350000000000003000 ) ) ;
#266 = ORIENTED_EDGE ( 'NONE', *, *, #6961, .T. ) ;
#267 = DIRECTION ( 'NONE',  ( -0.9986270958267121600, -0.05238247302969426000, -2.445930952892000900E-016 ) ) ;
#268 = VECTOR ( 'NONE', #1107, 1000.000000000000000 ) ;
#269 = DIRECTION ( 'NONE',  ( -2.372876381782987800E-016, 0.0000000000000000000, 1.000000000000000000 ) ) ;
#270 = VECTOR ( 'NONE', #2852, 1000.000000000000000 ) ;
#271 = DIRECTION ( 'NONE',  ( 1.000000000000000000, 2.147662687844072100E-030, -6.151150412723322900E-016 ) ) ;
#272 = EDGE_CURVE ( 'NONE', #2024, #3678, #4916, .T. ) ;
#273 = ORIENTED_EDGE ( 'NONE', *, *, #2079, .T. ) ;
#274 = ADVANCED_FACE ( 'NONE', ( #7023 ), #4533, .F. ) ;
#275 = DIRECTION ( 'NONE',  ( 6.151150412723322900E-016, -3.491481338843133400E-015, 1.000000000000000000 ) ) ;
#276 =( BOUNDED_CURVE ( )  B_SPLINE_CURVE ( 3, ( #4280, #4874, #5470, #220 ),
 .UNSPECIFIED., .F., .T. ) 
 B_SPLINE_CURVE_WITH_KNOTS ( ( 4, 4 ),
 ( 4.198722860032425800, 4.645592711925855800 ),
 .UNSPECIFIED. ) 
 CURVE ( )  GEOMETRIC_REPRESENTATION_ITEM ( )  RATIONAL_B_SPLINE_CURVE ( ( 1.000000000000000000, 0.9834280606980728700, 0.9834280606980728700, 1.000000000000000000 ) ) 
 REPRESENTATION_ITEM ( '' )  );
#277 = EDGE_CURVE ( 'NONE', #1918, #6700, #7587, .T. ) ;
#278 = DIRECTION ( 'NONE',  ( 0.0000000000000000000, 1.000000000000000000, 0.0000000000000000000 ) ) ;
#279 = FACE_OUTER_BOUND ( 'NONE', #6896, .T. ) ;
#280 = ORIENTED_EDGE ( 'NONE', *, *, #5472, .F. ) ;
#281 = CARTESIAN_POINT ( 'NONE',  ( -0.4999999999999998900, -0.9499999999999999600, -1.350000000000000300 ) ) ;
#282 = CARTESIAN_POINT ( 'NONE',  ( -1.500000000000000000, -0.1000000000000000100, 1.052476713040994000 ) ) ;
#283 = DIRECTION ( 'NONE',  ( 0.0000000000000000000, 0.0000000000000000000, 1.000000000000000000 ) ) ;
#284 = DIRECTION ( 'NONE',  ( 0.08469159160178411900, 0.9964072130971135500, 2.074345731396395800E-017 ) ) ;
#285 = CARTESIAN_POINT ( 'NONE',  ( -1.376510721059179600, 0.0000000000000000000, -0.9138294609943661300 ) ) ;
#286 = LINE ( 'NONE', #1987, #467 ) ;
#287 = ORIENTED_EDGE ( 'NONE', *, *, #4615, .F. ) ;
#288 = DIRECTION ( 'NONE',  ( 2.449293598294706400E-016, 0.0000000000000000000, -1.000000000000000000 ) ) ;
#289 = EDGE_CURVE ( 'NONE', #1413, #6577, #3626, .T. ) ;
#290 = CARTESIAN_POINT ( 'NONE',  ( -1.707541214618736300, -0.1834850278464349400, -0.3007403121398641300 ) ) ;
#291 = CYLINDRICAL_SURFACE ( 'NONE', #474, 0.1879361091321884700 ) ;
#292 = VERTEX_POINT ( 'NONE', #4515 ) ;
#293 = VERTEX_POINT ( 'NONE', #3938 ) ;
#294 = VECTOR ( 'NONE', #6563, 1000.000000000000000 ) ;
#295 = CIRCLE ( 'NONE', #6844, 0.8499999999999999800 ) ;
#296 = AXIS2_PLACEMENT_3D ( 'NONE', #862, #3195, #2658 ) ;
#297 = FACE_OUTER_BOUND ( 'NONE', #2845, .T. ) ;
#298 = ORIENTED_EDGE ( 'NONE', *, *, #3423, .F. ) ;
#299 = DIRECTION ( 'NONE',  ( -0.0000000000000000000, -1.000000000000000000, 0.0000000000000000000 ) ) ;
#300 = ORIENTED_EDGE ( 'NONE', *, *, #2417, .F. ) ;
#301 = EDGE_CURVE ( 'NONE', #5448, #7057, #2073, .T. ) ;
#302 = VECTOR ( 'NONE', #844, 1000.000000000000000 ) ;
#303 = CARTESIAN_POINT ( 'NONE',  ( -1.766200667084217400, -0.4381199093104634100, -1.303465212886776300 ) ) ;
#304 = VECTOR ( 'NONE', #6982, 1000.000000000000000 ) ;
#305 = ORIENTED_EDGE ( 'NONE', *, *, #6897, .F. ) ;
#306 = DIRECTION ( 'NONE',  ( 1.000000000000000000, 0.0000000000000000000, 2.449293598294706400E-016 ) ) ;
#307 = VERTEX_POINT ( 'NONE', #4624 ) ;
#308 = EDGE_CURVE ( 'NONE', #2818, #4841, #4271, .T. ) ;
#309 = AXIS2_PLACEMENT_3D ( 'NONE', #2632, #3240, #4391 ) ;
#310 = VECTOR ( 'NONE', #5913, 1000.000000000000000 ) ;
#311 = ORIENTED_EDGE ( 'NONE', *, *, #4612, .F. ) ;
#312 = ADVANCED_FACE ( 'NONE', ( #3082 ), #4147, .T. ) ;
#313 = VERTEX_POINT ( 'NONE', #3659 ) ;
#314 = CARTESIAN_POINT ( 'NONE',  ( -0.6160084377254023700, -0.9462283102242968800, 1.350000000000000300 ) ) ;
#315 = CARTESIAN_POINT ( 'NONE',  ( 0.5165027480058548300, 0.0000000000000000000, -1.143289036108584800 ) ) ;
#316 = CARTESIAN_POINT ( 'NONE',  ( 0.6092499729370461900, -0.1000000000000000100, 1.098665785637154700 ) ) ;
#317 = VECTOR ( 'NONE', #6245, 1000.000000000000000 ) ;
#318 = EDGE_CURVE ( 'NONE', #1442, #789, #1158, .T. ) ;
#319 = VERTEX_POINT ( 'NONE', #446 ) ;
#320 = AXIS2_PLACEMENT_3D ( 'NONE', #2998, #6, #7141 ) ;
#321 = FACE_OUTER_BOUND ( 'NONE', #3487, .T. ) ;
#322 = EDGE_CURVE ( 'NONE', #6822, #4005, #7399, .T. ) ;
#323 = VECTOR ( 'NONE', #5630, 1000.000000000000000 ) ;
#324 = DIRECTION ( 'NONE',  ( -1.000000000000000000, 2.147662687844072100E-030, 6.151150412723322900E-016 ) ) ;
#325 = CARTESIAN_POINT ( 'NONE',  ( -0.6092499729370461900, -0.1000000000000000100, -1.190489813122816500 ) ) ;
#326 = CARTESIAN_POINT ( 'NONE',  ( 1.388759507161886800, -0.7266680502297832000, -1.350000000000003000 ) ) ;
#327 = ORIENTED_EDGE ( 'NONE', *, *, #5023, .T. ) ;
#328 = LINE ( 'NONE', #6845, #5739 ) ;
#329 = APPLICATION_CONTEXT ( 'automotive_design' ) ;
#330 = ORIENTED_EDGE ( 'NONE', *, *, #4349, .F. ) ;
#331 = CARTESIAN_POINT ( 'NONE',  ( -0.6092499729370461900, 0.0000000000000000000, -1.098665785637154700 ) ) ;
#332 = ORIENTED_EDGE ( 'NONE', *, *, #1196, .F. ) ;
#333 = DIRECTION ( 'NONE',  ( 0.0000000000000000000, 1.000000000000000000, 0.0000000000000000000 ) ) ;
#334 = DIRECTION ( 'NONE',  ( 0.0000000000000000000, 0.8795488711249709300, 0.4758085574081127900 ) ) ;
#335 = CARTESIAN_POINT ( 'NONE',  ( 1.745395374870707400, -0.7493526410928823500, 0.005376450193525712400 ) ) ;
#336 = VECTOR ( 'NONE', #2154, 1000.000000000000000 ) ;
#337 = ORIENTED_EDGE ( 'NONE', *, *, #5610, .F. ) ;
#338 = ORIENTED_EDGE ( 'NONE', *, *, #4534, .F. ) ;
#339 = DIRECTION ( 'NONE',  ( 1.000000000000000000, 2.147662687844072100E-030, -6.151150412723322900E-016 ) ) ;
#340 = ORIENTED_EDGE ( 'NONE', *, *, #7136, .F. ) ;
#341 = EDGE_CURVE ( 'NONE', #6527, #7187, #1804, .T. ) ;
#342 = LINE ( 'NONE', #5297, #6387 ) ;
#343 = ORIENTED_EDGE ( 'NONE', *, *, #4993, .T. ) ;
#344 = ADVANCED_FACE ( 'NONE', ( #1351 ), #1168, .F. ) ;
#345 = ORIENTED_EDGE ( 'NONE', *, *, #4323, .F. ) ;
#346 = ORIENTED_EDGE ( 'NONE', *, *, #185, .T. ) ;
#347 = DIRECTION ( 'NONE',  ( -0.0000000000000000000, 1.000000000000000000, 0.0000000000000000000 ) ) ;
#348 = FACE_OUTER_BOUND ( 'NONE', #4471, .T. ) ;
#349 = LINE ( 'NONE', #3350, #6397 ) ;
#350 = PLANE ( 'NONE',  #1682 ) ;
#351 = FACE_OUTER_BOUND ( 'NONE', #6351, .T. ) ;
#352 = DIRECTION ( 'NONE',  ( 1.000000000000000000, 0.0000000000000000000, -2.372876381782987800E-016 ) ) ;
#353 = ORIENTED_EDGE ( 'NONE', *, *, #3654, .T. ) ;
#354 = CARTESIAN_POINT ( 'NONE',  ( 0.0000000000000000000, 0.4000000000000000200, 0.0000000000000000000 ) ) ;
#355 = ORIENTED_EDGE ( 'NONE', *, *, #4870, .F. ) ;
#356 = DIRECTION ( 'NONE',  ( -2.372876381782987800E-016, 0.0000000000000000000, -1.000000000000000000 ) ) ;
#357 = VECTOR ( 'NONE', #5459, 1000.000000000000000 ) ;
#358 = CARTESIAN_POINT ( 'NONE',  ( 0.0000000000000000000, -0.9499999999999999600, 0.0000000000000000000 ) ) ;
#359 = CARTESIAN_POINT ( 'NONE',  ( 0.7010740004227079500, -0.1000000000000000100, -1.190489813122816500 ) ) ;
#360 = DIRECTION ( 'NONE',  ( 1.000000000000000000, 0.0000000000000000000, 1.667627088515393900E-017 ) ) ;
#361 = VERTEX_POINT ( 'NONE', #7236 ) ;
#362 = DIRECTION ( 'NONE',  ( 4.725111164402086400E-032, -1.000000000000000000, -3.491481338843133400E-015 ) ) ;
#363 = EDGE_CURVE ( 'NONE', #293, #3523, #1611, .T. ) ;
#364 = PLANE ( 'NONE',  #7356 ) ;
#365 = VECTOR ( 'NONE', #1427, 1000.000000000000000 ) ;
#366 = DIRECTION ( 'NONE',  ( -6.151150412723322900E-016, 3.491481338843133400E-015, -1.000000000000000000 ) ) ;
#367 = ORIENTED_EDGE ( 'NONE', *, *, #7379, .T. ) ;
#368 = EDGE_CURVE ( 'NONE', #5320, #4654, #251, .T. ) ;
#369 = DIRECTION ( 'NONE',  ( 0.0000000000000000000, 1.000000000000000000, 0.0000000000000000000 ) ) ;
#370 = FACE_OUTER_BOUND ( 'NONE', #4879, .T. ) ;
#371 = EDGE_LOOP ( 'NONE', ( #5869, #3621, #1983, #5308, #683, #2590, #1910, #7159, #6894, #6885, #3505, #6205, #1209, #160, #5789, #4771, #448, #7473, #7147, #5196, #2988, #3315, #224, #5214, #7031, #2315, #4107, #3816, #7591, #4171, #2946, #7594 ) ) ;
#372 = FACE_OUTER_BOUND ( 'NONE', #5413, .T. ) ;
#373 = DIRECTION ( 'NONE',  ( 0.0000000000000000000, 1.000000000000000000, 3.461396037702079100E-015 ) ) ;
#374 = VECTOR ( 'NONE', #3833, 1000.000000000000100 ) ;
#375 = VERTEX_POINT ( 'NONE', #3308 ) ;
#376 = DIRECTION ( 'NONE',  ( 0.0000000000000000000, 0.0000000000000000000, -1.000000000000000000 ) ) ;
#377 = ADVANCED_FACE ( 'NONE', ( #5643 ), #6285, .F. ) ;
#378 = DIRECTION ( 'NONE',  ( -2.449293598294706400E-016, 0.0000000000000000000, 1.000000000000000000 ) ) ;
#379 = PRODUCT ( 'SKSGAAE010', 'SKSGAAE010', '', ( #3309 ) ) ;
#380 = FACE_OUTER_BOUND ( 'NONE', #3583, .T. ) ;
#381 = EDGE_CURVE ( 'NONE', #2897, #3323, #714, .T. ) ;
#382 = DIRECTION ( 'NONE',  ( 0.0000000000000000000, -1.000000000000000000, -3.491481338843133400E-015 ) ) ;
#383 = SURFACE_STYLE_USAGE ( .BOTH. , #6230 ) ;
#384 = EDGE_CURVE ( 'NONE', #5277, #5079, #526, .T. ) ;
#385 = LINE ( 'NONE', #903, #2300 ) ;
#386 = DIRECTION ( 'NONE',  ( -1.731912112470991500E-016, 0.7071067811865454600, -0.7071067811865495700 ) ) ;
#387 = VECTOR ( 'NONE', #178, 1000.000000000000000 ) ;
#388 = ORIENTED_EDGE ( 'NONE', *, *, #1423, .F. ) ;
#389 = ORIENTED_EDGE ( 'NONE', *, *, #4727, .T. ) ;
#390 = DIRECTION ( 'NONE',  ( 0.0000000000000000000, 0.4758085574081127900, -0.8795488711249709300 ) ) ;
#391 = LINE ( 'NONE', #105, #6079 ) ;
#392 = AXIS2_PLACEMENT_3D ( 'NONE', #7156, #1916, #1358 ) ;
#393 = EDGE_CURVE ( 'NONE', #2136, #183, #2980, .T. ) ;
#394 = EDGE_LOOP ( 'NONE', ( #1556, #5927, #2080, #3360 ) ) ;
#395 = DIRECTION ( 'NONE',  ( 2.449293598294706400E-016, -0.0000000000000000000, 1.000000000000000000 ) ) ;
#396 = CARTESIAN_POINT ( 'NONE',  ( 0.7010740004227081800, -0.1499999999999999700, 1.200000000000000600 ) ) ;
#397 = EDGE_LOOP ( 'NONE', ( #1667, #7017, #187, #4041 ) ) ;
#398 = ORIENTED_EDGE ( 'NONE', *, *, #921, .T. ) ;
#399 = LINE ( 'NONE', #2171, #1331 ) ;
#400 = ORIENTED_EDGE ( 'NONE', *, *, #4570, .F. ) ;
#401 = ORIENTED_EDGE ( 'NONE', *, *, #5381, .T. ) ;
#402 = EDGE_CURVE ( 'NONE', #2499, #7402, #6380, .T. ) ;
#403 = ORIENTED_EDGE ( 'NONE', *, *, #3617, .F. ) ;
#404 = AXIS2_PLACEMENT_3D ( 'NONE', #3866, #2696, #6803 ) ;
#405 = DIRECTION ( 'NONE',  ( 0.06674660825839352800, -0.9977699586006789600, 0.0000000000000000000 ) ) ;
#406 = LINE ( 'NONE', #3680, #2872 ) ;
#407 = CARTESIAN_POINT ( 'NONE',  ( -1.447527658732871600, -0.7266680502297832000, 1.350000000000003000 ) ) ;
#408 = ORIENTED_EDGE ( 'NONE', *, *, #3397, .F. ) ;
#409 = LINE ( 'NONE', #5012, #1050 ) ;
#410 = CARTESIAN_POINT ( 'NONE',  ( 1.600000000000000100, -0.02110947949653460600, 0.3459031131721502200 ) ) ;
#411 = PLANE ( 'NONE',  #6639 ) ;
#412 = EDGE_CURVE ( 'NONE', #3170, #4223, #3888, .T. ) ;
#413 = CARTESIAN_POINT ( 'NONE',  ( -1.450000000000000400, -1.000000000000000000, -0.6653012290366856500 ) ) ;
#414 = FACE_OUTER_BOUND ( 'NONE', #5024, .T. ) ;
#415 = AXIS2_PLACEMENT_3D ( 'NONE', #5334, #1887, #3002 ) ;
#416 = CARTESIAN_POINT ( 'NONE',  ( 0.5165027480058548300, 0.0000000000000000000, 1.143289036108584800 ) ) ;
#417 = EDGE_CURVE ( 'NONE', #5333, #4218, #5475, .T. ) ;
#418 = LINE ( 'NONE', #676, #4910 ) ;
#419 = ORIENTED_EDGE ( 'NONE', *, *, #152, .T. ) ;
#420 = CARTESIAN_POINT ( 'NONE',  ( 0.5165027480058548300, -0.1000000000000000100, 1.143289036108584800 ) ) ;
#421 = VERTEX_POINT ( 'NONE', #1437 ) ;
#422 = CARTESIAN_POINT ( 'NONE',  ( 1.053594130719925500, -0.4810162188969695500, -1.350000000000001900 ) ) ;
#423 = DIRECTION ( 'NONE',  ( -1.000000000000000000, -0.0000000000000000000, -0.0000000000000000000 ) ) ;
#424 = ADVANCED_FACE ( 'NONE', ( #3720 ), #3190, .F. ) ;
#425 = ORIENTED_EDGE ( 'NONE', *, *, #6575, .F. ) ;
#426 = CARTESIAN_POINT ( 'NONE',  ( -1.500000000000000000, -0.9499999999999999600, 0.6600000000000000300 ) ) ;
#427 = VECTOR ( 'NONE', #7302, 1000.000000000000000 ) ;
#428 = ORIENTED_EDGE ( 'NONE', *, *, #4333, .F. ) ;
#429 = ORIENTED_EDGE ( 'NONE', *, *, #301, .T. ) ;
#430 = DIRECTION ( 'NONE',  ( 1.000000000000000000, 0.0000000000000000000, 0.0000000000000000000 ) ) ;
#431 = AXIS2_PLACEMENT_3D ( 'NONE', #6921, #1697, #6377 ) ;
#432 = CARTESIAN_POINT ( 'NONE',  ( -1.600000000000000100, 0.0000000000000000000, -0.4459031131721494200 ) ) ;
#433 = FACE_OUTER_BOUND ( 'NONE', #6660, .T. ) ;
#434 = ORIENTED_EDGE ( 'NONE', *, *, #2240, .T. ) ;
#435 = CARTESIAN_POINT ( 'NONE',  ( 1.500000000000000000, -0.9499999999999999600, 0.6600000000000000300 ) ) ;
#436 = ORIENTED_EDGE ( 'NONE', *, *, #2883, .T. ) ;
#437 = CARTESIAN_POINT ( 'NONE',  ( -0.8890101095548963400, -0.5975000926685797300, -1.250000000000002200 ) ) ;
#438 = CARTESIAN_POINT ( 'NONE',  ( -1.745395374870707400, -0.7493526410928823500, -0.005376450193525712400 ) ) ;
#439 = LINE ( 'NONE', #5902, #5493 ) ;
#440 = AXIS2_PLACEMENT_3D ( 'NONE', #4632, #5762, #1123 ) ;
#441 = VECTOR ( 'NONE', #1227, 999.9999999999998900 ) ;
#442 = DIRECTION ( 'NONE',  ( 0.0000000000000000000, 1.000000000000000000, 0.0000000000000000000 ) ) ;
#443 = VERTEX_POINT ( 'NONE', #331 ) ;
#444 = CARTESIAN_POINT ( 'NONE',  ( -0.7010740004227081800, -0.1499999999999999700, 1.200000000000000600 ) ) ;
#445 = EDGE_CURVE ( 'NONE', #6105, #3407, #3342, .T. ) ;
#446 = CARTESIAN_POINT ( 'NONE',  ( -1.450893303781768200, -0.1000000000000000100, -1.052476713040993600 ) ) ;
#447 = ORIENTED_EDGE ( 'NONE', *, *, #524, .F. ) ;
#448 = ORIENTED_EDGE ( 'NONE', *, *, #2172, .T. ) ;
#449 = DIRECTION ( 'NONE',  ( 1.000000000000000000, -0.0000000000000000000, -0.0000000000000000000 ) ) ;
#450 = ORIENTED_EDGE ( 'NONE', *, *, #5422, .F. ) ;
#451 = CARTESIAN_POINT ( 'NONE',  ( -1.600000000000000100, -0.1000000000000000600, -0.4459031131721494200 ) ) ;
#452 = DIRECTION ( 'NONE',  ( 0.05238247302969425300, 0.9986270958267120500, -1.283000558544752400E-017 ) ) ;
#453 = EDGE_CURVE ( 'NONE', #7560, #2411, #5826, .T. ) ;
#454 = VECTOR ( 'NONE', #3478, 1000.000000000000000 ) ;
#455 = AXIS2_PLACEMENT_3D ( 'NONE', #3464, #7515, #1095 ) ;
#456 = CARTESIAN_POINT ( 'NONE',  ( 1.450000000000000200, -1.000000000000000000, 0.6653012290366859800 ) ) ;
#457 = ORIENTED_EDGE ( 'NONE', *, *, #4505, .T. ) ;
#458 = CARTESIAN_POINT ( 'NONE',  ( -1.600000000000000100, 0.0000000000000000000, -0.3459031131721494500 ) ) ;
#459 = CARTESIAN_POINT ( 'NONE',  ( 1.450000000000000200, -1.000000000000000000, 0.6653012290366859800 ) ) ;
#460 = ADVANCED_FACE ( 'NONE', ( #7304 ), #4444, .T. ) ;
#461 = EDGE_CURVE ( 'NONE', #1948, #5277, #3431, .T. ) ;
#462 = VECTOR ( 'NONE', #4486, 1000.000000000000000 ) ;
#463 = EDGE_LOOP ( 'NONE', ( #2730, #5672, #1784, #4713, #5862 ) ) ;
#464 = DIRECTION ( 'NONE',  ( -1.000000000000000000, 2.147662687844072100E-030, 6.151150412723322900E-016 ) ) ;
#465 = DIRECTION ( 'NONE',  ( -0.05238247302969425300, 0.9986270958267120500, -1.283000558544752400E-017 ) ) ;
#466 = CARTESIAN_POINT ( 'NONE',  ( 1.600000000000000100, -0.1000000000000000500, -0.3459031131721494500 ) ) ;
#467 = VECTOR ( 'NONE', #6044, 999.9999999999998900 ) ;
#468 = ORIENTED_EDGE ( 'NONE', *, *, #384, .T. ) ;
#469 = EDGE_CURVE ( 'NONE', #856, #4365, #4265, .T. ) ;
#470 = DIRECTION ( 'NONE',  ( 1.000000000000000000, -0.0000000000000000000, -0.0000000000000000000 ) ) ;
#471 = LINE ( 'NONE', #3134, #4780 ) ;
#472 = ORIENTED_EDGE ( 'NONE', *, *, #2839, .T. ) ;
#473 = CARTESIAN_POINT ( 'NONE',  ( 1.096148662824762100, 0.0000000000000000000, 0.0000000000000000000 ) ) ;
#474 = AXIS2_PLACEMENT_3D ( 'NONE', #1384, #191, #4894 ) ;
#475 = DIRECTION ( 'NONE',  ( 0.0000000000000000000, -1.355252715606880500E-016, -1.000000000000000000 ) ) ;
#476 = DIRECTION ( 'NONE',  ( 2.592963218374910500E-032, -1.000000000000000000, -1.092751075564479400E-016 ) ) ;
#477 = ORIENTED_EDGE ( 'NONE', *, *, #7152, .F. ) ;
#478 = LINE ( 'NONE', #2831, #4119 ) ;
#479 = VECTOR ( 'NONE', #2046, 1000.000000000000000 ) ;
#480 = VECTOR ( 'NONE', #6677, 1000.000000000000100 ) ;
#481 = ORIENTED_EDGE ( 'NONE', *, *, #6812, .F. ) ;
#482 = DIRECTION ( 'NONE',  ( 0.0000000000000000000, 0.0000000000000000000, -1.000000000000000000 ) ) ;
#483 = VECTOR ( 'NONE', #3330, 1000.000000000000000 ) ;
#484 = CARTESIAN_POINT ( 'NONE',  ( 1.499999999999999800, -0.1000000000000000100, 0.9138294609943661300 ) ) ;
#485 = ORIENTED_EDGE ( 'NONE', *, *, #895, .F. ) ;
#486 = AXIS2_PLACEMENT_3D ( 'NONE', #3074, #3024, #6620 ) ;
#487 = FILL_AREA_STYLE ('',( #4547 ) ) ;
#488 = VECTOR ( 'NONE', #5755, 1000.000000000000000 ) ;
#489 = ORIENTED_EDGE ( 'NONE', *, *, #4860, .T. ) ;
#490 = VERTEX_POINT ( 'NONE', #4368 ) ;
#491 = EDGE_CURVE ( 'NONE', #711, #112, #3881, .T. ) ;
#492 = CARTESIAN_POINT ( 'NONE',  ( -1.500000000000000200, -0.8800000000000000000, -0.6599999999999997000 ) ) ;
#493 = EDGE_CURVE ( 'NONE', #5222, #6401, #6017, .T. ) ;
#494 = CARTESIAN_POINT ( 'NONE',  ( 1.500000000000000000, 0.0000000000000000000, 1.836970198721030200E-016 ) ) ;
#495 = VERTEX_POINT ( 'NONE', #4390 ) ;
#496 = DIRECTION ( 'NONE',  ( 1.000000000000000000, -6.327147275692834200E-031, -6.151150412723322900E-016 ) ) ;
#497 = ORIENTED_EDGE ( 'NONE', *, *, #5397, .T. ) ;
#498 = AXIS2_PLACEMENT_3D ( 'NONE', #1704, #2876, #3557 ) ;
#499 = EDGE_CURVE ( 'NONE', #3723, #1126, #6749, .T. ) ;
#500 = VECTOR ( 'NONE', #995, 1000.000000000000000 ) ;
#501 = ADVANCED_FACE ( 'NONE', ( #1517 ), #2433, .T. ) ;
#502 =( NAMED_UNIT ( * ) SI_UNIT ( $, .STERADIAN. ) SOLID_ANGLE_UNIT ( ) );
#503 = VERTEX_POINT ( 'NONE', #5503 ) ;
#504 = LINE ( 'NONE', #3846, #2146 ) ;
#505 = LINE ( 'NONE', #3901, #1600 ) ;
#506 = CARTESIAN_POINT ( 'NONE',  ( -1.500000000000000000, -0.1000000000000000100, 0.4459031131721502000 ) ) ;
#507 = ADVANCED_FACE ( 'NONE', ( #1893 ), #1705, .T. ) ;
#508 = EDGE_CURVE ( 'NONE', #228, #6413, #6195, .T. ) ;
#509 =( BOUNDED_CURVE ( )  B_SPLINE_CURVE ( 3, ( #5957, #7139, #4873, #3607 ),
 .UNSPECIFIED., .F., .F. ) 
 B_SPLINE_CURVE_WITH_KNOTS ( ( 4, 4 ),
 ( 3.141592653589793100, 4.645592711925857500 ),
 .UNSPECIFIED. ) 
 CURVE ( )  GEOMETRIC_REPRESENTATION_ITEM ( )  RATIONAL_B_SPLINE_CURVE ( ( 1.000000000000000000, 0.8202160726404466000, 0.8202160726404466000, 1.000000000000000000 ) ) 
 REPRESENTATION_ITEM ( '' )  );
#510 = AXIS2_PLACEMENT_3D ( 'NONE', #4537, #3887, #5106 ) ;
#511 = VECTOR ( 'NONE', #2228, 1000.000000000000000 ) ;
#512 = CARTESIAN_POINT ( 'NONE',  ( 1.468629210512393500, -0.4381199093104634100, 1.866607263856683100 ) ) ;
#513 = DIRECTION ( 'NONE',  ( -1.000000000000000000, 0.0000000000000000000, 0.0000000000000000000 ) ) ;
#514 =( LENGTH_UNIT ( ) NAMED_UNIT ( * ) SI_UNIT ( .MILLI., .METRE. ) );
#515 = ORIENTED_EDGE ( 'NONE', *, *, #4766, .T. ) ;
#516 = CARTESIAN_POINT ( 'NONE',  ( 1.500000000000000200, -0.9499999999999999600, -0.9999999999999995600 ) ) ;
#517 = CARTESIAN_POINT ( 'NONE',  ( 1.619775180544096100, -0.3697070418052864600, 0.2000000000000000100 ) ) ;
#518 = FACE_OUTER_BOUND ( 'NONE', #778, .T. ) ;
#519 = ORIENTED_EDGE ( 'NONE', *, *, #3121, .F. ) ;
#520 = EDGE_CURVE ( 'NONE', #5250, #2251, #1150, .T. ) ;
#521 = CARTESIAN_POINT ( 'NONE',  ( -1.095778389361269400, -0.1000000000000000100, 1.250000000000000400 ) ) ;
#522 = ORIENTED_EDGE ( 'NONE', *, *, #381, .T. ) ;
#523 = CARTESIAN_POINT ( 'NONE',  ( -1.053594130719925500, -5.421010862427522200E-017, 1.200000000000000600 ) ) ;
#524 = EDGE_CURVE ( 'NONE', #768, #5482, #3075, .T. ) ;
#525 = DIRECTION ( 'NONE',  ( -0.0000000000000000000, -0.0000000000000000000, -1.000000000000000000 ) ) ;
#526 = LINE ( 'NONE', #1280, #3437 ) ;
#527 = ORIENTED_EDGE ( 'NONE', *, *, #6702, .T. ) ;
#528 = EDGE_LOOP ( 'NONE', ( #4180, #39, #389, #5741 ) ) ;
#529 = CARTESIAN_POINT ( 'NONE',  ( 1.198516098867771200, -0.4809284779894625900, 1.250000000000002000 ) ) ;
#530 = ORIENTED_EDGE ( 'NONE', *, *, #5932, .F. ) ;
#531 = CARTESIAN_POINT ( 'NONE',  ( 1.096148662824762300, -0.5900400513188783800, -1.052476713040993800 ) ) ;
#532 = VECTOR ( 'NONE', #465, 1000.000000000000100 ) ;
#533 = CARTESIAN_POINT ( 'NONE',  ( -1.500000000000000000, -0.8800000000000000000, 0.6600000000000000300 ) ) ;
#534 = ORIENTED_EDGE ( 'NONE', *, *, #1394, .T. ) ;
#535 = ORIENTED_EDGE ( 'NONE', *, *, #4161, .F. ) ;
#536 = ORIENTED_EDGE ( 'NONE', *, *, #4236, .T. ) ;
#537 = CARTESIAN_POINT ( 'NONE',  ( 1.163414459189985700E-016, -0.1000000000000000100, -0.9499999999999999600 ) ) ;
#538 = ORIENTED_EDGE ( 'NONE', *, *, #6080, .F. ) ;
#539 = DIRECTION ( 'NONE',  ( 0.0000000000000000000, -0.0000000000000000000, -1.000000000000000000 ) ) ;
#540 = EDGE_CURVE ( 'NONE', #2621, #307, #7578, .T. ) ;
#541 = EDGE_CURVE ( 'NONE', #217, #1948, #967, .T. ) ;
#542 = LINE ( 'NONE', #4668, #7514 ) ;
#543 = ADVANCED_FACE ( 'NONE', ( #2331 ), #2729, .F. ) ;
#544 = LINE ( 'NONE', #3817, #5575 ) ;
#545 = LINE ( 'NONE', #5751, #6398 ) ;
#546 = ORIENTED_EDGE ( 'NONE', *, *, #2164, .F. ) ;
#547 = STYLED_ITEM ( 'NONE', ( #6760 ), #2524 ) ;
#548 = B_SPLINE_CURVE_WITH_KNOTS ( 'NONE', 3,
 ( #5442, #7110, #706, #1292, #5983, #172, #1883, #4254, #5389, #751, #2458, #6568, #3053 ),
 .UNSPECIFIED., .F., .F.,
 ( 4, 3, 3, 3, 4 ),
 ( 0.0000000000000000000, 3.231034989478934400E-005, 6.474271171772250200E-005, 9.577658122321242100E-005, 0.0001114974093898516400 ),
 .UNSPECIFIED. ) ;
#549 = DIRECTION ( 'NONE',  ( 0.05238247302969425300, 0.9986270958267120500, 1.283000558544752400E-017 ) ) ;
#550 = ORIENTED_EDGE ( 'NONE', *, *, #541, .T. ) ;
#551 = ADVANCED_FACE ( 'NONE', ( #7015 ), #4355, .T. ) ;
#552 = FILL_AREA_STYLE ('',( #6968 ) ) ;
#553 = VECTOR ( 'NONE', #1921, 1000.000000000000000 ) ;
#554 = CARTESIAN_POINT ( 'NONE',  ( -1.705570027418666000, -0.1540184913088140400, 0.3166807910627079700 ) ) ;
#555 = DIRECTION ( 'NONE',  ( 0.0000000000000000000, 0.0000000000000000000, -1.000000000000000000 ) ) ;
#556 = ORIENTED_EDGE ( 'NONE', *, *, #499, .F. ) ;
#557 = AXIS2_PLACEMENT_3D ( 'NONE', #4712, #5861, #646 ) ;
#558 = CARTESIAN_POINT ( 'NONE',  ( 1.600000000000000100, -0.02110947949653460600, -0.3459031131721493900 ) ) ;
#559 = FACE_OUTER_BOUND ( 'NONE', #7395, .T. ) ;
#560 = ORIENTED_EDGE ( 'NONE', *, *, #3883, .T. ) ;
#561 = CARTESIAN_POINT ( 'NONE',  ( 1.257582580033950400, 0.0000000000000000000, -1.039254521236307600 ) ) ;
#562 = DIRECTION ( 'NONE',  ( 1.000000000000000000, 0.0000000000000000000, -2.449293598294706400E-016 ) ) ;
#563 = VECTOR ( 'NONE', #5435, 1000.000000000000000 ) ;
#564 = EDGE_LOOP ( 'NONE', ( #6694, #1438, #4422, #3941 ) ) ;
#565 = CARTESIAN_POINT ( 'NONE',  ( -1.316993844434797900, 0.0000000000000000000, -0.9733463376187478900 ) ) ;
#566 = EDGE_CURVE ( 'NONE', #7313, #6822, #7212, .T. ) ;
#567 = CIRCLE ( 'NONE', #3128, 0.05951687662438182700 ) ;
#568 = CARTESIAN_POINT ( 'NONE',  ( -1.600000000000000100, -0.02110947949653460600, -0.3459031131721493900 ) ) ;
#569 = DIRECTION ( 'NONE',  ( 0.0000000000000000000, 0.0000000000000000000, -1.000000000000000000 ) ) ;
#570 = FACE_OUTER_BOUND ( 'NONE', #3695, .T. ) ;
#571 = ORIENTED_EDGE ( 'NONE', *, *, #5779, .F. ) ;
#572 = PLANE ( 'NONE',  #3862 ) ;
#573 = LINE ( 'NONE', #2913, #3120 ) ;
#574 = PLANE ( 'NONE',  #5583 ) ;
#575 = CARTESIAN_POINT ( 'NONE',  ( -1.181336235645685100, -0.5192282339237753700, 1.350000000000002300 ) ) ;
#576 = VECTOR ( 'NONE', #5287, 1000.000000000000000 ) ;
#577 = ORIENTED_EDGE ( 'NONE', *, *, #4217, .T. ) ;
#578 = ORIENTED_EDGE ( 'NONE', *, *, #6296, .F. ) ;
#579 = CARTESIAN_POINT ( 'NONE',  ( 1.053594130719925500, -0.1499999999999999700, 1.200000000000000600 ) ) ;
#580 = LINE ( 'NONE', #3157, #7272 ) ;
#581 = ORIENTED_EDGE ( 'NONE', *, *, #161, .T. ) ;
#582 = CARTESIAN_POINT ( 'NONE',  ( -1.530824860012661700, -0.0009647512213145965500, -0.3736895409870531500 ) ) ;
#583 = ADVANCED_FACE ( 'NONE', ( #518 ), #2618, .F. ) ;
#584 = EDGE_LOOP ( 'NONE', ( #7284, #4935, #1933, #5095, #5000, #6776 ) ) ;
#585 = ORIENTED_EDGE ( 'NONE', *, *, #1190, .T. ) ;
#586 = ADVANCED_FACE ( 'NONE', ( #3712 ), #5683, .T. ) ;
#587 = CARTESIAN_POINT ( 'NONE',  ( -1.053594130719925500, -0.4810162188969695500, 1.350000000000001900 ) ) ;
#588 = DIRECTION ( 'NONE',  ( -1.000000000000000000, 0.0000000000000000000, 0.0000000000000000000 ) ) ;
#589 = LINE ( 'NONE', #2561, #1957 ) ;
#590 = ORIENTED_EDGE ( 'NONE', *, *, #803, .T. ) ;
#591 = ORIENTED_EDGE ( 'NONE', *, *, #1042, .F. ) ;
#592 = AXIS2_PLACEMENT_3D ( 'NONE', #6720, #6059, #1976 ) ;
#593 = CARTESIAN_POINT ( 'NONE',  ( 1.096148662824761900, -0.4810162188969695500, -1.350000000000001900 ) ) ;
#594 = ORIENTED_EDGE ( 'NONE', *, *, #716, .F. ) ;
#595 = ORIENTED_EDGE ( 'NONE', *, *, #6407, .T. ) ;
#596 = EDGE_CURVE ( 'NONE', #5691, #3357, #2526, .T. ) ;
#597 = DIRECTION ( 'NONE',  ( 0.0000000000000000000, 0.0000000000000000000, 1.000000000000000000 ) ) ;
#598 = DIRECTION ( 'NONE',  ( 0.0000000000000000000, 0.0000000000000000000, 1.000000000000000000 ) ) ;
#599 = CARTESIAN_POINT ( 'NONE',  ( -1.500000000000000000, -0.8800000000000000000, 1.000000000000000000 ) ) ;
#600 = VECTOR ( 'NONE', #5361, 1000.000000000000000 ) ;
#601 = DIRECTION ( 'NONE',  ( -1.000000000000000000, 0.0000000000000000000, 6.151150412723322900E-016 ) ) ;
#602 = ORIENTED_EDGE ( 'NONE', *, *, #739, .T. ) ;
#603 = LINE ( 'NONE', #3316, #3329 ) ;
#604 = STYLED_ITEM ( 'NONE', ( #2328 ), #3689 ) ;
#605 = CARTESIAN_POINT ( 'NONE',  ( -1.500000000000000000, -0.8800000000000000000, 0.6600000000000000300 ) ) ;
#606 = DIRECTION ( 'NONE',  ( 0.0000000000000000000, 1.000000000000000000, 0.0000000000000000000 ) ) ;
#607 = DIRECTION ( 'NONE',  ( 1.000000000000000000, -0.0000000000000000000, -0.0000000000000000000 ) ) ;
#608 = CARTESIAN_POINT ( 'NONE',  ( 1.607764218758668300, -0.1901596886722744800, 0.4000000000000000200 ) ) ;
#609 = FACE_OUTER_BOUND ( 'NONE', #7349, .T. ) ;
#610 = CARTESIAN_POINT ( 'NONE',  ( 1.096148662824762300, -0.9499999999999999600, -1.217574864917437600 ) ) ;
#611 = VERTEX_POINT ( 'NONE', #5073 ) ;
#612 = DIRECTION ( 'NONE',  ( 6.151150412723322900E-016, -3.491481338843133400E-015, -1.000000000000000000 ) ) ;
#613 = FACE_OUTER_BOUND ( 'NONE', #6034, .T. ) ;
#614 = ORIENTED_EDGE ( 'NONE', *, *, #4161, .T. ) ;
#615 = ORIENTED_EDGE ( 'NONE', *, *, #6133, .T. ) ;
#616 = DIRECTION ( 'NONE',  ( 6.151150412723322900E-016, -3.491481338843133400E-015, -1.000000000000000000 ) ) ;
#617 = EDGE_CURVE ( 'NONE', #1364, #80, #328, .T. ) ;
#618 = DIRECTION ( 'NONE',  ( -2.372876381782987800E-016, 0.0000000000000000000, 1.000000000000000000 ) ) ;
#619 = CARTESIAN_POINT ( 'NONE',  ( -1.500000000000000000, -0.9499999999999999600, 1.052476713040994000 ) ) ;
#620 = VERTEX_POINT ( 'NONE', #2739 ) ;
#621 = LINE ( 'NONE', #1877, #2707 ) ;
#622 = VERTEX_POINT ( 'NONE', #6210 ) ;
#623 = ORIENTED_EDGE ( 'NONE', *, *, #277, .T. ) ;
#624 = EDGE_CURVE ( 'NONE', #1166, #2411, #2799, .T. ) ;
#625 = VERTEX_POINT ( 'NONE', #416 ) ;
#626 = CARTESIAN_POINT ( 'NONE',  ( 1.096148662824762100, -0.9499999999999999600, 1.052476713040994000 ) ) ;
#627 = EDGE_LOOP ( 'NONE', ( #7226, #6567, #4558, #3679 ) ) ;
#628 = AXIS2_PLACEMENT_3D ( 'NONE', #5978, #1944, #7229 ) ;
#629 = DIRECTION ( 'NONE',  ( -2.372876381782987800E-016, -1.092751075564479400E-016, 1.000000000000000000 ) ) ;
#630 = CARTESIAN_POINT ( 'NONE',  ( 0.7010740004227080700, -0.1000000000000000100, 1.250000000000000200 ) ) ;
#631 = ADVANCED_FACE ( 'NONE', ( #613 ), #7125, .F. ) ;
#632 = CARTESIAN_POINT ( 'NONE',  ( 1.257582580033950400, -0.1000000000000000100, -1.039254521236307600 ) ) ;
#633 = VECTOR ( 'NONE', #682, 1000.000000000000000 ) ;
#634 = DIRECTION ( 'NONE',  ( -0.0000000000000000000, -1.000000000000000000, -0.0000000000000000000 ) ) ;
#635 = DIRECTION ( 'NONE',  ( 1.000000000000000000, 0.0000000000000000000, 0.0000000000000000000 ) ) ;
#636 = LINE ( 'NONE', #5737, #3815 ) ;
#637 = ORIENTED_EDGE ( 'NONE', *, *, #7118, .F. ) ;
#638 = ORIENTED_EDGE ( 'NONE', *, *, #6975, .T. ) ;
#639 = CARTESIAN_POINT ( 'NONE',  ( -0.5165027480058548300, -0.1000000000000000100, 1.143289036108584800 ) ) ;
#640 = LINE ( 'NONE', #4093, #5565 ) ;
#641 = PLANE ( 'NONE',  #6310 ) ;
#642 = VECTOR ( 'NONE', #6415, 1000.000000000000000 ) ;
#643 = CARTESIAN_POINT ( 'NONE',  ( -1.500000000000000000, -0.9499999999999999600, 1.836970198721030200E-016 ) ) ;
#644 = EDGE_CURVE ( 'NONE', #3137, #620, #4826, .T. ) ;
#645 = EDGE_CURVE ( 'NONE', #3222, #2508, #4633, .T. ) ;
#646 = DIRECTION ( 'NONE',  ( -6.151150412723322900E-016, 0.0000000000000000000, -1.000000000000000000 ) ) ;
#647 = VERTEX_POINT ( 'NONE', #2663 ) ;
#648 = DIRECTION ( 'NONE',  ( -1.000000000000000000, 0.0000000000000000000, 0.0000000000000000000 ) ) ;
#649 = AXIS2_PLACEMENT_3D ( 'NONE', #4787, #5345, #588 ) ;
#650 = CARTESIAN_POINT ( 'NONE',  ( 1.095778389361269800, -0.1000000000000000100, -1.866607263856682900 ) ) ;
#651 = LINE ( 'NONE', #1451, #6418 ) ;
#652 = ORIENTED_EDGE ( 'NONE', *, *, #1604, .T. ) ;
#653 = CARTESIAN_POINT ( 'NONE',  ( 1.053594130719925500, -0.4810162188969698300, -1.250000000000002000 ) ) ;
#654 = CARTESIAN_POINT ( 'NONE',  ( -1.447527658732871600, -0.5310819161150369700, -1.250000000000002400 ) ) ;
#655 = LINE ( 'NONE', #4310, #6704 ) ;
#656 = ORIENTED_EDGE ( 'NONE', *, *, #6080, .T. ) ;
#657 = AXIS2_PLACEMENT_3D ( 'NONE', #1074, #5783, #1746 ) ;
#658 = CARTESIAN_POINT ( 'NONE',  ( 1.560484602748353000, -0.005951758430488294000, -0.3534614997863545500 ) ) ;
#659 = LINE ( 'NONE', #4943, #6708 ) ;
#660 = ORIENTED_EDGE ( 'NONE', *, *, #4719, .T. ) ;
#661 = ADVANCED_FACE ( 'NONE', ( #6829 ), #1005, .T. ) ;
#662 = EDGE_LOOP ( 'NONE', ( #556, #3073, #401, #2674 ) ) ;
#663 = ADVANCED_FACE ( 'NONE', ( #1247 ), #2127, .T. ) ;
#664 = CARTESIAN_POINT ( 'NONE',  ( 1.053594130719925500, -0.4810162188969698300, 1.250000000000002000 ) ) ;
#665 = LINE ( 'NONE', #7585, #5141 ) ;
#666 = DIRECTION ( 'NONE',  ( 6.151150412723322900E-016, -3.491481338843133400E-015, 1.000000000000000000 ) ) ;
#667 = VECTOR ( 'NONE', #6058, 1000.000000000000000 ) ;
#668 = EDGE_CURVE ( 'NONE', #1918, #6637, #1063, .T. ) ;
#669 = VECTOR ( 'NONE', #927, 1000.000000000000000 ) ;
#670 = ORIENTED_EDGE ( 'NONE', *, *, #3742, .F. ) ;
#671 = DIRECTION ( 'NONE',  ( -0.06674660825839352800, -0.9977699586006789600, 0.0000000000000000000 ) ) ;
#672 = FILL_AREA_STYLE ('',( #5322 ) ) ;
#673 = FACE_OUTER_BOUND ( 'NONE', #6850, .T. ) ;
#674 = EDGE_LOOP ( 'NONE', ( #7228, #3493, #2954, #2169 ) ) ;
#675 = DIRECTION ( 'NONE',  ( 0.0000000000000000000, 0.0000000000000000000, -1.000000000000000000 ) ) ;
#676 = CARTESIAN_POINT ( 'NONE',  ( -0.7010740004227080700, -0.1499999999999999700, 1.250000000000000400 ) ) ;
#677 = VECTOR ( 'NONE', #1144, 1000.000000000000000 ) ;
#678 = VERTEX_POINT ( 'NONE', #3879 ) ;
#679 = ORIENTED_EDGE ( 'NONE', *, *, #1527, .F. ) ;
#680 = CYLINDRICAL_SURFACE ( 'NONE', #2749, 0.8499999999999999800 ) ;
#681 = PRODUCT_DEFINITION_SHAPE ( 'NONE', 'NONE',  #7596 ) ;
#682 = DIRECTION ( 'NONE',  ( -1.000000000000000000, -0.0000000000000000000, -0.0000000000000000000 ) ) ;
#683 = ORIENTED_EDGE ( 'NONE', *, *, #2083, .F. ) ;
#684 = AXIS2_PLACEMENT_3D ( 'NONE', #5043, #5098, #7472 ) ;
#685 = CARTESIAN_POINT ( 'NONE',  ( 0.6092499729370461900, -0.1000000000000000100, -1.217362676867157500 ) ) ;
#686 = ORIENTED_EDGE ( 'NONE', *, *, #7157, .T. ) ;
#687 = EDGE_CURVE ( 'NONE', #6662, #2847, #5550, .T. ) ;
#688 = FACE_OUTER_BOUND ( 'NONE', #4288, .T. ) ;
#689 = DIRECTION ( 'NONE',  ( 2.449293598294706400E-016, 0.0000000000000000000, -1.000000000000000000 ) ) ;
#690 = VERTEX_POINT ( 'NONE', #4532 ) ;
#691 = LINE ( 'NONE', #214, #3967 ) ;
#692 = CARTESIAN_POINT ( 'NONE',  ( -1.450000000000000200, -0.9499999999999999600, 0.6653012290366859800 ) ) ;
#693 = DIRECTION ( 'NONE',  ( 1.017843322198098500E-031, -1.000000000000000000, 3.491481338843133400E-015 ) ) ;
#694 = AXIS2_PLACEMENT_3D ( 'NONE', #7280, #4941, #6831 ) ;
#695 = DIRECTION ( 'NONE',  ( -0.7071067811865473500, -0.0000000000000000000, 0.7071067811865477900 ) ) ;
#696 = CYLINDRICAL_SURFACE ( 'NONE', #6138, 0.09182402748566186000 ) ;
#697 = EDGE_CURVE ( 'NONE', #1268, #2129, #4442, .T. ) ;
#698 = CARTESIAN_POINT ( 'NONE',  ( -1.500000000000000200, -0.9499999999999999600, -1.052476713040993600 ) ) ;
#699 = CARTESIAN_POINT ( 'NONE',  ( -0.9500000000000000700, -0.9499999999999999600, 1.165301229036686000 ) ) ;
#700 = VECTOR ( 'NONE', #4251, 1000.000000000000000 ) ;
#701 = CARTESIAN_POINT ( 'NONE',  ( 1.511371717397266700, -0.1966079410694897000, 0.3459031131721501700 ) ) ;
#702 = CARTESIAN_POINT ( 'NONE',  ( 1.316993844434797700, -0.1000000000000000100, 1.039254521236307600 ) ) ;
#703 = ADVANCED_FACE ( 'NONE', ( #3252 ), #2687, .F. ) ;
#704 = VERTEX_POINT ( 'NONE', #6790 ) ;
#705 = AXIS2_PLACEMENT_3D ( 'NONE', #2288, #3998, #7536 ) ;
#706 = CARTESIAN_POINT ( 'NONE',  ( -1.580211397475753700, -0.01215624200168634700, 0.3473393961278742300 ) ) ;
#707 = VECTOR ( 'NONE', #2891, 1000.000000000000000 ) ;
#708 = CARTESIAN_POINT ( 'NONE',  ( -0.7010740004227078400, -0.5975000926685796200, 1.350000000000002100 ) ) ;
#709 = ORIENTED_EDGE ( 'NONE', *, *, #2447, .T. ) ;
#710 = DIRECTION ( 'NONE',  ( -1.000000000000000000, 0.0000000000000000000, 0.0000000000000000000 ) ) ;
#711 = VERTEX_POINT ( 'NONE', #2296 ) ;
#712 = CARTESIAN_POINT ( 'NONE',  ( 0.9500000000000000700, -1.000000000000000000, 1.165301229036686000 ) ) ;
#713 = CARTESIAN_POINT ( 'NONE',  ( -1.096148662824762300, -0.4381199093104634100, -1.303465212886776500 ) ) ;
#714 = LINE ( 'NONE', #2355, #4737 ) ;
#715 = ORIENTED_EDGE ( 'NONE', *, *, #2908, .F. ) ;
#716 = EDGE_CURVE ( 'NONE', #6401, #1268, #3801, .T. ) ;
#717 = VERTEX_POINT ( 'NONE', #7550 ) ;
#718 = CARTESIAN_POINT ( 'NONE',  ( 1.316993844434797900, -0.1000000000000000100, -0.9733463376187478900 ) ) ;
#719 = DIRECTION ( 'NONE',  ( 0.0000000000000000000, 0.0000000000000000000, 1.000000000000000000 ) ) ;
#720 = LINE ( 'NONE', #5274, #6496 ) ;
#721 = EDGE_LOOP ( 'NONE', ( #2380, #5241, #179, #4845 ) ) ;
#722 = DIRECTION ( 'NONE',  ( 1.000000000000000000, 2.147662687844072100E-030, 6.151150412723322900E-016 ) ) ;
#723 = CARTESIAN_POINT ( 'NONE',  ( -0.7010740004227079500, -0.1000000000000000100, -1.200000000000000600 ) ) ;
#724 = ORIENTED_EDGE ( 'NONE', *, *, #1938, .F. ) ;
#725 = VERTEX_POINT ( 'NONE', #5632 ) ;
#726 = CARTESIAN_POINT ( 'NONE',  ( -0.7010740004227079500, -0.09999999999999965900, -1.350000000000000300 ) ) ;
#727 = VECTOR ( 'NONE', #4172, 1000.000000000000000 ) ;
#728 = DIRECTION ( 'NONE',  ( 0.0000000000000000000, 0.8795488711249709300, -0.4758085574081127900 ) ) ;
#729 = CYLINDRICAL_SURFACE ( 'NONE', #838, 0.9499999999999999600 ) ;
#730 = CYLINDRICAL_SURFACE ( 'NONE', #11, 0.1966079410694898100 ) ;
#731 = CARTESIAN_POINT ( 'NONE',  ( -1.447527658732871600, -0.5310819161150366300, -1.350000000000002300 ) ) ;
#732 = ORIENTED_EDGE ( 'NONE', *, *, #7528, .F. ) ;
#733 = ORIENTED_EDGE ( 'NONE', *, *, #4364, .F. ) ;
#734 = FACE_OUTER_BOUND ( 'NONE', #2474, .T. ) ;
#735 = AXIS2_PLACEMENT_3D ( 'NONE', #1595, #5124, #7525 ) ;
#736 = VERTEX_POINT ( 'NONE', #4006 ) ;
#737 = ADVANCED_FACE ( 'NONE', ( #6374 ), #5767, .T. ) ;
#738 = DIRECTION ( 'NONE',  ( -6.151150412723322900E-016, -0.0000000000000000000, -1.000000000000000000 ) ) ;
#739 = EDGE_CURVE ( 'NONE', #5827, #6944, #2245, .T. ) ;
#740 = FACE_OUTER_BOUND ( 'NONE', #810, .T. ) ;
#741 = UNCERTAINTY_MEASURE_WITH_UNIT (LENGTH_MEASURE( 1.000000000000000100E-005 ), #514, 'distance_accuracy_value', 'NONE');
#742 = EDGE_LOOP ( 'NONE', ( #287, #355, #2106, #2143 ) ) ;
#743 = DIRECTION ( 'NONE',  ( -2.372876381782987800E-016, 1.092751075564479400E-016, 1.000000000000000000 ) ) ;
#744 = DIRECTION ( 'NONE',  ( 0.0000000000000000000, 1.000000000000000000, 0.0000000000000000000 ) ) ;
#745 = AXIS2_PLACEMENT_3D ( 'NONE', #4170, #1751, #2893 ) ;
#746 = VECTOR ( 'NONE', #4004, 1000.000000000000000 ) ;
#747 = ORIENTED_EDGE ( 'NONE', *, *, #5211, .F. ) ;
#748 = DIRECTION ( 'NONE',  ( 2.449293598294706400E-016, -0.0000000000000000000, 1.000000000000000000 ) ) ;
#749 = DIRECTION ( 'NONE',  ( 0.0000000000000000000, 1.000000000000000000, 0.0000000000000000000 ) ) ;
#750 = LINE ( 'NONE', #4598, #2209 ) ;
#751 = CARTESIAN_POINT ( 'NONE',  ( -1.519824373427275800, -0.0001817842124602862300, 0.3861379987351220600 ) ) ;
#752 = DIRECTION ( 'NONE',  ( 1.000000000000000000, 0.0000000000000000000, -0.0000000000000000000 ) ) ;
#753 = DIRECTION ( 'NONE',  ( -0.0000000000000000000, -1.000000000000000000, -0.0000000000000000000 ) ) ;
#754 = LINE ( 'NONE', #1590, #119 ) ;
#755 = ORIENTED_EDGE ( 'NONE', *, *, #445, .T. ) ;
#756 = EDGE_CURVE ( 'NONE', #6045, #5578, #1346, .T. ) ;
#757 = CARTESIAN_POINT ( 'NONE',  ( 1.705570027418666000, -0.1540184913088140400, 0.3166807910627079700 ) ) ;
#758 = AXIS2_PLACEMENT_3D ( 'NONE', #3599, #2985, #4191 ) ;
#759 = CIRCLE ( 'NONE', #3919, 0.05876815157098477100 ) ;
#760 = EDGE_CURVE ( 'NONE', #6674, #3543, #3979, .T. ) ;
#761 = LINE ( 'NONE', #3829, #479 ) ;
#762 = CIRCLE ( 'NONE', #3400, 0.05951687662438182700 ) ;
#763 = ORIENTED_EDGE ( 'NONE', *, *, #5659, .F. ) ;
#764 = ORIENTED_EDGE ( 'NONE', *, *, #6945, .T. ) ;
#765 = LINE ( 'NONE', #7398, #6446 ) ;
#766 = EDGE_CURVE ( 'NONE', #4920, #4885, #4070, .T. ) ;
#767 = ORIENTED_EDGE ( 'NONE', *, *, #6162, .T. ) ;
#768 = VERTEX_POINT ( 'NONE', #3450 ) ;
#769 = CARTESIAN_POINT ( 'NONE',  ( 0.7010740004227080700, -0.1499999999999999700, 1.250000000000000400 ) ) ;
#770 = ORIENTED_EDGE ( 'NONE', *, *, #5472, .T. ) ;
#771 = DIRECTION ( 'NONE',  ( 1.000000000000000000, -6.327147275692834200E-031, 6.151150412723322900E-016 ) ) ;
#772 = DIRECTION ( 'NONE',  ( 0.6240571255993386800, 0.0000000000000000000, -0.7813787199487143300 ) ) ;
#773 = FACE_OUTER_BOUND ( 'NONE', #1091, .T. ) ;
#774 = ORIENTED_EDGE ( 'NONE', *, *, #3619, .T. ) ;
#775 = ORIENTED_EDGE ( 'NONE', *, *, #2990, .F. ) ;
#776 = EDGE_LOOP ( 'NONE', ( #6126, #1298, #3050, #4736, #3312, #3513, #3204 ) ) ;
#777 = ADVANCED_FACE ( 'NONE', ( #6015 ), #6406, .F. ) ;
#778 = EDGE_LOOP ( 'NONE', ( #419, #23, #400, #4427 ) ) ;
#779 = CARTESIAN_POINT ( 'NONE',  ( 0.6603828416892074700, -0.9499999999999999600, 1.217574864917437800 ) ) ;
#780 = DIRECTION ( 'NONE',  ( 0.0000000000000000000, 0.0000000000000000000, 1.000000000000000000 ) ) ;
#781 = CARTESIAN_POINT ( 'NONE',  ( -1.095778389361269800, -0.1000000000000000100, -1.866607263856682900 ) ) ;
#782 = LINE ( 'NONE', #5335, #6462 ) ;
#783 = AXIS2_PLACEMENT_3D ( 'NONE', #2756, #378, #6861 ) ;
#784 = DIRECTION ( 'NONE',  ( 0.0000000000000000000, 3.433306879537431600E-015, 1.000000000000000000 ) ) ;
#785 = ORIENTED_EDGE ( 'NONE', *, *, #6449, .T. ) ;
#786 = LINE ( 'NONE', #7184, #5267 ) ;
#787 = EDGE_CURVE ( 'NONE', #2024, #3339, #7484, .T. ) ;
#788 = FACE_OUTER_BOUND ( 'NONE', #5929, .T. ) ;
#789 = VERTEX_POINT ( 'NONE', #6331 ) ;
#790 = VECTOR ( 'NONE', #4346, 1000.000000000000000 ) ;
#791 = VERTEX_POINT ( 'NONE', #5248 ) ;
#792 = DIRECTION ( 'NONE',  ( -0.0000000000000000000, -1.000000000000000000, -3.491481338843133400E-015 ) ) ;
#793 = VERTEX_POINT ( 'NONE', #2841 ) ;
#794 = DIRECTION ( 'NONE',  ( 0.0000000000000000000, 0.0000000000000000000, 1.000000000000000000 ) ) ;
#795 = DIRECTION ( 'NONE',  ( -6.151150412723322900E-016, 0.0000000000000000000, -1.000000000000000000 ) ) ;
#796 = ORIENTED_EDGE ( 'NONE', *, *, #3480, .T. ) ;
#797 = CIRCLE ( 'NONE', #7114, 0.09182402748566186000 ) ;
#798 = PLANE ( 'NONE',  #1799 ) ;
#799 = ORIENTED_EDGE ( 'NONE', *, *, #6349, .T. ) ;
#800 = DIRECTION ( 'NONE',  ( 0.0000000000000000000, -1.000000000000000000, -3.689761013415303100E-015 ) ) ;
#801 = ORIENTED_EDGE ( 'NONE', *, *, #4505, .F. ) ;
#802 = DIRECTION ( 'NONE',  ( 1.000000000000000000, 0.0000000000000000000, -3.928366239855319300E-016 ) ) ;
#803 = EDGE_CURVE ( 'NONE', #2125, #3282, #2056, .T. ) ;
#804 = AXIS2_PLACEMENT_3D ( 'NONE', #2577, #7178, #6022 ) ;
#805 = CARTESIAN_POINT ( 'NONE',  ( 1.468629210512393900, -0.4381199093104634100, -1.866607263856682600 ) ) ;
#806 = DIRECTION ( 'NONE',  ( 0.0000000000000000000, 1.000000000000000000, 0.0000000000000000000 ) ) ;
#807 = VERTEX_POINT ( 'NONE', #6943 ) ;
#808 = EDGE_LOOP ( 'NONE', ( #1605, #855, #591, #602 ) ) ;
#809 = CARTESIAN_POINT ( 'NONE',  ( -1.096148662824762100, -0.4381199093104634600, 1.217574864917437800 ) ) ;
#810 = EDGE_LOOP ( 'NONE', ( #715, #2367, #7074, #4429 ) ) ;
#811 = ORIENTED_EDGE ( 'NONE', *, *, #7205, .T. ) ;
#812 = DIRECTION ( 'NONE',  ( 0.0000000000000000000, 3.433306879537431600E-015, 1.000000000000000000 ) ) ;
#813 = LINE ( 'NONE', #2483, #633 ) ;
#814 = EDGE_CURVE ( 'NONE', #1835, #1442, #6102, .T. ) ;
#815 = CIRCLE ( 'NONE', #3722, 0.09182402748566186000 ) ;
#816 = ORIENTED_EDGE ( 'NONE', *, *, #4579, .F. ) ;
#817 = AXIS2_PLACEMENT_3D ( 'NONE', #3717, #4380, #5562 ) ;
#818 = ADVANCED_FACE ( 'NONE', ( #7572 ), #2199, .T. ) ;
#819 = EDGE_CURVE ( 'NONE', #3907, #717, #6659, .T. ) ;
#820 = ORIENTED_EDGE ( 'NONE', *, *, #2853, .F. ) ;
#821 = ORIENTED_EDGE ( 'NONE', *, *, #2051, .T. ) ;
#822 = CARTESIAN_POINT ( 'NONE',  ( 1.095778389361269400, -0.1000000000000000100, 1.250000000000000400 ) ) ;
#823 = ORIENTED_EDGE ( 'NONE', *, *, #872, .F. ) ;
#824 = LINE ( 'NONE', #2435, #5749 ) ;
#825 = DIRECTION ( 'NONE',  ( 0.0000000000000000000, 0.0000000000000000000, -1.000000000000000000 ) ) ;
#826 = CARTESIAN_POINT ( 'NONE',  ( 1.239179746653218400, -0.4913441754571615200, 1.250000000000002000 ) ) ;
#827 = FACE_OUTER_BOUND ( 'NONE', #961, .T. ) ;
#828 =( NAMED_UNIT ( * ) PLANE_ANGLE_UNIT ( ) SI_UNIT ( $, .RADIAN. ) );
#829 = CARTESIAN_POINT ( 'NONE',  ( 0.3514106528891460800, -0.1000000000000000100, 1.350000000000000300 ) ) ;
#830 = ORIENTED_EDGE ( 'NONE', *, *, #1087, .T. ) ;
#831 = AXIS2_PLACEMENT_3D ( 'NONE', #877, #1993, #3211 ) ;
#832 = EDGE_CURVE ( 'NONE', #180, #6646, #1603, .T. ) ;
#833 = DIRECTION ( 'NONE',  ( 0.0000000000000000000, -1.000000000000000000, -3.491481338843133400E-015 ) ) ;
#834 = DIRECTION ( 'NONE',  ( -1.000000000000000000, 0.0000000000000000000, 0.0000000000000000000 ) ) ;
#835 = VECTOR ( 'NONE', #275, 1000.000000000000000 ) ;
#836 = VERTEX_POINT ( 'NONE', #7571 ) ;
#837 = PRESENTATION_STYLE_ASSIGNMENT (( #1530 ) ) ;
#838 = AXIS2_PLACEMENT_3D ( 'NONE', #1672, #5669, #6925 ) ;
#839 = CYLINDRICAL_SURFACE ( 'NONE', #649, 0.1966079410694898100 ) ;
#840 = CARTESIAN_POINT ( 'NONE',  ( -1.600000000000000100, -2.625016400424012300E-018, 0.3459031131721502200 ) ) ;
#841 = EDGE_CURVE ( 'NONE', #3170, #4698, #4819, .T. ) ;
#842 = MANIFOLD_SOLID_BREP ( 'Mirror1[1]', #4407 ) ;
#843 = ORIENTED_EDGE ( 'NONE', *, *, #1626, .T. ) ;
#844 = DIRECTION ( 'NONE',  ( -1.000000000000000000, -0.0000000000000000000, 2.449293598294706400E-016 ) ) ;
#845 = LINE ( 'NONE', #1340, #3666 ) ;
#846 = ORIENTED_EDGE ( 'NONE', *, *, #3296, .F. ) ;
#847 = CARTESIAN_POINT ( 'NONE',  ( -1.239179746653218400, -0.4913441754571611900, 1.350000000000002100 ) ) ;
#848 = DIRECTION ( 'NONE',  ( -1.000000000000000000, 0.0000000000000000000, 0.0000000000000000000 ) ) ;
#849 = ORIENTED_EDGE ( 'NONE', *, *, #2249, .F. ) ;
#850 = VECTOR ( 'NONE', #5243, 1000.000000000000000 ) ;
#851 = AXIS2_PLACEMENT_3D ( 'NONE', #4495, #2193, #6834 ) ;
#852 = LINE ( 'NONE', #5014, #2027 ) ;
#853 = CARTESIAN_POINT ( 'NONE',  ( 1.376510721059179600, -0.1000000000000000100, 0.9733463376187478900 ) ) ;
#854 = LINE ( 'NONE', #3661, #2945 ) ;
#855 = ORIENTED_EDGE ( 'NONE', *, *, #2779, .F. ) ;
#856 = VERTEX_POINT ( 'NONE', #4796 ) ;
#857 = ADVANCED_FACE ( 'NONE', ( #6366 ), #2866, .T. ) ;
#858 = CARTESIAN_POINT ( 'NONE',  ( 1.388759507161886800, -0.7266680502297835400, -1.250000000000002900 ) ) ;
#859 = LINE ( 'NONE', #4467, #6716 ) ;
#860 = CARTESIAN_POINT ( 'NONE',  ( -1.600000000000000100, -0.1000000000000000200, -0.3459031131721494500 ) ) ;
#861 = ORIENTED_EDGE ( 'NONE', *, *, #2552, .T. ) ;
#862 = CARTESIAN_POINT ( 'NONE',  ( 0.0000000000000000000, -0.1000000000000000100, 1.250000000000000400 ) ) ;
#863 = EDGE_CURVE ( 'NONE', #7618, #5490, #6741, .T. ) ;
#864 = DIRECTION ( 'NONE',  ( -2.449293598294706400E-016, 0.0000000000000000000, 1.000000000000000000 ) ) ;
#865 = VECTOR ( 'NONE', #1015, 1000.000000000000000 ) ;
#866 = VERTEX_POINT ( 'NONE', #3022 ) ;
#867 = ORIENTED_EDGE ( 'NONE', *, *, #5409, .T. ) ;
#868 = DIRECTION ( 'NONE',  ( -1.000000000000000000, -6.327147275692834200E-031, -6.151150412723322900E-016 ) ) ;
#869 = LINE ( 'NONE', #1688, #3595 ) ;
#870 = ORIENTED_EDGE ( 'NONE', *, *, #4740, .F. ) ;
#871 = ORIENTED_EDGE ( 'NONE', *, *, #4684, .T. ) ;
#872 = EDGE_CURVE ( 'NONE', #3690, #5188, #3244, .T. ) ;
#873 = FACE_OUTER_BOUND ( 'NONE', #7137, .T. ) ;
#874 = AXIS2_PLACEMENT_3D ( 'NONE', #6669, #5461, #260 ) ;
#875 = ORIENTED_EDGE ( 'NONE', *, *, #7098, .F. ) ;
#876 = LINE ( 'NONE', #6008, #1422 ) ;
#877 = CARTESIAN_POINT ( 'NONE',  ( -0.8890101095548962300, -0.5975000926685795100, 1.350000000000002300 ) ) ;
#878 = LINE ( 'NONE', #6422, #4163 ) ;
#879 = CARTESIAN_POINT ( 'NONE',  ( 1.095778389361269600, -0.1000000000000000100, -1.217574864917437600 ) ) ;
#880 = CYLINDRICAL_SURFACE ( 'NONE', #1252, 0.05941126440084723600 ) ;
#881 = CARTESIAN_POINT ( 'NONE',  ( 0.6603828416892078000, -0.1000000000000000100, -1.217574864917437600 ) ) ;
#882 = AXIS2_PLACEMENT_3D ( 'NONE', #858, #3145, #7257 ) ;
#884 = EDGE_CURVE ( 'NONE', #3459, #5082, #1699, .T. ) ;
#883 = PLANE ( 'NONE',  #7441 ) ;
#885 = ORIENTED_EDGE ( 'NONE', *, *, #2574, .F. ) ;
#886 = EDGE_CURVE ( 'NONE', #5419, #2621, #418, .T. ) ;
#887 = VECTOR ( 'NONE', #6807, 1000.000000000000000 ) ;
#888 = ORIENTED_EDGE ( 'NONE', *, *, #4628, .F. ) ;
#889 = ORIENTED_EDGE ( 'NONE', *, *, #7258, .T. ) ;
#890 = CARTESIAN_POINT ( 'NONE',  ( -1.750000000000000000, -0.9499999999999999600, 0.6600000000000000300 ) ) ;
#891 = ADVANCED_FACE ( 'NONE', ( #4625 ), #880, .T. ) ;
#892 = DIRECTION ( 'NONE',  ( 0.9986270958267121600, -0.05238247302969426000, 0.0000000000000000000 ) ) ;
#893 = AXIS2_PLACEMENT_3D ( 'NONE', #4589, #2234, #1674 ) ;
#894 = CYLINDRICAL_SURFACE ( 'NONE', #2714, 0.04999999999999991300 ) ;
#895 = EDGE_CURVE ( 'NONE', #3111, #6579, #4438, .T. ) ;
#896 = EDGE_LOOP ( 'NONE', ( #2505, #345, #2843, #3206 ) ) ;
#897 = DIRECTION ( 'NONE',  ( 0.0000000000000000000, 0.0000000000000000000, -1.000000000000000000 ) ) ;
#898 = ORIENTED_EDGE ( 'NONE', *, *, #697, .F. ) ;
#899 = CARTESIAN_POINT ( 'NONE',  ( -1.053594130719925500, -0.1499999999999999700, 1.250000000000000700 ) ) ;
#900 = ORIENTED_EDGE ( 'NONE', *, *, #7039, .T. ) ;
#901 = DIRECTION ( 'NONE',  ( 0.0000000000000000000, 0.0000000000000000000, 1.000000000000000000 ) ) ;
#902 = ORIENTED_EDGE ( 'NONE', *, *, #6443, .F. ) ;
#903 = CARTESIAN_POINT ( 'NONE',  ( -0.8890101095548962300, -0.1499999999999999700, -1.350000000000000800 ) ) ;
#904 = CARTESIAN_POINT ( 'NONE',  ( -1.316993844434797900, -0.1000000000000000100, 0.9733463376187478900 ) ) ;
#905 = LINE ( 'NONE', #4923, #6948 ) ;
#906 = FACE_OUTER_BOUND ( 'NONE', #1408, .T. ) ;
#907 = LINE ( 'NONE', #2918, #6953 ) ;
#908 = EDGE_CURVE ( 'NONE', #836, #2499, #1794, .T. ) ;
#909 = EDGE_LOOP ( 'NONE', ( #2179, #1128, #1775, #1374, #1011, #5572, #6085, #6652, #5384, #7469, #1952, #5395, #3119, #1518, #4037, #4134, #871, #4374, #4963, #3032, #6166, #5781, #4357, #522 ) ) ;
#910 = AXIS2_PLACEMENT_3D ( 'NONE', #3021, #1925, #3656 ) ;
#911 = DIRECTION ( 'NONE',  ( 0.0000000000000000000, 0.0000000000000000000, 1.000000000000000000 ) ) ;
#912 = EDGE_CURVE ( 'NONE', #5207, #3008, #6472, .T. ) ;
#913 = CIRCLE ( 'NONE', #404, 0.04999999999999991300 ) ;
#914 = DIRECTION ( 'NONE',  ( -2.372876381782987800E-016, 0.0000000000000000000, -1.000000000000000000 ) ) ;
#915 = ORIENTED_EDGE ( 'NONE', *, *, #6775, .F. ) ;
#916 = CARTESIAN_POINT ( 'NONE',  ( -1.257582580033950400, -0.1000000000000000100, 1.098665785637154900 ) ) ;
#917 = DIRECTION ( 'NONE',  ( 0.0000000000000000000, 1.000000000000000000, 0.0000000000000000000 ) ) ;
#918 = ADVANCED_FACE ( 'NONE', ( #6284 ), #5385, .F. ) ;
#919 = FACE_BOUND ( 'NONE', #945, .T. ) ;
#920 = ORIENTED_EDGE ( 'NONE', *, *, #3292, .F. ) ;
#921 = EDGE_CURVE ( 'NONE', #1079, #3419, #3156, .T. ) ;
#922 = DIRECTION ( 'NONE',  ( -1.017843322198098500E-031, -1.000000000000000000, 3.491481338843133400E-015 ) ) ;
#923 = PLANE ( 'NONE',  #4958 ) ;
#924 = CARTESIAN_POINT ( 'NONE',  ( -1.388759507161886800, -0.7854362018007680100, 1.350000000000003200 ) ) ;
#925 = LINE ( 'NONE', #4197, #563 ) ;
#926 = ORIENTED_EDGE ( 'NONE', *, *, #3832, .T. ) ;
#927 = DIRECTION ( 'NONE',  ( 0.0000000000000000000, 1.000000000000000000, 0.0000000000000000000 ) ) ;
#928 = VECTOR ( 'NONE', #2578, 1000.000000000000000 ) ;
#929 = VECTOR ( 'NONE', #7470, 1000.000000000000000 ) ;
#930 = VERTEX_POINT ( 'NONE', #1850 ) ;
#931 = DIRECTION ( 'NONE',  ( -0.0000000000000000000, -1.000000000000000000, -3.491481338843133400E-015 ) ) ;
#932 = CARTESIAN_POINT ( 'NONE',  ( -1.257582580033950400, -0.1000000000000000100, 1.039254521236307600 ) ) ;
#933 = LINE ( 'NONE', #2270, #850 ) ;
#934 = CARTESIAN_POINT ( 'NONE',  ( -1.645517641415476200, -0.7545214134731786900, 0.008172595138483933900 ) ) ;
#935 = CIRCLE ( 'NONE', #2419, 0.04197641010088325900 ) ;
#936 = LINE ( 'NONE', #6036, #480 ) ;
#937 = ORIENTED_EDGE ( 'NONE', *, *, #3324, .T. ) ;
#938 = DIRECTION ( 'NONE',  ( -1.000000000000000000, 0.0000000000000000000, 0.0000000000000000000 ) ) ;
#939 = ORIENTED_EDGE ( 'NONE', *, *, #2382, .T. ) ;
#940 = EDGE_CURVE ( 'NONE', #7177, #2124, #2791, .T. ) ;
#941 = VECTOR ( 'NONE', #5973, 1000.000000000000000 ) ;
#942 = DIRECTION ( 'NONE',  ( -0.0000000000000000000, -1.000000000000000000, -0.0000000000000000000 ) ) ;
#943 = ORIENTED_EDGE ( 'NONE', *, *, #2962, .F. ) ;
#944 = ORIENTED_EDGE ( 'NONE', *, *, #5480, .T. ) ;
#945 = EDGE_LOOP ( 'NONE', ( #2868, #6682 ) ) ;
#946 = DIRECTION ( 'NONE',  ( -2.372876381782987800E-016, 0.0000000000000000000, -1.000000000000000000 ) ) ;
#947 = CARTESIAN_POINT ( 'NONE',  ( 1.078042482630643800, -0.4381199093104634600, 1.217574864917437800 ) ) ;
#948 = DIRECTION ( 'NONE',  ( 1.000000000000000000, 0.0000000000000000000, -0.0000000000000000000 ) ) ;
#949 = CIRCLE ( 'NONE', #7380, 0.9499999999999999600 ) ;
#950 = ORIENTED_EDGE ( 'NONE', *, *, #980, .F. ) ;
#951 = EDGE_CURVE ( 'NONE', #2951, #4067, #5546, .T. ) ;
#952 = DIRECTION ( 'NONE',  ( 2.372876381782987800E-016, 0.0000000000000000000, -1.000000000000000000 ) ) ;
#953 = ORIENTED_EDGE ( 'NONE', *, *, #4814, .F. ) ;
#954 = AXIS2_PLACEMENT_3D ( 'NONE', #587, #5233, #7584 ) ;
#955 = ORIENTED_EDGE ( 'NONE', *, *, #1053, .F. ) ;
#956 = EDGE_CURVE ( 'NONE', #5828, #3563, #1509, .T. ) ;
#957 = VECTOR ( 'NONE', #3043, 1000.000000000000000 ) ;
#958 = CARTESIAN_POINT ( 'NONE',  ( -0.6603828416892078000, -0.1000000000000000100, -1.350000000000000100 ) ) ;
#959 = ADVANCED_FACE ( 'NONE', ( #1242 ), #5896, .T. ) ;
#960 = CARTESIAN_POINT ( 'NONE',  ( 1.096148662824762100, -0.9499999999999999600, 1.052476713040994000 ) ) ;
#961 = EDGE_LOOP ( 'NONE', ( #7520, #3230, #4089, #6286, #3756, #1070 ) ) ;
#962 = VECTOR ( 'NONE', #5463, 1000.000000000000000 ) ;
#963 = CARTESIAN_POINT ( 'NONE',  ( 1.096148662824762100, -0.4381199093104634100, 1.303465212886776500 ) ) ;
#964 = LINE ( 'NONE', #7028, #6824 ) ;
#965 = DIRECTION ( 'NONE',  ( 0.0000000000000000000, -1.000000000000000000, 0.0000000000000000000 ) ) ;
#966 = ORIENTED_EDGE ( 'NONE', *, *, #412, .F. ) ;
#967 = LINE ( 'NONE', #2582, #5276 ) ;
#968 = VERTEX_POINT ( 'NONE', #2965 ) ;
#969 = CARTESIAN_POINT ( 'NONE',  ( 0.8890101095548962300, -0.5975000926685795100, -1.350000000000002300 ) ) ;
#970 = ORIENTED_EDGE ( 'NONE', *, *, #1963, .T. ) ;
#971 = CARTESIAN_POINT ( 'NONE',  ( -1.096148662824762300, -0.9499999999999999600, -1.052476713040993800 ) ) ;
#972 = ORIENTED_EDGE ( 'NONE', *, *, #7205, .F. ) ;
#973 = CARTESIAN_POINT ( 'NONE',  ( 1.450000000000000400, -1.000000000000000000, -0.6653012290366856500 ) ) ;
#974 = CARTESIAN_POINT ( 'NONE',  ( 0.8890101095548962300, -0.7854362018007680100, 1.350000000000003000 ) ) ;
#975 = VECTOR ( 'NONE', #3104, 1000.000000000000000 ) ;
#976 = ORIENTED_EDGE ( 'NONE', *, *, #1589, .T. ) ;
#977 = DIRECTION ( 'NONE',  ( 1.000000000000000000, 0.0000000000000000000, 0.0000000000000000000 ) ) ;
#978 = ORIENTED_EDGE ( 'NONE', *, *, #2395, .T. ) ;
#979 = CARTESIAN_POINT ( 'NONE',  ( 1.749999999999999800, -0.9499999999999999600, 1.000000000000000000 ) ) ;
#980 = EDGE_CURVE ( 'NONE', #2251, #3980, #7117, .T. ) ;
#981 = EDGE_LOOP ( 'NONE', ( #7191, #1319, #1460, #2166, #2748, #104, #1478 ) ) ;
#982 = EDGE_LOOP ( 'NONE', ( #4266, #5667, #1436 ) ) ;
#983 = DIRECTION ( 'NONE',  ( 6.151150412723322900E-016, -3.491481338843132600E-015, -1.000000000000000000 ) ) ;
#984 = CARTESIAN_POINT ( 'NONE',  ( -1.600000000000000100, -0.09999999999999863200, 0.3459031131721502200 ) ) ;
#985 = VERTEX_POINT ( 'NONE', #4919 ) ;
#986 = PRESENTATION_LAYER_ASSIGNMENT (  '', '', ( #604 ) ) ;
#987 = DIRECTION ( 'NONE',  ( 0.0000000000000000000, 1.000000000000000000, 0.0000000000000000000 ) ) ;
#988 = LINE ( 'NONE', #3098, #2453 ) ;
#989 = VECTOR ( 'NONE', #1473, 1000.000000000000000 ) ;
#990 = ORIENTED_EDGE ( 'NONE', *, *, #6279, .T. ) ;
#991 = DIRECTION ( 'NONE',  ( 0.0000000000000000000, 0.0000000000000000000, 1.000000000000000000 ) ) ;
#992 = VERTEX_POINT ( 'NONE', #1412 ) ;
#993 = DIRECTION ( 'NONE',  ( 0.0000000000000000000, -0.0000000000000000000, -1.000000000000000000 ) ) ;
#994 = EDGE_LOOP ( 'NONE', ( #6363, #7026, #902, #5521 ) ) ;
#995 = DIRECTION ( 'NONE',  ( 0.06674660825839352800, -0.9977699586006789600, -0.0000000000000000000 ) ) ;
#996 = ADVANCED_FACE ( 'NONE', ( #4166 ), #6074, .F. ) ;
#997 = EDGE_CURVE ( 'NONE', #3673, #490, #5369, .T. ) ;
#998 = CIRCLE ( 'NONE', #2684, 0.7999999999999999300 ) ;
#999 = AXIS2_PLACEMENT_3D ( 'NONE', #4802, #7167, #780 ) ;
#1000 = CARTESIAN_POINT ( 'NONE',  ( -1.096148662824762100, -0.4901082429140811700, 1.217574864917437800 ) ) ;
#1001 = LINE ( 'NONE', #7250, #357 ) ;
#1002 = EDGE_CURVE ( 'NONE', #4441, #503, #2237, .T. ) ;
#1003 = DIRECTION ( 'NONE',  ( -1.000000000000000000, -2.045878355624262200E-030, -6.151150412723322900E-016 ) ) ;
#1004 = EDGE_LOOP ( 'NONE', ( #3049, #2044, #3812, #1866 ) ) ;
#1005 = PLANE ( 'NONE',  #5674 ) ;
#1006 = CARTESIAN_POINT ( 'NONE',  ( 1.257582580033950400, -0.1000000000000000100, -1.098665785637154700 ) ) ;
#1007 = EDGE_CURVE ( 'NONE', #1170, #6383, #3614, .T. ) ;
#1008 = CARTESIAN_POINT ( 'NONE',  ( 0.0000000000000000000, -0.1000000000000000100, 1.250000000000000400 ) ) ;
#1009 = PLANE ( 'NONE',  #1117 ) ;
#1010 = LINE ( 'NONE', #3406, #5125 ) ;
#1011 = ORIENTED_EDGE ( 'NONE', *, *, #7033, .T. ) ;
#1012 = DIRECTION ( 'NONE',  ( -6.151150412723322900E-016, -3.491481338843133400E-015, -1.000000000000000000 ) ) ;
#1013 = VECTOR ( 'NONE', #2469, 1000.000000000000000 ) ;
#1014 = ORIENTED_EDGE ( 'NONE', *, *, #3181, .T. ) ;
#1015 = DIRECTION ( 'NONE',  ( 1.000000000000000000, 0.0000000000000000000, -2.449293598294706400E-016 ) ) ;
#1016 = VECTOR ( 'NONE', #4345, 1000.000000000000100 ) ;
#1017 = ORIENTED_EDGE ( 'NONE', *, *, #7522, .T. ) ;
#1018 = CARTESIAN_POINT ( 'NONE',  ( -1.447527658732871600, -0.5310819161150369700, -1.250000000000002400 ) ) ;
#1019 = ORIENTED_EDGE ( 'NONE', *, *, #1747, .T. ) ;
#1020 = LINE ( 'NONE', #2344, #7077 ) ;
#1021 = EDGE_CURVE ( 'NONE', #4590, #3222, #6564, .T. ) ;
#1022 = CARTESIAN_POINT ( 'NONE',  ( 1.096148662824762300, -0.1000000000000000100, -1.217574864917437600 ) ) ;
#1023 = CARTESIAN_POINT ( 'NONE',  ( 1.450893303781768400, -0.1000000000000000100, -1.349999999999999900 ) ) ;
#1024 = FACE_OUTER_BOUND ( 'NONE', #1880, .T. ) ;
#1025 = CARTESIAN_POINT ( 'NONE',  ( -1.760000000000000000, -0.9676716926650675800, 0.4000000000000000200 ) ) ;
#1026 = LINE ( 'NONE', #4118, #6075 ) ;
#1027 = ORIENTED_EDGE ( 'NONE', *, *, #841, .F. ) ;
#1028 = CARTESIAN_POINT ( 'NONE',  ( 1.760000000000000000, -0.9676716926650675800, 0.4000000000000000200 ) ) ;
#1029 = VECTOR ( 'NONE', #6635, 1000.000000000000000 ) ;
#1030 = EDGE_LOOP ( 'NONE', ( #6108, #5968, #6442, #4285 ) ) ;
#1031 = AXIS2_PLACEMENT_3D ( 'NONE', #3126, #5427, #4242 ) ;
#1032 = CARTESIAN_POINT ( 'NONE',  ( -0.7010740004227079500, -0.5975000926685796200, 1.350000000000002100 ) ) ;
#1033 = ORIENTED_EDGE ( 'NONE', *, *, #4323, .T. ) ;
#1034 = DIRECTION ( 'NONE',  ( -2.592963218374910500E-032, -1.000000000000000000, 1.092751075564479400E-016 ) ) ;
#1035 = ADVANCED_FACE ( 'NONE', ( #7298 ), #4868, .F. ) ;
#1036 = VECTOR ( 'NONE', #7510, 1000.000000000000000 ) ;
#1037 = ORIENTED_EDGE ( 'NONE', *, *, #1121, .F. ) ;
#1038 = VERTEX_POINT ( 'NONE', #1926 ) ;
#1039 = CARTESIAN_POINT ( 'NONE',  ( 1.450893303781768000, -0.1000000000000000100, 1.350000000000000300 ) ) ;
#1040 = LINE ( 'NONE', #5189, #4516 ) ;
#1041 = EDGE_LOOP ( 'NONE', ( #2534, #3091, #5529, #6173 ) ) ;
#1042 = EDGE_CURVE ( 'NONE', #5827, #3372, #6737, .T. ) ;
#1043 = ORIENTED_EDGE ( 'NONE', *, *, #469, .F. ) ;
#1044 = AXIS2_PLACEMENT_3D ( 'NONE', #1585, #1610, #2785 ) ;
#1045 = DIRECTION ( 'NONE',  ( 0.0000000000000000000, -1.000000000000000000, 0.0000000000000000000 ) ) ;
#1046 = CARTESIAN_POINT ( 'NONE',  ( 1.257582580033950400, -0.1000000000000000100, -1.039254521236307600 ) ) ;
#1047 = LINE ( 'NONE', #6645, #5721 ) ;
#1048 = VERTEX_POINT ( 'NONE', #2507 ) ;
#1049 = CARTESIAN_POINT ( 'NONE',  ( -1.096148662824762100, -0.5900400513188783800, 1.052476713040994000 ) ) ;
#1050 = VECTOR ( 'NONE', #2732, 1000.000000000000000 ) ;
#1051 = DIRECTION ( 'NONE',  ( 1.000000000000000000, 0.0000000000000000000, 2.449293598294706400E-016 ) ) ;
#1052 = DIRECTION ( 'NONE',  ( -0.05873653251975737000, -0.8780303471557444600, -0.4749870832150265300 ) ) ;
#1053 = EDGE_CURVE ( 'NONE', #1324, #165, #691, .T. ) ;
#1054 = DIRECTION ( 'NONE',  ( -0.0000000000000000000, 1.000000000000000000, -0.0000000000000000000 ) ) ;
#1055 = COLOUR_RGB ( '',0.7921568627450980000, 0.8196078431372548800, 0.9333333333333333500 ) ;
#1056 = AXIS2_PLACEMENT_3D ( 'NONE', #7534, #6322, #4521 ) ;
#1057 = VECTOR ( 'NONE', #1830, 1000.000000000000200 ) ;
#1058 = CARTESIAN_POINT ( 'NONE',  ( -1.388759507161886800, -0.7854362018007683400, -1.250000000000003100 ) ) ;
#1059 = CARTESIAN_POINT ( 'NONE',  ( 1.500000000000000200, -0.8800000000000000000, -0.9999999999999995600 ) ) ;
#1060 = CARTESIAN_POINT ( 'NONE',  ( 1.096148662824762100, -0.4381199093104634600, 1.217574864917437800 ) ) ;
#1061 = ORIENTED_EDGE ( 'NONE', *, *, #7482, .F. ) ;
#1062 = DIRECTION ( 'NONE',  ( -0.05238247302969425300, 0.9986270958267120500, 0.0000000000000000000 ) ) ;
#1063 = LINE ( 'NONE', #7369, #5374 ) ;
#1064 = VERTEX_POINT ( 'NONE', #4822 ) ;
#1065 = CARTESIAN_POINT ( 'NONE',  ( -1.500000000000000200, -0.8800000000000000000, -0.9999999999999995600 ) ) ;
#1066 = DIRECTION ( 'NONE',  ( -1.000000000000000000, -0.0000000000000000000, 0.0000000000000000000 ) ) ;
#1067 = DIRECTION ( 'NONE',  ( -1.000000000000000000, 0.0000000000000000000, 0.0000000000000000000 ) ) ;
#1068 = EDGE_CURVE ( 'NONE', #1048, #4765, #5627, .T. ) ;
#1069 = ORIENTED_EDGE ( 'NONE', *, *, #3806, .T. ) ;
#1070 = ORIENTED_EDGE ( 'NONE', *, *, #3292, .T. ) ;
#1071 = DIRECTION ( 'NONE',  ( -0.0000000000000000000, 1.000000000000000000, -0.0000000000000000000 ) ) ;
#1072 = ADVANCED_FACE ( 'NONE', ( #2421 ), #3706, .F. ) ;
#1073 = ORIENTED_EDGE ( 'NONE', *, *, #4338, .F. ) ;
#1074 = CARTESIAN_POINT ( 'NONE',  ( 1.257582580033950400, -0.1000000000000000100, 1.039254521236307600 ) ) ;
#1075 = DIRECTION ( 'NONE',  ( -0.9986270958267121600, -0.05238247302969426000, 0.0000000000000000000 ) ) ;
#1076 = LINE ( 'NONE', #3026, #6503 ) ;
#1077 = FACE_OUTER_BOUND ( 'NONE', #4828, .T. ) ;
#1078 = DIRECTION ( 'NONE',  ( 2.449293598294706400E-016, 0.0000000000000000000, -1.000000000000000000 ) ) ;
#1079 = VERTEX_POINT ( 'NONE', #4275 ) ;
#1080 = EDGE_CURVE ( 'NONE', #5250, #1563, #6823, .T. ) ;
#1081 = ORIENTED_EDGE ( 'NONE', *, *, #4840, .T. ) ;
#1082 = ORIENTED_EDGE ( 'NONE', *, *, #2099, .T. ) ;
#1083 = ORIENTED_EDGE ( 'NONE', *, *, #4831, .F. ) ;
#1084 = ORIENTED_EDGE ( 'NONE', *, *, #1225, .T. ) ;
#1085 = DIRECTION ( 'NONE',  ( -1.000000000000000000, -0.0000000000000000000, -0.0000000000000000000 ) ) ;
#1086 = LINE ( 'NONE', #1644, #7153 ) ;
#1087 = EDGE_CURVE ( 'NONE', #4113, #80, #786, .T. ) ;
#1088 = VECTOR ( 'NONE', #1863, 1000.000000000000000 ) ;
#1089 = AXIS2_PLACEMENT_3D ( 'NONE', #5033, #6275, #6227 ) ;
#1090 = ORIENTED_EDGE ( 'NONE', *, *, #687, .T. ) ;
#1091 = EDGE_LOOP ( 'NONE', ( #4746, #6174, #222, #6288 ) ) ;
#1092 = CARTESIAN_POINT ( 'NONE',  ( -1.750000000000000000, -0.8800000000000000000, 0.6600000000000000300 ) ) ;
#1093 = PLANE ( 'NONE',  #5272 ) ;
#1094 = FACE_OUTER_BOUND ( 'NONE', #2771, .T. ) ;
#1095 = DIRECTION ( 'NONE',  ( 0.0000000000000000000, 3.491481338843133400E-015, -1.000000000000000000 ) ) ;
#1096 = EDGE_CURVE ( 'NONE', #7464, #1576, #4061, .T. ) ;
#1097 = LINE ( 'NONE', #3849, #4209 ) ;
#1098 = ORIENTED_EDGE ( 'NONE', *, *, #2958, .T. ) ;
#1099 = DIRECTION ( 'NONE',  ( 0.0000000000000000000, 3.252606517456518800E-015, -1.000000000000000000 ) ) ;
#1100 = EDGE_CURVE ( 'NONE', #992, #6037, #876, .T. ) ;
#1101 = CARTESIAN_POINT ( 'NONE',  ( -1.053594130719925500, -0.1000000000000000100, -1.190489813122816800 ) ) ;
#1102 = CARTESIAN_POINT ( 'NONE',  ( 1.239179746653218400, -0.4913441754571611900, 1.350000000000002100 ) ) ;
#1103 = FACE_OUTER_BOUND ( 'NONE', #1151, .T. ) ;
#1104 = VERTEX_POINT ( 'NONE', #2559 ) ;
#1105 = DIRECTION ( 'NONE',  ( 6.151150412723322900E-016, 0.0000000000000000000, 1.000000000000000000 ) ) ;
#1106 = ORIENTED_EDGE ( 'NONE', *, *, #2348, .T. ) ;
#1107 = DIRECTION ( 'NONE',  ( -2.449293598294706400E-016, 0.0000000000000000000, -1.000000000000000000 ) ) ;
#1108 = ADVANCED_FACE ( 'NONE', ( #4260 ), #5080, .F. ) ;
#1109 = DIRECTION ( 'NONE',  ( -6.151150412723322900E-016, 3.491481338843133400E-015, 1.000000000000000000 ) ) ;
#1110 = CIRCLE ( 'NONE', #2202, 0.8499999999999999800 ) ;
#1111 = LINE ( 'NONE', #5171, #2850 ) ;
#1112 = EDGE_LOOP ( 'NONE', ( #6855, #1258, #3079, #2329 ) ) ;
#1113 = CARTESIAN_POINT ( 'NONE',  ( -1.660223004139932000, -0.9743463534909069200, 0.4000000000000000200 ) ) ;
#1114 = CARTESIAN_POINT ( 'NONE',  ( 1.447527658732871600, -0.5310819161150366300, -1.350000000000002300 ) ) ;
#1115 = VECTOR ( 'NONE', #7436, 1000.000000000000000 ) ;
#1116 = VECTOR ( 'NONE', #7239, 999.9999999999998900 ) ;
#1117 = AXIS2_PLACEMENT_3D ( 'NONE', #6338, #5690, #2158 ) ;
#1118 = VECTOR ( 'NONE', #7115, 1000.000000000000100 ) ;
#1119 = ORIENTED_EDGE ( 'NONE', *, *, #1007, .F. ) ;
#1120 = VERTEX_POINT ( 'NONE', #7386 ) ;
#1121 = EDGE_CURVE ( 'NONE', #4356, #5777, #6914, .T. ) ;
#1122 = DIRECTION ( 'NONE',  ( -1.000000000000000000, -0.0000000000000000000, -0.0000000000000000000 ) ) ;
#1123 = DIRECTION ( 'NONE',  ( 0.0000000000000000000, 0.0000000000000000000, -1.000000000000000000 ) ) ;
#1124 = CIRCLE ( 'NONE', #1481, 0.09182402748566186000 ) ;
#1125 = DIRECTION ( 'NONE',  ( 0.05238247302969425300, 0.9986270958267120500, 0.0000000000000000000 ) ) ;
#1126 = VERTEX_POINT ( 'NONE', #4496 ) ;
#1127 =( LENGTH_UNIT ( ) NAMED_UNIT ( * ) SI_UNIT ( .MILLI., .METRE. ) );
#1128 = ORIENTED_EDGE ( 'NONE', *, *, #5997, .T. ) ;
#1129 = ORIENTED_EDGE ( 'NONE', *, *, #83, .F. ) ;
#1130 = DIRECTION ( 'NONE',  ( 0.0000000000000000000, 0.0000000000000000000, -1.000000000000000000 ) ) ;
#1131 = AXIS2_PLACEMENT_3D ( 'NONE', #4145, #3495, #5251 ) ;
#1132 = LINE ( 'NONE', #2781, #6181 ) ;
#1133 = CARTESIAN_POINT ( 'NONE',  ( -1.500000000000000200, -0.8800000000000000000, -0.9999999999999995600 ) ) ;
#1134 = CARTESIAN_POINT ( 'NONE',  ( -1.750000000000000000, -0.8800000000000000000, -0.9999999999999995600 ) ) ;
#1135 = EDGE_LOOP ( 'NONE', ( #1949, #6946, #4957, #6605, #6730, #6035, #6206, #5496, #4741, #2338, #590, #1254 ) ) ;
#1136 = CARTESIAN_POINT ( 'NONE',  ( 1.145418158205587300, -0.1000000000000000100, -1.190489813122816800 ) ) ;
#1137 = CIRCLE ( 'NONE', #4270, 0.04197641010088325900 ) ;
#1138 = CARTESIAN_POINT ( 'NONE',  ( 0.6603828416892074700, -0.9499999999999999600, 1.350000000000000300 ) ) ;
#1139 = EDGE_CURVE ( 'NONE', #4045, #1401, #7294, .T. ) ;
#1140 = ORIENTED_EDGE ( 'NONE', *, *, #3509, .F. ) ;
#1141 = AXIS2_PLACEMENT_3D ( 'NONE', #4682, #4577, #2318 ) ;
#1142 = DIRECTION ( 'NONE',  ( -0.0000000000000000000, 1.000000000000000000, 0.0000000000000000000 ) ) ;
#1143 = FACE_OUTER_BOUND ( 'NONE', #1535, .T. ) ;
#1144 = DIRECTION ( 'NONE',  ( -4.725111164402086400E-032, -1.000000000000000000, 3.491481338843133400E-015 ) ) ;
#1145 = DIRECTION ( 'NONE',  ( 0.0000000000000000000, -9.757819552369557300E-015, -1.000000000000000000 ) ) ;
#1146 = DIRECTION ( 'NONE',  ( 0.0000000000000000000, 0.0000000000000000000, -1.000000000000000000 ) ) ;
#1147 = ORIENTED_EDGE ( 'NONE', *, *, #1491, .F. ) ;
#1148 = PLANE ( 'NONE',  #5110 ) ;
#1149 = SURFACE_SIDE_STYLE ('',( #5391 ) ) ;
#1150 = LINE ( 'NONE', #7329, #790 ) ;
#1151 = EDGE_LOOP ( 'NONE', ( #5477, #216, #530, #4805 ) ) ;
#1152 = EDGE_CURVE ( 'NONE', #4841, #2643, #409, .T. ) ;
#1153 = ORIENTED_EDGE ( 'NONE', *, *, #6056, .T. ) ;
#1154 = ADVANCED_FACE ( 'NONE', ( #3506 ), #6175, .T. ) ;
#1155 = DIRECTION ( 'NONE',  ( -0.9977699586006789600, -0.06674660825839379100, 0.0000000000000000000 ) ) ;
#1156 = ORIENTED_EDGE ( 'NONE', *, *, #4813, .F. ) ;
#1157 = DIRECTION ( 'NONE',  ( -4.725111164402086400E-032, -1.000000000000000000, -3.491481338843133400E-015 ) ) ;
#1158 = LINE ( 'NONE', #5352, #6576 ) ;
#1159 = ORIENTED_EDGE ( 'NONE', *, *, #2839, .F. ) ;
#1160 = VERTEX_POINT ( 'NONE', #2068 ) ;
#1161 = DIRECTION ( 'NONE',  ( 1.000000000000000000, -6.327147275692834200E-031, -6.151150412723322900E-016 ) ) ;
#1162 = EDGE_LOOP ( 'NONE', ( #2386, #1496, #1851, #5765 ) ) ;
#1163 = CARTESIAN_POINT ( 'NONE',  ( -0.6092499729370461900, -0.1000000000000000100, -1.190489813122816500 ) ) ;
#1164 = LINE ( 'NONE', #5283, #2803 ) ;
#1165 = CARTESIAN_POINT ( 'NONE',  ( -1.595402301803900700, -0.01878760105159632200, -0.3459031131721463900 ) ) ;
#1166 = VERTEX_POINT ( 'NONE', #1508 ) ;
#1167 = AXIS2_PLACEMENT_3D ( 'NONE', #4224, #3047, #7163 ) ;
#1168 = PLANE ( 'NONE',  #7253 ) ;
#1169 = ORIENTED_EDGE ( 'NONE', *, *, #6113, .F. ) ;
#1170 = VERTEX_POINT ( 'NONE', #3289 ) ;
#1171 = EDGE_CURVE ( 'NONE', #6944, #4316, #603, .T. ) ;
#1172 = EDGE_CURVE ( 'NONE', #7440, #4520, #236, .T. ) ;
#1173 = LINE ( 'NONE', #33, #6769 ) ;
#1174 = DIRECTION ( 'NONE',  ( 0.0000000000000000000, 0.5178177716736868100, 0.8554909440425992900 ) ) ;
#1175 = LINE ( 'NONE', #7373, #5760 ) ;
#1176 = ORIENTED_EDGE ( 'NONE', *, *, #841, .T. ) ;
#1177 = PLANE ( 'NONE',  #2498 ) ;
#1178 = CARTESIAN_POINT ( 'NONE',  ( 1.750000000000000000, -0.9499999999999999600, -0.9999999999999995600 ) ) ;
#1179 = EDGE_CURVE ( 'NONE', #6149, #704, #48, .T. ) ;
#1180 = VERTEX_POINT ( 'NONE', #971 ) ;
#1181 = CIRCLE ( 'NONE', #3003, 0.05876815157098477100 ) ;
#1182 = CARTESIAN_POINT ( 'NONE',  ( -1.697118630955986300, -0.1257212078291005100, 0.3319887404820847100 ) ) ;
#1183 = CARTESIAN_POINT ( 'NONE',  ( 1.500000000000000000, -0.1000000000000000100, 1.052476713040994000 ) ) ;
#1184 = CARTESIAN_POINT ( 'NONE',  ( 1.096148662824762100, -0.9499999999999999600, 1.217574864917437800 ) ) ;
#1185 = ORIENTED_EDGE ( 'NONE', *, *, #1087, .F. ) ;
#1186 = AXIS2_PLACEMENT_3D ( 'NONE', #358, #3340, #6813 ) ;
#1187 = CARTESIAN_POINT ( 'NONE',  ( -0.0000000000000000000, -0.1000000000000000100, -1.300000000000000300 ) ) ;
#1188 = CARTESIAN_POINT ( 'NONE',  ( 0.0000000000000000000, -0.1000000000000000100, 0.0000000000000000000 ) ) ;
#1189 = ADVANCED_FACE ( 'NONE', ( #7480 ), #5067, .F. ) ;
#1190 = EDGE_CURVE ( 'NONE', #180, #4541, #5727, .T. ) ;
#1191 = COLOUR_RGB ( '',0.7921568627450980000, 0.8196078431372548800, 0.9333333333333333500 ) ;
#1192 = ORIENTED_EDGE ( 'NONE', *, *, #4969, .F. ) ;
#1193 = ADVANCED_FACE ( 'NONE', ( #2050 ), #3924, .F. ) ;
#1194 = CARTESIAN_POINT ( 'NONE',  ( 0.0000000000000000000, -0.1000000000000000100, 0.0000000000000000000 ) ) ;
#1195 = DIRECTION ( 'NONE',  ( 0.9606938009292362900, 0.2776101958792883100, 0.0000000000000000000 ) ) ;
#1196 = EDGE_CURVE ( 'NONE', #4076, #5893, #4158, .T. ) ;
#1197 = AXIS2_PLACEMENT_3D ( 'NONE', #5858, #2926, #4706 ) ;
#1198 = LINE ( 'NONE', #718, #6521 ) ;
#1199 = ORIENTED_EDGE ( 'NONE', *, *, #1431, .T. ) ;
#1200 = EDGE_CURVE ( 'NONE', #5290, #7548, #3606, .T. ) ;
#1201 = LINE ( 'NONE', #3220, #5231 ) ;
#1202 = ORIENTED_EDGE ( 'NONE', *, *, #7246, .F. ) ;
#1203 = VERTEX_POINT ( 'NONE', #1000 ) ;
#1204 = VECTOR ( 'NONE', #5656, 1000.000000000000000 ) ;
#1205 = CARTESIAN_POINT ( 'NONE',  ( -0.6603828416892074700, -0.1000000000000000100, 1.350000000000000300 ) ) ;
#1206 = LINE ( 'NONE', #196, #5792 ) ;
#1207 = DIRECTION ( 'NONE',  ( -6.151150412723322900E-016, -3.491481338843133400E-015, 1.000000000000000000 ) ) ;
#1208 = DIRECTION ( 'NONE',  ( 0.0000000000000000000, 0.0000000000000000000, 1.000000000000000000 ) ) ;
#1209 = ORIENTED_EDGE ( 'NONE', *, *, #2746, .T. ) ;
#1210 = CARTESIAN_POINT ( 'NONE',  ( 1.600000000000000100, -0.02110947949653460600, -0.3459031131721493900 ) ) ;
#1211 = LINE ( 'NONE', #934, #4971 ) ;
#1212 = EDGE_CURVE ( 'NONE', #4316, #4541, #1235, .T. ) ;
#1213 = EDGE_LOOP ( 'NONE', ( #4701, #6999, #4259, #7215, #2708 ) ) ;
#1214 = ORIENTED_EDGE ( 'NONE', *, *, #4783, .F. ) ;
#1215 = DIRECTION ( 'NONE',  ( -0.0000000000000000000, 1.000000000000000000, -0.0000000000000000000 ) ) ;
#1216 = VECTOR ( 'NONE', #2468, 1000.000000000000000 ) ;
#1217 = ORIENTED_EDGE ( 'NONE', *, *, #2647, .T. ) ;
#1218 = CLOSED_SHELL ( 'NONE', ( #4732, #2142, #818, #5794, #7501, #4850 ) ) ;
#1219 = CARTESIAN_POINT ( 'NONE',  ( -1.447527658732871600, -0.5975000926685795100, 1.350000000000002800 ) ) ;
#1220 = LINE ( 'NONE', #2929, #310 ) ;
#1221 = AXIS2_PLACEMENT_3D ( 'NONE', #4588, #3934, #6869 ) ;
#1222 = CARTESIAN_POINT ( 'NONE',  ( -1.500000000000000200, -0.9499999999999999600, -1.052476713040993600 ) ) ;
#1223 = ORIENTED_EDGE ( 'NONE', *, *, #3559, .F. ) ;
#1224 = ORIENTED_EDGE ( 'NONE', *, *, #4673, .T. ) ;
#1225 = EDGE_CURVE ( 'NONE', #5949, #4238, #504, .T. ) ;
#1226 = DIRECTION ( 'NONE',  ( 0.0000000000000000000, 0.0000000000000000000, -1.000000000000000000 ) ) ;
#1227 = DIRECTION ( 'NONE',  ( 0.6240571255993386800, 0.0000000000000000000, -0.7813787199487143300 ) ) ;
#1228 = DIRECTION ( 'NONE',  ( 0.0000000000000000000, 1.000000000000000000, 0.0000000000000000000 ) ) ;
#1229 = FACE_OUTER_BOUND ( 'NONE', #7306, .T. ) ;
#1230 = ADVANCED_FACE ( 'NONE', ( #5820 ), #2116, .F. ) ;
#1231 = DIRECTION ( 'NONE',  ( 0.0000000000000000000, 0.0000000000000000000, 1.000000000000000000 ) ) ;
#1232 = ORIENTED_EDGE ( 'NONE', *, *, #1042, .T. ) ;
#1233 = DIRECTION ( 'NONE',  ( -0.0000000000000000000, -0.0000000000000000000, -1.000000000000000000 ) ) ;
#1234 = ADVANCED_FACE ( 'NONE', ( #5168 ), #5710, .T. ) ;
#1235 = CIRCLE ( 'NONE', #2975, 0.05951687662438182700 ) ;
#1236 = AXIS2_PLACEMENT_3D ( 'NONE', #2702, #3871, #376 ) ;
#1237 = DIRECTION ( 'NONE',  ( 1.017843322198098500E-031, -1.000000000000000000, -3.491481338843133400E-015 ) ) ;
#1238 = DIRECTION ( 'NONE',  ( 0.0000000000000000000, 2.159864243086199100E-016, -1.000000000000000000 ) ) ;
#1239 = CARTESIAN_POINT ( 'NONE',  ( 1.750000000000000200, -0.9499999999999999600, -0.6599999999999995900 ) ) ;
#1240 = CARTESIAN_POINT ( 'NONE',  ( 1.511371717397266700, 0.0000000000000000000, -0.3995886713259301200 ) ) ;
#1241 = CARTESIAN_POINT ( 'NONE',  ( 0.5165027480058548300, -0.1000000000000000100, -1.143289036108584800 ) ) ;
#1242 = FACE_OUTER_BOUND ( 'NONE', #5325, .T. ) ;
#1243 = CARTESIAN_POINT ( 'NONE',  ( 1.239179746653218400, -0.4913441754571611900, -1.350000000000002100 ) ) ;
#1244 = EDGE_CURVE ( 'NONE', #6000, #7565, #1789, .T. ) ;
#1245 = DIRECTION ( 'NONE',  ( -0.9977699586006789600, -0.06674660825839379100, 0.0000000000000000000 ) ) ;
#1246 = EDGE_LOOP ( 'NONE', ( #263, #3834, #3991, #7499 ) ) ;
#1247 = FACE_OUTER_BOUND ( 'NONE', #7595, .T. ) ;
#1248 = ORIENTED_EDGE ( 'NONE', *, *, #5271, .T. ) ;
#1249 = CARTESIAN_POINT ( 'NONE',  ( -0.7010740004227081800, -0.1499999999999998000, -1.250000000000000400 ) ) ;
#1250 = VERTEX_POINT ( 'NONE', #5117 ) ;
#1251 = CARTESIAN_POINT ( 'NONE',  ( 1.450893303781768000, -0.2000000000000004300, 1.350000000000000300 ) ) ;
#1252 = AXIS2_PLACEMENT_3D ( 'NONE', #5952, #2400, #1231 ) ;
#1253 = VECTOR ( 'NONE', #868, 1000.000000000000000 ) ;
#1254 = ORIENTED_EDGE ( 'NONE', *, *, #6732, .T. ) ;
#1255 =( GEOMETRIC_REPRESENTATION_CONTEXT ( 3 ) GLOBAL_UNCERTAINTY_ASSIGNED_CONTEXT ( ( #6419 ) ) GLOBAL_UNIT_ASSIGNED_CONTEXT ( ( #2558, #828, #4917 ) ) REPRESENTATION_CONTEXT ( 'NONE', 'WORKASPACE' ) );
#1256 = DIRECTION ( 'NONE',  ( -1.000000000000000000, 3.584450395452211400E-015, -2.757269534963239800E-016 ) ) ;
#1257 = CARTESIAN_POINT ( 'NONE',  ( 0.7010740004227078400, -0.5975000926685796200, -1.350000000000002100 ) ) ;
#1258 = ORIENTED_EDGE ( 'NONE', *, *, #4108, .F. ) ;
#1259 = CARTESIAN_POINT ( 'NONE',  ( 1.468629210512393500, -0.4381199093104634100, 1.350000000000000300 ) ) ;
#1260 = CIRCLE ( 'NONE', #592, 0.04999999999999991300 ) ;
#1261 = CARTESIAN_POINT ( 'NONE',  ( -1.500000000000000000, -0.8800000000000000000, 1.000000000000000000 ) ) ;
#1262 = CARTESIAN_POINT ( 'NONE',  ( 1.376510721059179600, 0.0000000000000000000, -0.9733463376187478900 ) ) ;
#1263 = VECTOR ( 'NONE', #139, 999.9999999999998900 ) ;
#1264 = ORIENTED_EDGE ( 'NONE', *, *, #3086, .F. ) ;
#1265 = DIRECTION ( 'NONE',  ( 1.000000000000000000, -2.100411576200051200E-030, 6.151150412723322900E-016 ) ) ;
#1266 = ORIENTED_EDGE ( 'NONE', *, *, #469, .T. ) ;
#1267 = CARTESIAN_POINT ( 'NONE',  ( -1.529238330770627500E-016, -0.09999999999999933900, 0.3459031131721498300 ) ) ;
#1268 = VERTEX_POINT ( 'NONE', #6886 ) ;
#1269 = ORIENTED_EDGE ( 'NONE', *, *, #2230, .F. ) ;
#1270 = VERTEX_POINT ( 'NONE', #4548 ) ;
#1271 = CIRCLE ( 'NONE', #3997, 0.05941126440084723600 ) ;
#1272 = AXIS2_PLACEMENT_3D ( 'NONE', #3952, #2221, #7487 ) ;
#1273 = ADVANCED_FACE ( 'NONE', ( #1143 ), #5733, .T. ) ;
#1274 = LINE ( 'NONE', #4981, #3011 ) ;
#1275 = ADVANCED_FACE ( 'NONE', ( #7206 ), #4535, .T. ) ;
#1276 = CARTESIAN_POINT ( 'NONE',  ( 1.096148662824762300, -0.4381199093104634600, -1.217574864917437600 ) ) ;
#1277 = FACE_OUTER_BOUND ( 'NONE', #4376, .T. ) ;
#1278 = DIRECTION ( 'NONE',  ( -6.151150412723322900E-016, 3.491481338843133400E-015, 1.000000000000000000 ) ) ;
#1279 = EDGE_CURVE ( 'NONE', #3095, #6755, #6467, .T. ) ;
#1280 = CARTESIAN_POINT ( 'NONE',  ( 1.078042482630643800, -0.4381199093104634100, 1.866607263856683100 ) ) ;
#1281 = EDGE_CURVE ( 'NONE', #3826, #5314, #5460, .T. ) ;
#1282 = ORIENTED_EDGE ( 'NONE', *, *, #6179, .F. ) ;
#1283 = PLANE ( 'NONE',  #2404 ) ;
#1284 = ORIENTED_EDGE ( 'NONE', *, *, #4969, .T. ) ;
#1285 = CARTESIAN_POINT ( 'NONE',  ( 1.053594130719925500, -0.4810162188969695500, -1.350000000000001900 ) ) ;
#1286 = LINE ( 'NONE', #916, #7425 ) ;
#1287 = AXIS2_PLACEMENT_3D ( 'NONE', #5223, #7053, #1723 ) ;
#1288 = CARTESIAN_POINT ( 'NONE',  ( -0.7010740004227079500, 0.0000000000000000000, 1.350000000000000300 ) ) ;
#1289 = FACE_OUTER_BOUND ( 'NONE', #5451, .T. ) ;
#1290 = ORIENTED_EDGE ( 'NONE', *, *, #4993, .F. ) ;
#1291 = PLANE ( 'NONE',  #4667 ) ;
#1292 = CARTESIAN_POINT ( 'NONE',  ( -1.570360100814274500, -0.009057806136368262000, 0.3503966925698680500 ) ) ;
#1293 = SURFACE_STYLE_FILL_AREA ( #4988 ) ;
#1294 = DIRECTION ( 'NONE',  ( 1.000000000000000000, 0.0000000000000000000, -0.0000000000000000000 ) ) ;
#1295 = EDGE_CURVE ( 'NONE', #1373, #4967, #7007, .T. ) ;
#1296 = CARTESIAN_POINT ( 'NONE',  ( -1.096148662824762100, -0.9499999999999999600, 1.217574864917437800 ) ) ;
#1297 = VECTOR ( 'NONE', #5971, 1000.000000000000000 ) ;
#1298 = ORIENTED_EDGE ( 'NONE', *, *, #1423, .T. ) ;
#1299 = AXIS2_PLACEMENT_3D ( 'NONE', #3702, #3751, #794 ) ;
#1300 = CARTESIAN_POINT ( 'NONE',  ( 1.198516098867771200, -0.4809284779894623100, -1.350000000000002100 ) ) ;
#1301 = ORIENTED_EDGE ( 'NONE', *, *, #1828, .F. ) ;
#1302 = CARTESIAN_POINT ( 'NONE',  ( -1.198516098867771200, -0.4809284779894623100, 1.350000000000002100 ) ) ;
#1303 = CARTESIAN_POINT ( 'NONE',  ( -1.450893303781768000, -0.2000000000000004300, 1.350000000000000300 ) ) ;
#1304 = LINE ( 'NONE', #826, #1562 ) ;
#1305 = FACE_OUTER_BOUND ( 'NONE', #564, .T. ) ;
#1306 = DIRECTION ( 'NONE',  ( -0.03706543680213364400, 0.7066208861173978200, -0.7066208861173936000 ) ) ;
#1307 = EDGE_CURVE ( 'NONE', #2621, #5222, #1967, .T. ) ;
#1308 = LINE ( 'NONE', #6842, #5688 ) ;
#1309 = ORIENTED_EDGE ( 'NONE', *, *, #6324, .T. ) ;
#1310 = PRODUCT_DEFINITION_FORMATION_WITH_SPECIFIED_SOURCE ( 'ANY', '', #379, .NOT_KNOWN. ) ;
#1311 = DIRECTION ( 'NONE',  ( 1.000000000000000000, 0.0000000000000000000, 0.0000000000000000000 ) ) ;
#1312 = DIRECTION ( 'NONE',  ( 0.0000000000000000000, -1.000000000000000000, 3.491481338843133400E-015 ) ) ;
#1313 = EDGE_CURVE ( 'NONE', #6637, #3339, #4723, .T. ) ;
#1314 = LINE ( 'NONE', #1251, #1761 ) ;
#1315 = CARTESIAN_POINT ( 'NONE',  ( 1.511371717397266700, -0.1000000000000000100, 0.3459031131721494500 ) ) ;
#1316 = DIRECTION ( 'NONE',  ( 2.449293598294706400E-016, 0.0000000000000000000, 1.000000000000000000 ) ) ;
#1317 = VECTOR ( 'NONE', #3461, 1000.000000000000000 ) ;
#1318 = ORIENTED_EDGE ( 'NONE', *, *, #177, .T. ) ;
#1319 = ORIENTED_EDGE ( 'NONE', *, *, #4938, .T. ) ;
#1320 = DIRECTION ( 'NONE',  ( 0.0000000000000000000, 0.0000000000000000000, 1.000000000000000000 ) ) ;
#1321 = ADVANCED_FACE ( 'NONE', ( #2324 ), #4507, .F. ) ;
#1322 = CARTESIAN_POINT ( 'NONE',  ( -1.511371717397266700, -0.1966079410694897000, -0.3459031131721493900 ) ) ;
#1323 = CARTESIAN_POINT ( 'NONE',  ( -0.6603828416892079100, -0.4241578738305969400, -2.067574864917438100 ) ) ;
#1324 = VERTEX_POINT ( 'NONE', #1058 ) ;
#1325 = AXIS2_PLACEMENT_3D ( 'NONE', #3297, #6618, #1904 ) ;
#1326 = CARTESIAN_POINT ( 'NONE',  ( 1.707541214618736300, -0.1834850278464349400, 0.3007403121398641300 ) ) ;
#1327 = ORIENTED_EDGE ( 'NONE', *, *, #3401, .T. ) ;
#1328 = ORIENTED_EDGE ( 'NONE', *, *, #3382, .T. ) ;
#1329 = EDGE_CURVE ( 'NONE', #2304, #5007, #4906, .T. ) ;
#1330 = EDGE_CURVE ( 'NONE', #4264, #2818, #6096, .T. ) ;
#1331 = VECTOR ( 'NONE', #6883, 1000.000000000000000 ) ;
#1332 = ORIENTED_EDGE ( 'NONE', *, *, #1743, .T. ) ;
#1333 = ORIENTED_EDGE ( 'NONE', *, *, #5053, .T. ) ;
#1334 = CARTESIAN_POINT ( 'NONE',  ( -1.499999999999999800, -0.1000000000000000100, 0.9138294609943661300 ) ) ;
#1335 = AXIS2_PLACEMENT_3D ( 'NONE', #7467, #3369, #4002 ) ;
#1336 = CIRCLE ( 'NONE', #4820, 0.09999999999999999200 ) ;
#1337 = VERTEX_POINT ( 'NONE', #5720 ) ;
#1338 = CARTESIAN_POINT ( 'NONE',  ( -1.095778389361269400, -0.1000000000000000100, 1.217574864917437800 ) ) ;
#1339 = DIRECTION ( 'NONE',  ( -0.0000000000000000000, -0.0000000000000000000, -1.000000000000000000 ) ) ;
#1340 = CARTESIAN_POINT ( 'NONE',  ( 1.500000000000000000, -0.9499999999999999600, 1.000000000000000000 ) ) ;
#1341 = CARTESIAN_POINT ( 'NONE',  ( 0.0000000000000000000, -0.3697070418052864600, -0.2000000000000000100 ) ) ;
#1342 = CARTESIAN_POINT ( 'NONE',  ( -1.095778389361269800, -0.1000000000000000100, -1.866607263856682900 ) ) ;
#1343 = EDGE_CURVE ( 'NONE', #1534, #3438, #7109, .T. ) ;
#1344 = ORIENTED_EDGE ( 'NONE', *, *, #7466, .T. ) ;
#1345 = CARTESIAN_POINT ( 'NONE',  ( -1.450000000000000200, -1.000000000000000000, 0.6653012290366859800 ) ) ;
#1346 = LINE ( 'NONE', #4613, #4173 ) ;
#1347 = VERTEX_POINT ( 'NONE', #4560 ) ;
#1348 = ORIENTED_EDGE ( 'NONE', *, *, #6139, .T. ) ;
#1349 = DIRECTION ( 'NONE',  ( -1.000000000000000000, -0.0000000000000000000, -0.0000000000000000000 ) ) ;
#1350 = ORIENTED_EDGE ( 'NONE', *, *, #3337, .T. ) ;
#1351 = FACE_OUTER_BOUND ( 'NONE', #994, .T. ) ;
#1352 = ORIENTED_EDGE ( 'NONE', *, *, #232, .F. ) ;
#1353 = ORIENTED_EDGE ( 'NONE', *, *, #7217, .F. ) ;
#1354 = EDGE_CURVE ( 'NONE', #5833, #625, #4528, .T. ) ;
#1355 = VERTEX_POINT ( 'NONE', #1032 ) ;
#1356 = AXIS2_PLACEMENT_3D ( 'NONE', #3592, #2443, #2422 ) ;
#1357 = ADVANCED_FACE ( 'NONE', ( #3150 ), #1700, .F. ) ;
#1358 = DIRECTION ( 'NONE',  ( 0.7071067811865474600, 0.0000000000000000000, -0.7071067811865474600 ) ) ;
#1359 = DIRECTION ( 'NONE',  ( 0.06674660825839352800, -0.9977699586006789600, -0.0000000000000000000 ) ) ;
#1360 = ORIENTED_EDGE ( 'NONE', *, *, #4579, .T. ) ;
#1361 = VERTEX_POINT ( 'NONE', #7497 ) ;
#1362 = PLANE ( 'NONE',  #4970 ) ;
#1363 = VERTEX_POINT ( 'NONE', #5150 ) ;
#1364 = VERTEX_POINT ( 'NONE', #5744 ) ;
#1365 = DIRECTION ( 'NONE',  ( 1.000000000000000000, 0.0000000000000000000, 2.449293598294706400E-016 ) ) ;
#1366 = FACE_OUTER_BOUND ( 'NONE', #1977, .T. ) ;
#1367 = CIRCLE ( 'NONE', #3176, 0.05876815157098477100 ) ;
#1368 = ORIENTED_EDGE ( 'NONE', *, *, #6717, .F. ) ;
#1369 = DIRECTION ( 'NONE',  ( 1.000000000000000000, 0.0000000000000000000, -2.449293598294706400E-016 ) ) ;
#1370 = DIRECTION ( 'NONE',  ( 0.0000000000000000000, 0.0000000000000000000, 1.000000000000000000 ) ) ;
#1371 = DIRECTION ( 'NONE',  ( 0.0000000000000000000, 0.0000000000000000000, 1.000000000000000000 ) ) ;
#1372 = DIRECTION ( 'NONE',  ( 2.592963218374910500E-032, 1.000000000000000000, -1.092751075564479400E-016 ) ) ;
#1373 = VERTEX_POINT ( 'NONE', #2792 ) ;
#1374 = ORIENTED_EDGE ( 'NONE', *, *, #3638, .T. ) ;
#1375 = VECTOR ( 'NONE', #188, 1000.000000000000000 ) ;
#1376 = EDGE_LOOP ( 'NONE', ( #3451, #823, #6141, #7408 ) ) ;
#1377 = DIRECTION ( 'NONE',  ( 0.0000000000000000000, 1.000000000000000000, 0.0000000000000000000 ) ) ;
#1378 = EDGE_CURVE ( 'NONE', #2797, #5013, #6364, .T. ) ;
#1379 = CARTESIAN_POINT ( 'NONE',  ( 1.257582580033950400, -0.1000000000000000100, 1.098665785637154700 ) ) ;
#1380 = LINE ( 'NONE', #7297, #2834 ) ;
#1381 = ORIENTED_EDGE ( 'NONE', *, *, #1053, .T. ) ;
#1382 = DIRECTION ( 'NONE',  ( 1.000000000000000000, -0.0000000000000000000, 6.151150412723322900E-016 ) ) ;
#1383 = AXIS2_PLACEMENT_3D ( 'NONE', #3964, #366, #1570 ) ;
#1384 = CARTESIAN_POINT ( 'NONE',  ( -0.8890101095548962300, -0.5975000926685795100, -1.350000000000002300 ) ) ;
#1385 = CARTESIAN_POINT ( 'NONE',  ( 0.6092499729370461900, -0.1000000000000000100, -1.217362676867157500 ) ) ;
#1386 = ADVANCED_FACE ( 'NONE', ( #321 ), #2231, .F. ) ;
#1387 = LINE ( 'NONE', #5912, #5875 ) ;
#1388 = ORIENTED_EDGE ( 'NONE', *, *, #5455, .T. ) ;
#1389 = PLANE ( 'NONE',  #4546 ) ;
#1390 = CARTESIAN_POINT ( 'NONE',  ( -1.500000000000000000, -1.355252715606880500E-017, -0.4459031131721494200 ) ) ;
#1391 = DIRECTION ( 'NONE',  ( 0.0000000000000000000, 0.0000000000000000000, 1.000000000000000000 ) ) ;
#1392 = VECTOR ( 'NONE', #5604, 1000.000000000000000 ) ;
#1393 = ORIENTED_EDGE ( 'NONE', *, *, #1566, .F. ) ;
#1394 = EDGE_CURVE ( 'NONE', #183, #4268, #1882, .T. ) ;
#1395 = CARTESIAN_POINT ( 'NONE',  ( -1.500000000000000000, -0.1000000000000000100, 1.052476713040994000 ) ) ;
#1396 = AXIS2_PLACEMENT_3D ( 'NONE', #219, #3713, #3054 ) ;
#1397 = ORIENTED_EDGE ( 'NONE', *, *, #1279, .F. ) ;
#1398 = VECTOR ( 'NONE', #1624, 1000.000000000000000 ) ;
#1399 = CIRCLE ( 'NONE', #1396, 0.1879361091321885000 ) ;
#1400 = VECTOR ( 'NONE', #69, 1000.000000000000000 ) ;
#1401 = VERTEX_POINT ( 'NONE', #2376 ) ;
#1402 = ORIENTED_EDGE ( 'NONE', *, *, #277, .F. ) ;
#1403 = DIRECTION ( 'NONE',  ( -6.151150412723322900E-016, -3.491481338843133400E-015, -1.000000000000000000 ) ) ;
#1404 = LINE ( 'NONE', #1962, #2950 ) ;
#1405 = EDGE_CURVE ( 'NONE', #1940, #3531, #542, .T. ) ;
#1406 = EDGE_LOOP ( 'NONE', ( #843, #5056, #2722, #3263 ) ) ;
#1407 = AXIS2_PLACEMENT_3D ( 'NONE', #1459, #1435, #6692 ) ;
#1408 = EDGE_LOOP ( 'NONE', ( #796, #3649, #252, #5492, #230, #2553 ) ) ;
#1409 = DIRECTION ( 'NONE',  ( -6.151150412723322900E-016, -3.491481338843133400E-015, -1.000000000000000000 ) ) ;
#1410 = DIRECTION ( 'NONE',  ( 0.9977699586006789600, 0.06674660825839352800, 0.0000000000000000000 ) ) ;
#1411 = LINE ( 'NONE', #2805, #6726 ) ;
#1412 = CARTESIAN_POINT ( 'NONE',  ( -0.6156878555317633100, -0.9499999999999999600, 1.217574864917437800 ) ) ;
#1413 = VERTEX_POINT ( 'NONE', #5 ) ;
#1414 = PLANE ( 'NONE',  #5260 ) ;
#1415 = ORIENTED_EDGE ( 'NONE', *, *, #2853, .T. ) ;
#1416 = CARTESIAN_POINT ( 'NONE',  ( -1.181336235645685100, -0.5192282339237756000, 1.250000000000002200 ) ) ;
#1417 = CARTESIAN_POINT ( 'NONE',  ( 0.0000000000000000000, 0.3500000000000000300, 0.0000000000000000000 ) ) ;
#1418 = CARTESIAN_POINT ( 'NONE',  ( -0.7010740004227081800, -0.1499999999999994400, -1.350000000000000500 ) ) ;
#1419 = VECTOR ( 'NONE', #6566, 1000.000000000000000 ) ;
#1420 = AXIS2_PLACEMENT_3D ( 'NONE', #6765, #2094, #334 ) ;
#1421 = ORIENTED_EDGE ( 'NONE', *, *, #5738, .F. ) ;
#1422 = VECTOR ( 'NONE', #7208, 1000.000000000000000 ) ;
#1423 = EDGE_CURVE ( 'NONE', #293, #5259, #3216, .T. ) ;
#1424 = EDGE_CURVE ( 'NONE', #5756, #5851, #1911, .T. ) ;
#1425 = LINE ( 'NONE', #4424, #4907 ) ;
#1426 = ADVANCED_FACE ( 'NONE', ( #2724 ), #574, .F. ) ;
#1427 = DIRECTION ( 'NONE',  ( 0.02715185207516037200, -0.5176268628776525800, -0.8551755420709414900 ) ) ;
#1428 = VECTOR ( 'NONE', #2350, 1000.000000000000100 ) ;
#1429 = AXIS2_PLACEMENT_3D ( 'NONE', #3445, #7489, #2786 ) ;
#1430 = CARTESIAN_POINT ( 'NONE',  ( 1.511371717397266700, -0.1000000000000000100, -0.3459031131721496100 ) ) ;
#1431 = EDGE_CURVE ( 'NONE', #5898, #807, #1271, .T. ) ;
#1432 = DIRECTION ( 'NONE',  ( 6.151150412723322900E-016, -3.491481338843133400E-015, -1.000000000000000000 ) ) ;
#1433 = ORIENTED_EDGE ( 'NONE', *, *, #1889, .F. ) ;
#1434 = VECTOR ( 'NONE', #4788, 1000.000000000000000 ) ;
#1435 = DIRECTION ( 'NONE',  ( 0.0000000000000000000, 1.000000000000000000, 0.0000000000000000000 ) ) ;
#1436 = ORIENTED_EDGE ( 'NONE', *, *, #232, .T. ) ;
#1437 = CARTESIAN_POINT ( 'NONE',  ( -0.5000000000000000000, -0.1000000000000000500, -1.300000000000000300 ) ) ;
#1438 = ORIENTED_EDGE ( 'NONE', *, *, #5045, .F. ) ;
#1439 = DIRECTION ( 'NONE',  ( 0.0000000000000000000, -1.000000000000000000, 0.0000000000000000000 ) ) ;
#1440 = EDGE_CURVE ( 'NONE', #6258, #7453, #5485, .T. ) ;
#1441 = AXIS2_PLACEMENT_3D ( 'NONE', #6295, #5183, #5673 ) ;
#1442 = VERTEX_POINT ( 'NONE', #64 ) ;
#1443 = FACE_OUTER_BOUND ( 'NONE', #5948, .T. ) ;
#1444 = EDGE_LOOP ( 'NONE', ( #7355, #1037, #747, #6263 ) ) ;
#1445 = CARTESIAN_POINT ( 'NONE',  ( 3.061616997868384100E-016, -0.1000000000000000100, -1.250000000000000400 ) ) ;
#1446 = DIRECTION ( 'NONE',  ( -1.000000000000000000, 0.0000000000000000000, 2.449293598294706400E-016 ) ) ;
#1447 = LINE ( 'NONE', #6549, #4367 ) ;
#1448 = EDGE_CURVE ( 'NONE', #1160, #6719, #2639, .T. ) ;
#1449 = ORIENTED_EDGE ( 'NONE', *, *, #4283, .F. ) ;
#1450 = CARTESIAN_POINT ( 'NONE',  ( -1.145418158205587300, 0.0000000000000000000, 1.190489813122816800 ) ) ;
#1451 = CARTESIAN_POINT ( 'NONE',  ( 1.053594130719925500, -0.1000000000000000500, -1.200000000000000600 ) ) ;
#1452 = VERTEX_POINT ( 'NONE', #1205 ) ;
#1453 = ORIENTED_EDGE ( 'NONE', *, *, #4813, .T. ) ;
#1454 = ORIENTED_EDGE ( 'NONE', *, *, #7136, .T. ) ;
#1455 = VERTEX_POINT ( 'NONE', #5821 ) ;
#1456 = CARTESIAN_POINT ( 'NONE',  ( -1.053594130719925500, -5.421010862427522200E-017, -1.200000000000000600 ) ) ;
#1457 = VECTOR ( 'NONE', #834, 1000.000000000000000 ) ;
#1458 = LINE ( 'NONE', #4016, #4851 ) ;
#1459 = CARTESIAN_POINT ( 'NONE',  ( 1.376510721059179600, -0.1000000000000000100, 0.9733463376187478900 ) ) ;
#1460 = ORIENTED_EDGE ( 'NONE', *, *, #1660, .T. ) ;
#1461 = DIRECTION ( 'NONE',  ( 0.0000000000000000000, 3.491481338843133400E-015, 1.000000000000000000 ) ) ;
#1462 = ORIENTED_EDGE ( 'NONE', *, *, #250, .T. ) ;
#1463 = AXIS2_PLACEMENT_3D ( 'NONE', #5197, #1722, #4058 ) ;
#1464 = ADVANCED_FACE ( 'NONE', ( #7150 ), #2086, .T. ) ;
#1465 = FACE_OUTER_BOUND ( 'NONE', #6601, .T. ) ;
#1466 = EDGE_CURVE ( 'NONE', #3637, #4896, #1632, .T. ) ;
#1467 = PLANE ( 'NONE',  #5315 ) ;
#1468 = CARTESIAN_POINT ( 'NONE',  ( -1.749999999999999800, -0.9499999999999999600, 1.000000000000000000 ) ) ;
#1469 = DIRECTION ( 'NONE',  ( 0.0000000000000000000, 1.000000000000000000, 0.0000000000000000000 ) ) ;
#1470 = VECTOR ( 'NONE', #2720, 1000.000000000000000 ) ;
#1471 = ORIENTED_EDGE ( 'NONE', *, *, #1068, .F. ) ;
#1472 = AXIS2_PLACEMENT_3D ( 'NONE', #3463, #562, #2239 ) ;
#1473 = DIRECTION ( 'NONE',  ( -0.0000000000000000000, -1.000000000000000000, -0.0000000000000000000 ) ) ;
#1474 = LINE ( 'NONE', #4859, #1013 ) ;
#1475 = ORIENTED_EDGE ( 'NONE', *, *, #5659, .T. ) ;
#1476 = CARTESIAN_POINT ( 'NONE',  ( -0.7010740004227079500, -0.1000000000000000100, -1.190489813122816500 ) ) ;
#1477 = VECTOR ( 'NONE', #2370, 1000.000000000000000 ) ;
#1478 = ORIENTED_EDGE ( 'NONE', *, *, #3931, .F. ) ;
#1479 = SURFACE_STYLE_USAGE ( .BOTH. , #4440 ) ;
#1480 = FACE_OUTER_BOUND ( 'NONE', #721, .T. ) ;
#1481 = AXIS2_PLACEMENT_3D ( 'NONE', #5239, #3485, #5835 ) ;
#1482 =( NAMED_UNIT ( * ) SI_UNIT ( $, .STERADIAN. ) SOLID_ANGLE_UNIT ( ) );
#1483 = VECTOR ( 'NONE', #2802, 1000.000000000000000 ) ;
#1484 = DIRECTION ( 'NONE',  ( 0.0000000000000000000, 1.000000000000000000, 0.0000000000000000000 ) ) ;
#1485 = LINE ( 'NONE', #6864, #3843 ) ;
#1486 = EDGE_LOOP ( 'NONE', ( #3471, #2936, #447, #5375 ) ) ;
#1487 = CARTESIAN_POINT ( 'NONE',  ( -0.7010740004227080700, -0.1000000000000000100, 1.250000000000000200 ) ) ;
#1488 = DIRECTION ( 'NONE',  ( 1.000000000000000000, 0.0000000000000000000, -2.372876381782987800E-016 ) ) ;
#1489 = CYLINDRICAL_SURFACE ( 'NONE', #5209, 0.05951687662438182700 ) ;
#1490 = CARTESIAN_POINT ( 'NONE',  ( 1.145418158205587300, -0.1000000000000000100, -1.098665785637154900 ) ) ;
#1491 = EDGE_CURVE ( 'NONE', #768, #6553, #2907, .T. ) ;
#1492 = DIRECTION ( 'NONE',  ( 1.000000000000000000, 0.0000000000000000000, 2.449293598294706400E-016 ) ) ;
#1493 = ORIENTED_EDGE ( 'NONE', *, *, #1917, .F. ) ;
#1494 = ORIENTED_EDGE ( 'NONE', *, *, #5064, .F. ) ;
#1495 = EDGE_CURVE ( 'NONE', #6294, #3448, #1173, .T. ) ;
#1496 = ORIENTED_EDGE ( 'NONE', *, *, #4615, .T. ) ;
#1497 = DIRECTION ( 'NONE',  ( 0.0000000000000000000, 0.0000000000000000000, -1.000000000000000000 ) ) ;
#1498 = ADVANCED_FACE ( 'NONE', ( #5951 ), #6468, .F. ) ;
#1499 = ORIENTED_EDGE ( 'NONE', *, *, #5045, .T. ) ;
#1500 = DIRECTION ( 'NONE',  ( 0.0000000000000000000, 1.000000000000000000, 0.0000000000000000000 ) ) ;
#1501 = ORIENTED_EDGE ( 'NONE', *, *, #2164, .T. ) ;
#1502 = VECTOR ( 'NONE', #2585, 1000.000000000000000 ) ;
#1503 = VERTEX_POINT ( 'NONE', #4825 ) ;
#1504 = ORIENTED_EDGE ( 'NONE', *, *, #668, .F. ) ;
#1505 = CARTESIAN_POINT ( 'NONE',  ( 1.096148662824761900, -0.4810162188969698300, -1.250000000000002000 ) ) ;
#1506 = CARTESIAN_POINT ( 'NONE',  ( -1.053594130719925500, -0.1000000000000000500, 1.200000000000000600 ) ) ;
#1507 = VECTOR ( 'NONE', #6465, 1000.000000000000000 ) ;
#1508 = CARTESIAN_POINT ( 'NONE',  ( 0.0000000000000000000, 0.3500000000000000300, -0.8499999999999999800 ) ) ;
#1509 = LINE ( 'NONE', #3492, #4730 ) ;
#1510 =( NAMED_UNIT ( * ) SI_UNIT ( $, .STERADIAN. ) SOLID_ANGLE_UNIT ( ) );
#1511 = CARTESIAN_POINT ( 'NONE',  ( -1.388759507161886800, -0.7266680502297835400, 1.250000000000002900 ) ) ;
#1512 = AXIS2_PLACEMENT_3D ( 'NONE', #5257, #7605, #4643 ) ;
#1513 = DIRECTION ( 'NONE',  ( 1.000000000000000000, 0.0000000000000000000, 2.449293598294706400E-016 ) ) ;
#1514 = CARTESIAN_POINT ( 'NONE',  ( 0.3514106528891460800, -0.1000000000000000100, 1.350000000000000300 ) ) ;
#1515 = EDGE_CURVE ( 'NONE', #3521, #5419, #5658, .T. ) ;
#1516 = VERTEX_POINT ( 'NONE', #4062 ) ;
#1517 = FACE_OUTER_BOUND ( 'NONE', #5289, .T. ) ;
#1518 = ORIENTED_EDGE ( 'NONE', *, *, #4079, .T. ) ;
#1519 = DIRECTION ( 'NONE',  ( 0.0000000000000000000, -1.000000000000000000, -0.0000000000000000000 ) ) ;
#1520 = DIRECTION ( 'NONE',  ( 0.0000000000000000000, 0.5178177716736868100, 0.8554909440425991800 ) ) ;
#1521 = DIRECTION ( 'NONE',  ( 0.0000000000000000000, 1.000000000000000000, 0.0000000000000000000 ) ) ;
#1522 = ORIENTED_EDGE ( 'NONE', *, *, #1002, .F. ) ;
#1523 =( GEOMETRIC_REPRESENTATION_CONTEXT ( 3 ) GLOBAL_UNCERTAINTY_ASSIGNED_CONTEXT ( ( #4680 ) ) GLOBAL_UNIT_ASSIGNED_CONTEXT ( ( #2706, #5015, #1510 ) ) REPRESENTATION_CONTEXT ( 'NONE', 'WORKASPACE' ) );
#1524 = DIRECTION ( 'NONE',  ( -0.05873653251975737000, -0.8780303471557444600, 0.4749870832150265300 ) ) ;
#1525 = LINE ( 'NONE', #5109, #4539 ) ;
#1526 = EDGE_LOOP ( 'NONE', ( #785, #4927, #1584, #5598, #3782, #3840 ) ) ;
#1527 = EDGE_CURVE ( 'NONE', #2441, #985, #5757, .T. ) ;
#1528 = ORIENTED_EDGE ( 'NONE', *, *, #6062, .T. ) ;
#1529 = VERTEX_POINT ( 'NONE', #4852 ) ;
#1530 = SURFACE_STYLE_USAGE ( .BOTH. , #6805 ) ;
#1531 = ORIENTED_EDGE ( 'NONE', *, *, #6706, .F. ) ;
#1532 = ORIENTED_EDGE ( 'NONE', *, *, #2635, .F. ) ;
#1533 = ADVANCED_FACE ( 'NONE', ( #3093 ), #2548, .T. ) ;
#1534 = VERTEX_POINT ( 'NONE', #1345 ) ;
#1535 = EDGE_LOOP ( 'NONE', ( #7124, #6028, #2089, #821 ) ) ;
#1536 = CLOSED_SHELL ( 'NONE', ( #1814, #1689, #4300, #5922, #6912, #7121 ) ) ;
#1537 = PLANE ( 'NONE',  #2360 ) ;
#1538 = VECTOR ( 'NONE', #195, 1000.000000000000000 ) ;
#1539 = FACE_BOUND ( 'NONE', #5615, .T. ) ;
#1540 = ORIENTED_EDGE ( 'NONE', *, *, #787, .T. ) ;
#1541 = DIRECTION ( 'NONE',  ( -1.000000000000000000, 0.0000000000000000000, -0.0000000000000000000 ) ) ;
#1542 = VECTOR ( 'NONE', #3560, 1000.000000000000000 ) ;
#1543 = ORIENTED_EDGE ( 'NONE', *, *, #1179, .T. ) ;
#1544 = EDGE_CURVE ( 'NONE', #1707, #5802, #988, .T. ) ;
#1545 = ORIENTED_EDGE ( 'NONE', *, *, #1634, .T. ) ;
#1546 = CARTESIAN_POINT ( 'NONE',  ( -1.078042482630643800, -0.4381199093104634100, 1.350000000000000300 ) ) ;
#1547 = LINE ( 'NONE', #6116, #1740 ) ;
#1548 = PLANE ( 'NONE',  #3144 ) ;
#1549 = ORIENTED_EDGE ( 'NONE', *, *, #5093, .F. ) ;
#1550 = PLANE ( 'NONE',  #1971 ) ;
#1551 = CARTESIAN_POINT ( 'NONE',  ( 1.766200667084217400, -0.4381199093104634100, -1.303465212886776300 ) ) ;
#1552 = CARTESIAN_POINT ( 'NONE',  ( 1.145418158205587300, -0.1000000000000000100, 1.190489813122816800 ) ) ;
#1553 = AXIS2_PLACEMENT_3D ( 'NONE', #5600, #3874, #6277 ) ;
#1554 = CARTESIAN_POINT ( 'NONE',  ( 0.0000000000000000000, 0.3500000000000000300, 0.0000000000000000000 ) ) ;
#1555 = LINE ( 'NONE', #960, #1 ) ;
#1556 = ORIENTED_EDGE ( 'NONE', *, *, #7118, .T. ) ;
#1557 = CARTESIAN_POINT ( 'NONE',  ( -1.310011812126306500, -0.4913441754571615200, 1.250000000000002000 ) ) ;
#1558 = EDGE_CURVE ( 'NONE', #5290, #6000, #2822, .T. ) ;
#1559 = DIRECTION ( 'NONE',  ( 0.9124114197061157200, -0.4092742371440823400, -1.990211349547696900E-015 ) ) ;
#1560 = DIRECTION ( 'NONE',  ( 0.7071067811865477900, 0.0000000000000000000, 0.7071067811865473500 ) ) ;
#1561 = CARTESIAN_POINT ( 'NONE',  ( -1.257582580033950400, -0.1000000000000000100, 1.098665785637154900 ) ) ;
#1562 = VECTOR ( 'NONE', #5703, 1000.000000000000000 ) ;
#1563 = VERTEX_POINT ( 'NONE', #3684 ) ;
#1564 = AXIS2_PLACEMENT_3D ( 'NONE', #4192, #5380, #6664 ) ;
#1565 = FACE_OUTER_BOUND ( 'NONE', #1444, .T. ) ;
#1566 = EDGE_CURVE ( 'NONE', #4936, #611, #3009, .T. ) ;
#1567 = ORIENTED_EDGE ( 'NONE', *, *, #204, .T. ) ;
#1568 = CARTESIAN_POINT ( 'NONE',  ( 1.010333609296566300E-016, 0.4000000000000000200, -0.7999999999999999300 ) ) ;
#1569 = ADVANCED_FACE ( 'NONE', ( #3821 ), #1929, .F. ) ;
#1570 = DIRECTION ( 'NONE',  ( -0.0000000000000000000, -1.000000000000000000, -3.491481338843133400E-015 ) ) ;
#1571 = FACE_OUTER_BOUND ( 'NONE', #2584, .T. ) ;
#1572 = DIRECTION ( 'NONE',  ( -0.0000000000000000000, 1.000000000000000000, -0.0000000000000000000 ) ) ;
#1573 = LINE ( 'NONE', #860, #6073 ) ;
#1574 = ORIENTED_EDGE ( 'NONE', *, *, #1730, .T. ) ;
#1575 = CARTESIAN_POINT ( 'NONE',  ( 1.053594130719925500, -0.1000000000000000100, -1.200000000000000600 ) ) ;
#1576 = VERTEX_POINT ( 'NONE', #2405 ) ;
#1577 = EDGE_CURVE ( 'NONE', #7455, #4373, #5574, .T. ) ;
#1578 = LINE ( 'NONE', #5999, #218 ) ;
#1579 = CARTESIAN_POINT ( 'NONE',  ( 0.0000000000000000000, -0.1000000000000000100, 0.0000000000000000000 ) ) ;
#1580 = ORIENTED_EDGE ( 'NONE', *, *, #6257, .F. ) ;
#1581 = DIRECTION ( 'NONE',  ( -6.151150412723322900E-016, -3.491481338843133400E-015, -1.000000000000000000 ) ) ;
#1582 = EDGE_CURVE ( 'NONE', #225, #1690, #509, .T. ) ;
#1583 = VERTEX_POINT ( 'NONE', #4228 ) ;
#1584 = ORIENTED_EDGE ( 'NONE', *, *, #6473, .T. ) ;
#1585 = CARTESIAN_POINT ( 'NONE',  ( 0.6092499729370461900, -0.1000000000000000100, 1.190489813122816500 ) ) ;
#1586 = DIRECTION ( 'NONE',  ( -6.151150412723322900E-016, -3.491481338843132600E-015, -1.000000000000000000 ) ) ;
#1587 = FACE_OUTER_BOUND ( 'NONE', #2341, .T. ) ;
#1588 = ORIENTED_EDGE ( 'NONE', *, *, #617, .T. ) ;
#1589 = EDGE_CURVE ( 'NONE', #5277, #6616, #7324, .T. ) ;
#1590 = CARTESIAN_POINT ( 'NONE',  ( -0.7010740004227081800, -0.1000000000000000500, 1.200000000000000600 ) ) ;
#1591 = ORIENTED_EDGE ( 'NONE', *, *, #5545, .T. ) ;
#1592 = ORIENTED_EDGE ( 'NONE', *, *, #7201, .F. ) ;
#1593 = EDGE_CURVE ( 'NONE', #6389, #1503, #548, .T. ) ;
#1594 = LINE ( 'NONE', #7019, #3700 ) ;
#1595 = CARTESIAN_POINT ( 'NONE',  ( 0.0000000000000000000, -0.1000000000000000100, 0.0000000000000000000 ) ) ;
#1596 = CARTESIAN_POINT ( 'NONE',  ( -1.450000000000000400, -1.000000000000000000, -0.6653012290366856500 ) ) ;
#1597 = EDGE_LOOP ( 'NONE', ( #5466, #7602, #7607, #6240, #234, #2074, #2501, #2061, #1716, #1840, #1471, #1073 ) ) ;
#1598 = LINE ( 'NONE', #1922, #294 ) ;
#1599 = DIRECTION ( 'NONE',  ( -1.000000000000000000, 0.0000000000000000000, 2.449293598294706400E-016 ) ) ;
#1600 = VECTOR ( 'NONE', #3290, 1000.000000000000000 ) ;
#1601 = DIRECTION ( 'NONE',  ( 1.000000000000000000, 0.0000000000000000000, -0.0000000000000000000 ) ) ;
#1602 = STYLED_ITEM ( 'NONE', ( #151 ), #842 ) ;
#1603 = LINE ( 'NONE', #7521, #57 ) ;
#1604 = EDGE_CURVE ( 'NONE', #4619, #2063, #4091, .T. ) ;
#1605 = ORIENTED_EDGE ( 'NONE', *, *, #1171, .T. ) ;
#1606 = DIRECTION ( 'NONE',  ( 0.0000000000000000000, 0.0000000000000000000, -1.000000000000000000 ) ) ;
#1607 = ADVANCED_FACE ( 'NONE', ( #1366 ), #4201, .T. ) ;
#1608 = CARTESIAN_POINT ( 'NONE',  ( -0.7010740004227081800, -0.1499999999999999700, -1.200000000000000600 ) ) ;
#1609 = EDGE_LOOP ( 'NONE', ( #5831, #2132, #2642, #4517 ) ) ;
#1610 = DIRECTION ( 'NONE',  ( 0.0000000000000000000, 1.000000000000000000, 0.0000000000000000000 ) ) ;
#1611 = LINE ( 'NONE', #3353, #6839 ) ;
#1612 = EDGE_LOOP ( 'NONE', ( #6154, #5139, #2358, #3721 ) ) ;
#1613 = AXIS2_PLACEMENT_3D ( 'NONE', #3581, #4231, #4202 ) ;
#1614 = DIRECTION ( 'NONE',  ( 0.05873653251975737000, -0.8780303471557444600, -0.4749870832150265300 ) ) ;
#1615 = EDGE_LOOP ( 'NONE', ( #3889, #5686, #4052, #7406 ) ) ;
#1616 = DIRECTION ( 'NONE',  ( 6.377659838150025700E-016, 0.0000000000000000000, -1.000000000000000000 ) ) ;
#1617 = EDGE_CURVE ( 'NONE', #4076, #930, #4198, .T. ) ;
#1618 = DIRECTION ( 'NONE',  ( 0.0000000000000000000, 0.8795488711249709300, 0.4758085574081127900 ) ) ;
#1619 = CARTESIAN_POINT ( 'NONE',  ( 0.9497672376091737000, -0.3872448601504325800, -1.350000000000001600 ) ) ;
#1620 = VECTOR ( 'NONE', #2616, 1000.000000000000000 ) ;
#1621 = ORIENTED_EDGE ( 'NONE', *, *, #5217, .T. ) ;
#1622 = CARTESIAN_POINT ( 'NONE',  ( -1.511371717397266700, -0.09999999999999989500, 0.3459031131721495000 ) ) ;
#1623 = AXIS2_PLACEMENT_3D ( 'NONE', #1819, #4131, #1195 ) ;
#1624 = DIRECTION ( 'NONE',  ( 0.0000000000000000000, 1.000000000000000000, 0.0000000000000000000 ) ) ;
#1625 = LINE ( 'NONE', #2475, #5202 ) ;
#1626 = EDGE_CURVE ( 'NONE', #1126, #2441, #905, .T. ) ;
#1627 = LINE ( 'NONE', #7592, #4553 ) ;
#1628 = CARTESIAN_POINT ( 'NONE',  ( -1.500000000000000200, -0.9499999999999999600, -0.9999999999999995600 ) ) ;
#1629 = ORIENTED_EDGE ( 'NONE', *, *, #4996, .T. ) ;
#1630 = DIRECTION ( 'NONE',  ( -0.9977699586006789600, -0.06674660825839379100, 0.0000000000000000000 ) ) ;
#1631 = ORIENTED_EDGE ( 'NONE', *, *, #5462, .F. ) ;
#1632 = CIRCLE ( 'NONE', #4446, 0.09182402748566186000 ) ;
#1633 = DIRECTION ( 'NONE',  ( 0.0000000000000000000, 0.0000000000000000000, 1.000000000000000000 ) ) ;
#1634 = EDGE_CURVE ( 'NONE', #2311, #5689, #4759, .T. ) ;
#1635 = VECTOR ( 'NONE', #3740, 1000.000000000000000 ) ;
#1636 = AXIS2_PLACEMENT_3D ( 'NONE', #3194, #7334, #5581 ) ;
#1637 = DIRECTION ( 'NONE',  ( 2.449293598294706400E-016, 0.0000000000000000000, 1.000000000000000000 ) ) ;
#1638 = CIRCLE ( 'NONE', #6653, 0.04197641010088325900 ) ;
#1639 = DIRECTION ( 'NONE',  ( -0.0000000000000000000, 1.000000000000000000, 0.0000000000000000000 ) ) ;
#1640 = DIRECTION ( 'NONE',  ( -2.372876381782987800E-016, 0.0000000000000000000, 1.000000000000000000 ) ) ;
#1641 = ORIENTED_EDGE ( 'NONE', *, *, #3818, .F. ) ;
#1642 = CARTESIAN_POINT ( 'NONE',  ( -0.7010740004227079500, -0.1000000000000000100, -1.190489813122816500 ) ) ;
#1643 = CARTESIAN_POINT ( 'NONE',  ( -1.450000000000000200, -1.000000000000000000, 1.836970198721030200E-016 ) ) ;
#1644 = CARTESIAN_POINT ( 'NONE',  ( 1.499999999999999800, 0.0000000000000000000, -0.9138294609943661300 ) ) ;
#1645 = ADVANCED_FACE ( 'NONE', ( #3996 ), #4992, .F. ) ;
#1646 = FACE_OUTER_BOUND ( 'NONE', #4282, .T. ) ;
#1647 = DIRECTION ( 'NONE',  ( -1.000000000000000000, 0.0000000000000000000, 0.0000000000000000000 ) ) ;
#1648 = VERTEX_POINT ( 'NONE', #1416 ) ;
#1649 = DIRECTION ( 'NONE',  ( 0.0000000000000000000, -1.000000000000000000, -3.689761013415303100E-015 ) ) ;
#1650 = DIRECTION ( 'NONE',  ( -6.151150412723322900E-016, 0.0000000000000000000, 1.000000000000000000 ) ) ;
#1651 = FACE_OUTER_BOUND ( 'NONE', #1597, .T. ) ;
#1652 = ORIENTED_EDGE ( 'NONE', *, *, #6748, .F. ) ;
#1653 = DIRECTION ( 'NONE',  ( -1.000000000000000000, 0.0000000000000000000, -3.928366239855319300E-016 ) ) ;
#1654 = FACE_OUTER_BOUND ( 'NONE', #3023, .T. ) ;
#1655 = VERTEX_POINT ( 'NONE', #4902 ) ;
#1656 = AXIS2_PLACEMENT_3D ( 'NONE', #3734, #6565, #144 ) ;
#1657 = SURFACE_SIDE_STYLE ('',( #7095 ) ) ;
#1658 = EDGE_LOOP ( 'NONE', ( #5035, #6303, #6544, #920, #5181, #6404 ) ) ;
#1659 = LINE ( 'NONE', #6710, #4227 ) ;
#1660 = EDGE_CURVE ( 'NONE', #7218, #7368, #5399, .T. ) ;
#1661 = CARTESIAN_POINT ( 'NONE',  ( -1.450000000000000200, -0.9499999999999999600, 0.6653012290366859800 ) ) ;
#1662 = CARTESIAN_POINT ( 'NONE',  ( -1.096148662824762300, -0.9499999999999999600, -1.217574864917437600 ) ) ;
#1663 = EDGE_CURVE ( 'NONE', #2643, #2311, #6128, .T. ) ;
#1664 = VECTOR ( 'NONE', #2777, 1000.000000000000100 ) ;
#1665 = PLANE ( 'NONE',  #3538 ) ;
#1666 = LINE ( 'NONE', #5682, #4594 ) ;
#1667 = ORIENTED_EDGE ( 'NONE', *, *, #4526, .T. ) ;
#1668 = DIRECTION ( 'NONE',  ( 0.0000000000000000000, 0.0000000000000000000, -1.000000000000000000 ) ) ;
#1669 = LINE ( 'NONE', #159, #5337 ) ;
#1670 = AXIS2_PLACEMENT_3D ( 'NONE', #3612, #1809, #2994 ) ;
#1671 = EDGE_CURVE ( 'NONE', #6069, #1324, #2265, .T. ) ;
#1672 = CARTESIAN_POINT ( 'NONE',  ( 0.0000000000000000000, -0.1000000000000000100, 0.0000000000000000000 ) ) ;
#1673 = LINE ( 'NONE', #2263, #865 ) ;
#1674 = DIRECTION ( 'NONE',  ( 0.0000000000000000000, 0.0000000000000000000, -1.000000000000000000 ) ) ;
#1675 = ORIENTED_EDGE ( 'NONE', *, *, #2813, .F. ) ;
#1676 = VERTEX_POINT ( 'NONE', #2586 ) ;
#1677 = CARTESIAN_POINT ( 'NONE',  ( 0.0000000000000000000, -0.1000000000000000100, -0.8499999999999999800 ) ) ;
#1678 = VERTEX_POINT ( 'NONE', #6647 ) ;
#1679 = DIRECTION ( 'NONE',  ( 0.0000000000000000000, -1.000000000000000000, -0.0000000000000000000 ) ) ;
#1680 = ORIENTED_EDGE ( 'NONE', *, *, #7583, .F. ) ;
#1681 = EDGE_LOOP ( 'NONE', ( #7601, #2804, #4013, #2049, #4090, #3106, #5242 ) ) ;
#1682 = AXIS2_PLACEMENT_3D ( 'NONE', #6757, #7403, #3823 ) ;
#1683 = DIRECTION ( 'NONE',  ( -1.000000000000000000, 0.0000000000000000000, 2.372876381782987800E-016 ) ) ;
#1684 = CARTESIAN_POINT ( 'NONE',  ( 1.198516098867771200, -0.4809284779894623100, 1.350000000000002100 ) ) ;
#1685 = EDGE_CURVE ( 'NONE', #2897, #6159, #7230, .T. ) ;
#1686 = FACE_OUTER_BOUND ( 'NONE', #6832, .T. ) ;
#1687 = VERTEX_POINT ( 'NONE', #5507 ) ;
#1688 = CARTESIAN_POINT ( 'NONE',  ( 1.316993844434797900, -0.1000000000000000100, 0.9733463376187478900 ) ) ;
#1689 = ADVANCED_FACE ( 'NONE', ( #348 ), #1389, .T. ) ;
#1690 = VERTEX_POINT ( 'NONE', #2633 ) ;
#1691 = CARTESIAN_POINT ( 'NONE',  ( -1.310011812126306500, -0.4913441754571611900, -1.350000000000002100 ) ) ;
#1692 = CARTESIAN_POINT ( 'NONE',  ( -1.053594130719925500, -0.5975000926685795100, -1.350000000000002300 ) ) ;
#1693 = EDGE_CURVE ( 'NONE', #611, #2136, #4286, .T. ) ;
#1694 = CARTESIAN_POINT ( 'NONE',  ( 1.682607193318285800, -0.1000000000000000100, -0.3459031131721494500 ) ) ;
#1695 = LINE ( 'NONE', #4088, #4154 ) ;
#1696 = ADVANCED_FACE ( 'NONE', ( #4847 ), #6101, .F. ) ;
#1697 = DIRECTION ( 'NONE',  ( -1.000000000000000000, 0.0000000000000000000, 6.377659838150025700E-016 ) ) ;
#1698 = EDGE_CURVE ( 'NONE', #7455, #7464, #7411, .T. ) ;
#1699 = LINE ( 'NONE', #7134, #1428 ) ;
#1700 = PLANE ( 'NONE',  #2192 ) ;
#1701 = DIRECTION ( 'NONE',  ( -1.000000000000000000, 0.0000000000000000000, 0.0000000000000000000 ) ) ;
#1702 = CARTESIAN_POINT ( 'NONE',  ( -1.760000000000000000, -0.9676716926650675800, -0.2000000000000000100 ) ) ;
#1703 = ORIENTED_EDGE ( 'NONE', *, *, #3346, .T. ) ;
#1704 = CARTESIAN_POINT ( 'NONE',  ( 0.0000000000000000000, -0.3697070418052864600, -0.2000000000000000100 ) ) ;
#1705 = CYLINDRICAL_SURFACE ( 'NONE', #831, 0.1879361091321884700 ) ;
#1706 = ORIENTED_EDGE ( 'NONE', *, *, #6147, .F. ) ;
#1707 = VERTEX_POINT ( 'NONE', #2613 ) ;
#1708 = AXIS2_PLACEMENT_3D ( 'NONE', #3869, #7404, #6225 ) ;
#1709 = CARTESIAN_POINT ( 'NONE',  ( 1.500000000000000000, -0.1000000000000000100, 1.836970198721030200E-016 ) ) ;
#1710 = DIRECTION ( 'NONE',  ( -6.151150412723322900E-016, -3.491481338843133400E-015, 1.000000000000000000 ) ) ;
#1711 = EDGE_CURVE ( 'NONE', #6037, #3465, #181, .T. ) ;
#1712 = ORIENTED_EDGE ( 'NONE', *, *, #2688, .F. ) ;
#1713 = EDGE_CURVE ( 'NONE', #7464, #6069, #1725, .T. ) ;
#1714 = LINE ( 'NONE', #4755, #163 ) ;
#1715 = ORIENTED_EDGE ( 'NONE', *, *, #2182, .F. ) ;
#1716 = ORIENTED_EDGE ( 'NONE', *, *, #6678, .F. ) ;
#1717 = ORIENTED_EDGE ( 'NONE', *, *, #4215, .T. ) ;
#1718 = DIRECTION ( 'NONE',  ( 0.0000000000000000000, -1.000000000000000000, 3.689761013415303100E-015 ) ) ;
#1719 = VECTOR ( 'NONE', #4683, 1000.000000000000000 ) ;
#1720 = PLANE ( 'NONE',  #2865 ) ;
#1721 = ORIENTED_EDGE ( 'NONE', *, *, #4187, .T. ) ;
#1722 = DIRECTION ( 'NONE',  ( -1.000000000000000000, 2.000727192227918000E-030, 6.151150412723322900E-016 ) ) ;
#1723 = DIRECTION ( 'NONE',  ( 0.0000000000000000000, -1.000000000000000000, 3.461396037702079900E-015 ) ) ;
#1724 = DIRECTION ( 'NONE',  ( 0.0000000000000000000, 3.433306879537431600E-015, -1.000000000000000000 ) ) ;
#1725 = LINE ( 'NONE', #265, #4468 ) ;
#1726 = DIRECTION ( 'NONE',  ( -0.9964072130971135500, -0.08469159160178413300, 0.0000000000000000000 ) ) ;
#1727 = VECTOR ( 'NONE', #7422, 1000.000000000000000 ) ;
#1728 =( NAMED_UNIT ( * ) PLANE_ANGLE_UNIT ( ) SI_UNIT ( $, .RADIAN. ) );
#1729 = ORIENTED_EDGE ( 'NONE', *, *, #301, .F. ) ;
#1730 = EDGE_CURVE ( 'NONE', #80, #1203, #7316, .T. ) ;
#1731 = LINE ( 'NONE', #1138, #6691 ) ;
#1732 = AXIS2_PLACEMENT_3D ( 'NONE', #2695, #7347, #4439 ) ;
#1733 = DIRECTION ( 'NONE',  ( 0.0000000000000000000, 0.0000000000000000000, -1.000000000000000000 ) ) ;
#1734 = CARTESIAN_POINT ( 'NONE',  ( 0.7010740004227081800, -0.1499999999999999700, 1.200000000000000600 ) ) ;
#1735 = ORIENTED_EDGE ( 'NONE', *, *, #133, .T. ) ;
#1736 = ORIENTED_EDGE ( 'NONE', *, *, #1405, .F. ) ;
#1737 = PLANE ( 'NONE',  #3063 ) ;
#1738 = ADVANCED_FACE ( 'NONE', ( #5939 ), #4348, .T. ) ;
#1739 = DIRECTION ( 'NONE',  ( 0.0000000000000000000, 2.159864243086199100E-016, -1.000000000000000000 ) ) ;
#1740 = VECTOR ( 'NONE', #3089, 1000.000000000000000 ) ;
#1741 = CARTESIAN_POINT ( 'NONE',  ( -1.376510721059179600, 0.0000000000000000000, 0.9733463376187478900 ) ) ;
#1742 = CARTESIAN_POINT ( 'NONE',  ( 0.0000000000000000000, -0.1000000000000000100, 0.0000000000000000000 ) ) ;
#1743 = EDGE_CURVE ( 'NONE', #4365, #4195, #7140, .T. ) ;
#1744 = ORIENTED_EDGE ( 'NONE', *, *, #4930, .F. ) ;
#1745 = AXIS2_PLACEMENT_3D ( 'NONE', #8, #2378, #2359 ) ;
#1746 = DIRECTION ( 'NONE',  ( 0.0000000000000000000, 0.0000000000000000000, 1.000000000000000000 ) ) ;
#1747 = EDGE_CURVE ( 'NONE', #6646, #3911, #439, .T. ) ;
#1748 = DIRECTION ( 'NONE',  ( -1.000000000000000000, 0.0000000000000000000, -0.0000000000000000000 ) ) ;
#1749 = VECTOR ( 'NONE', #2742, 1000.000000000000100 ) ;
#1750 = ORIENTED_EDGE ( 'NONE', *, *, #4600, .F. ) ;
#1751 = DIRECTION ( 'NONE',  ( -1.000000000000000000, 0.0000000000000000000, 0.0000000000000000000 ) ) ;
#1752 = DIRECTION ( 'NONE',  ( -2.449293598294706400E-016, 0.0000000000000000000, 1.000000000000000000 ) ) ;
#1753 = EDGE_CURVE ( 'NONE', #7057, #3637, #2188, .T. ) ;
#1754 = CYLINDRICAL_SURFACE ( 'NONE', #6584, 0.05941126440084723600 ) ;
#1755 = EDGE_LOOP ( 'NONE', ( #1453, #5484, #2560, #5113 ) ) ;
#1756 = CARTESIAN_POINT ( 'NONE',  ( -1.316993844434797700, 0.0000000000000000000, -0.9733463376187478900 ) ) ;
#1757 = LINE ( 'NONE', #4028, #7260 ) ;
#1758 = ORIENTED_EDGE ( 'NONE', *, *, #3016, .F. ) ;
#1759 = CARTESIAN_POINT ( 'NONE',  ( -1.557307507650953000, -0.005441558916786651800, -0.3554744059104255100 ) ) ;
#1760 = CARTESIAN_POINT ( 'NONE',  ( -0.9672050998856720500, -0.4231768744776132100, -1.350000000000001600 ) ) ;
#1761 = VECTOR ( 'NONE', #1311, 1000.000000000000000 ) ;
#1762 = LINE ( 'NONE', #3787, #18 ) ;
#1763 = AXIS2_PLACEMENT_3D ( 'NONE', #3912, #5151, #2793 ) ;
#1764 = CARTESIAN_POINT ( 'NONE',  ( 0.5165027480058550500, -0.1000000000000000100, -1.143289036108584800 ) ) ;
#1765 = FACE_OUTER_BOUND ( 'NONE', #4050, .T. ) ;
#1766 = ORIENTED_EDGE ( 'NONE', *, *, #4217, .F. ) ;
#1767 = ORIENTED_EDGE ( 'NONE', *, *, #2899, .F. ) ;
#1768 = EDGE_CURVE ( 'NONE', #4232, #4855, #1831, .T. ) ;
#1769 = DIRECTION ( 'NONE',  ( -0.05238247302969425300, -0.9986270958267120500, 1.283000558544752600E-017 ) ) ;
#1770 = LINE ( 'NONE', #5158, #5892 ) ;
#1771 = CARTESIAN_POINT ( 'NONE',  ( 1.051315431986535000, -0.9476482958303136300, 1.217574864917437800 ) ) ;
#1772 = EDGE_LOOP ( 'NONE', ( #6255, #4799, #1927, #3384 ) ) ;
#1773 = ADVANCED_FACE ( 'NONE', ( #6306 ), #2812, .F. ) ;
#1774 = ORIENTED_EDGE ( 'NONE', *, *, #5837, .F. ) ;
#1775 = ORIENTED_EDGE ( 'NONE', *, *, #1938, .T. ) ;
#1776 = DIRECTION ( 'NONE',  ( 0.0000000000000000000, 0.0000000000000000000, 1.000000000000000000 ) ) ;
#1777 = ADVANCED_FACE ( 'NONE', ( #6493 ), #4034, .T. ) ;
#1778 = VECTOR ( 'NONE', #5531, 1000.000000000000000 ) ;
#1779 = EDGE_LOOP ( 'NONE', ( #5890, #4289, #4100, #1543 ) ) ;
#1780 = EDGE_LOOP ( 'NONE', ( #2280, #1736, #6016, #1014 ) ) ;
#1781 = DIRECTION ( 'NONE',  ( 0.0000000000000000000, -3.491481338843133400E-015, -1.000000000000000000 ) ) ;
#1782 = ORIENTED_EDGE ( 'NONE', *, *, #6502, .T. ) ;
#1783 = CARTESIAN_POINT ( 'NONE',  ( -1.053594130719925500, -0.4810162188969698300, 1.250000000000002000 ) ) ;
#1784 = ORIENTED_EDGE ( 'NONE', *, *, #2790, .F. ) ;
#1785 = VECTOR ( 'NONE', #4722, 1000.000000000000000 ) ;
#1786 = DIRECTION ( 'NONE',  ( 0.0000000000000000000, 0.0000000000000000000, -1.000000000000000000 ) ) ;
#1787 = EDGE_CURVE ( 'NONE', #4356, #134, #4931, .T. ) ;
#1788 = EDGE_LOOP ( 'NONE', ( #5591, #1675, #2699, #6724, #1802 ) ) ;
#1789 = LINE ( 'NONE', #2196, #5911 ) ;
#1790 = CARTESIAN_POINT ( 'NONE',  ( 1.468629210512393500, -0.4381199093104634100, 1.350000000000000300 ) ) ;
#1791 = DIRECTION ( 'NONE',  ( 6.151150412723322900E-016, 3.491481338843133400E-015, 1.000000000000000000 ) ) ;
#1792 = LINE ( 'NONE', #1267, #2780 ) ;
#1793 =( NAMED_UNIT ( * ) PLANE_ANGLE_UNIT ( ) SI_UNIT ( $, .RADIAN. ) );
#1794 = LINE ( 'NONE', #6463, #1057 ) ;
#1795 = ORIENTED_EDGE ( 'NONE', *, *, #5610, .T. ) ;
#1796 = EDGE_CURVE ( 'NONE', #1337, #6675, #4102, .T. ) ;
#1797 = DIRECTION ( 'NONE',  ( 2.449293598294706400E-016, 0.0000000000000000000, 1.000000000000000000 ) ) ;
#1798 = EDGE_LOOP ( 'NONE', ( #2547, #7554 ) ) ;
#1799 = AXIS2_PLACEMENT_3D ( 'NONE', #2503, #2014, #6072 ) ;
#1800 =( NAMED_UNIT ( * ) PLANE_ANGLE_UNIT ( ) SI_UNIT ( $, .RADIAN. ) );
#1801 = CARTESIAN_POINT ( 'NONE',  ( -1.053594130719925500, -5.421010862427522200E-017, -1.200000000000000600 ) ) ;
#1802 = ORIENTED_EDGE ( 'NONE', *, *, #7157, .F. ) ;
#1803 = CARTESIAN_POINT ( 'NONE',  ( 1.096148662824762300, -0.9499999999999999600, -1.217574864917437600 ) ) ;
#1804 = LINE ( 'NONE', #3458, #336 ) ;
#1805 = DIRECTION ( 'NONE',  ( 2.372876381782987800E-016, 1.092751075564479400E-016, -1.000000000000000000 ) ) ;
#1806 = ORIENTED_EDGE ( 'NONE', *, *, #3224, .F. ) ;
#1807 = ORIENTED_EDGE ( 'NONE', *, *, #1743, .F. ) ;
#1808 = PLANE ( 'NONE',  #4335 ) ;
#1809 = DIRECTION ( 'NONE',  ( -1.000000000000000000, 0.0000000000000000000, -2.449293598294706400E-016 ) ) ;
#1810 = CIRCLE ( 'NONE', #6661, 0.09182402748566186000 ) ;
#1811 = CARTESIAN_POINT ( 'NONE',  ( 1.198516098867771200, -0.4809284779894625900, -1.250000000000002000 ) ) ;
#1812 = ORIENTED_EDGE ( 'NONE', *, *, #7048, .T. ) ;
#1813 = ADVANCED_FACE ( 'NONE', ( #4940 ), #2970, .F. ) ;
#1814 = ADVANCED_FACE ( 'NONE', ( #3903 ), #2356, .T. ) ;
#1815 = CARTESIAN_POINT ( 'NONE',  ( -1.719998683103989700, -0.3697070418052864600, 0.2000000000000000400 ) ) ;
#1816 = CARTESIAN_POINT ( 'NONE',  ( -1.500000000000000000, -0.1000000000000000100, -0.4459031131721494200 ) ) ;
#1817 = EDGE_CURVE ( 'NONE', #1363, #4967, #261, .T. ) ;
#1818 = FACE_OUTER_BOUND ( 'NONE', #4899, .T. ) ;
#1819 = CARTESIAN_POINT ( 'NONE',  ( -1.310011812126306500, -0.4913441754571611900, -1.350000000000002100 ) ) ;
#1820 = LINE ( 'NONE', #5143, #3636 ) ;
#1821 = ORIENTED_EDGE ( 'NONE', *, *, #4307, .T. ) ;
#1822 = CARTESIAN_POINT ( 'NONE',  ( -0.5000000000000000000, -1.000000000000000000, -1.300000000000000300 ) ) ;
#1823 = CARTESIAN_POINT ( 'NONE',  ( 0.8890101095548962300, -0.4810162188969695500, 1.350000000000001900 ) ) ;
#1824 = CARTESIAN_POINT ( 'NONE',  ( -1.095778389361269600, -0.1000000000000000100, -1.217574864917437600 ) ) ;
#1825 = EDGE_LOOP ( 'NONE', ( #3132, #6267, #1156, #5198, #2317, #2259 ) ) ;
#1826 = MECHANICAL_DESIGN_GEOMETRIC_PRESENTATION_REPRESENTATION (  '', ( #547 ), #3040 ) ;
#1827 = PLANE ( 'NONE',  #5722 ) ;
#1828 = EDGE_CURVE ( 'NONE', #4614, #4893, #3733, .T. ) ;
#1829 = VERTEX_POINT ( 'NONE', #2302 ) ;
#1830 = DIRECTION ( 'NONE',  ( 0.05873653251975737000, -0.8780303471557444600, -0.4749870832150265300 ) ) ;
#1831 = CIRCLE ( 'NONE', #4657, 0.1879361091321885000 ) ;
#1832 = DIRECTION ( 'NONE',  ( 2.449293598294706400E-016, 0.0000000000000000000, -1.000000000000000000 ) ) ;
#1833 = FACE_OUTER_BOUND ( 'NONE', #3930, .T. ) ;
#1834 = CARTESIAN_POINT ( 'NONE',  ( 1.096148662824762300, -0.9499999999999999600, -1.217574864917437600 ) ) ;
#1835 = VERTEX_POINT ( 'NONE', #4064 ) ;
#1836 = EDGE_CURVE ( 'NONE', #4545, #2619, #640, .T. ) ;
#1837 = CARTESIAN_POINT ( 'NONE',  ( 1.570360100814274500, -0.009057806136368241200, -0.3503966925698672700 ) ) ;
#1838 = DIRECTION ( 'NONE',  ( 0.0000000000000000000, 1.000000000000000000, 5.165768915825840900E-015 ) ) ;
#1839 = LINE ( 'NONE', #1134, #6325 ) ;
#1840 = ORIENTED_EDGE ( 'NONE', *, *, #5347, .F. ) ;
#1841 = CARTESIAN_POINT ( 'NONE',  ( 0.3514106528891460800, 0.0000000000000000000, -1.350000000000000300 ) ) ;
#1842 = CARTESIAN_POINT ( 'NONE',  ( -0.6603828416892074700, -0.1000000000000000100, 1.217574864917437800 ) ) ;
#1843 = EDGE_CURVE ( 'NONE', #836, #1690, #4750, .T. ) ;
#1844 = VECTOR ( 'NONE', #6558, 1000.000000000000000 ) ;
#1845 = ORIENTED_EDGE ( 'NONE', *, *, #54, .T. ) ;
#1846 = CARTESIAN_POINT ( 'NONE',  ( -1.053594130719925500, -0.1499999999999998000, 1.250000000000000400 ) ) ;
#1847 = VECTOR ( 'NONE', #3092, 1000.000000000000000 ) ;
#1848 = ORIENTED_EDGE ( 'NONE', *, *, #7314, .F. ) ;
#1849 = ADVANCED_FACE ( 'NONE', ( #4761 ), #7574, .F. ) ;
#1850 = CARTESIAN_POINT ( 'NONE',  ( -1.145418158205587300, 0.0000000000000000000, 1.098665785637154900 ) ) ;
#1851 = ORIENTED_EDGE ( 'NONE', *, *, #2096, .T. ) ;
#1852 = ADVANCED_FACE ( 'NONE', ( #6688 ), #3524, .T. ) ;
#1853 = VECTOR ( 'NONE', #3752, 1000.000000000000000 ) ;
#1854 = VECTOR ( 'NONE', #5185, 1000.000000000000000 ) ;
#1855 = DIRECTION ( 'NONE',  ( -1.000000000000000000, 0.0000000000000000000, -2.372876381782987800E-016 ) ) ;
#1856 = DIRECTION ( 'NONE',  ( 6.151150412723322900E-016, 0.0000000000000000000, -1.000000000000000000 ) ) ;
#1857 = VECTOR ( 'NONE', #1640, 1000.000000000000000 ) ;
#1858 = ORIENTED_EDGE ( 'NONE', *, *, #402, .F. ) ;
#1859 = AXIS2_PLACEMENT_3D ( 'NONE', #701, #629, #1256 ) ;
#1860 = VERTEX_POINT ( 'NONE', #2944 ) ;
#1861 = VECTOR ( 'NONE', #914, 1000.000000000000000 ) ;
#1862 = EDGE_CURVE ( 'NONE', #3916, #2305, #3548, .T. ) ;
#1863 = DIRECTION ( 'NONE',  ( 0.0000000000000000000, 0.0000000000000000000, 1.000000000000000000 ) ) ;
#1864 = FACE_OUTER_BOUND ( 'NONE', #4663, .T. ) ;
#1865 = ORIENTED_EDGE ( 'NONE', *, *, #6867, .F. ) ;
#1866 = ORIENTED_EDGE ( 'NONE', *, *, #4789, .T. ) ;
#1867 = DIRECTION ( 'NONE',  ( -1.000000000000000000, 0.0000000000000000000, -2.449293598294706400E-016 ) ) ;
#1868 = DIRECTION ( 'NONE',  ( 0.0000000000000000000, -0.0000000000000000000, -1.000000000000000000 ) ) ;
#1869 = VECTOR ( 'NONE', #3596, 1000.000000000000000 ) ;
#1870 = AXIS2_PLACEMENT_3D ( 'NONE', #5945, #3541, #6538 ) ;
#1871 = DIRECTION ( 'NONE',  ( -0.6240571255993386800, 0.0000000000000000000, -0.7813787199487143300 ) ) ;
#1872 = ORIENTED_EDGE ( 'NONE', *, *, #5719, .T. ) ;
#1873 = ORIENTED_EDGE ( 'NONE', *, *, #3296, .T. ) ;
#1874 = EDGE_CURVE ( 'NONE', #4238, #1940, #3175, .T. ) ;
#1875 =( BOUNDED_CURVE ( )  B_SPLINE_CURVE ( 3, ( #1622, #6797, #4510, #3280 ),
 .UNSPECIFIED., .F., .F. ) 
 B_SPLINE_CURVE_WITH_KNOTS ( ( 4, 4 ),
 ( 3.141592653589793100, 4.645592711925857500 ),
 .UNSPECIFIED. ) 
 CURVE ( )  GEOMETRIC_REPRESENTATION_ITEM ( )  RATIONAL_B_SPLINE_CURVE ( ( 1.000000000000000000, 0.8202160726404466000, 0.8202160726404466000, 1.000000000000000000 ) ) 
 REPRESENTATION_ITEM ( '' )  );
#1876 = CARTESIAN_POINT ( 'NONE',  ( 0.0000000000000000000, 3.204163056034261500, 0.0000000000000000000 ) ) ;
#1877 = CARTESIAN_POINT ( 'NONE',  ( -1.096148662824762300, -0.9499999999999999600, -1.052476713040993800 ) ) ;
#1878 = DIRECTION ( 'NONE',  ( 0.0000000000000000000, 0.0000000000000000000, 1.000000000000000000 ) ) ;
#1879 = LINE ( 'NONE', #3140, #4250 ) ;
#1880 = EDGE_LOOP ( 'NONE', ( #955, #4605, #6386, #3199 ) ) ;
#1881 = EDGE_CURVE ( 'NONE', #6553, #3448, #2176, .T. ) ;
#1882 = LINE ( 'NONE', #4148, #4811 ) ;
#1883 = CARTESIAN_POINT ( 'NONE',  ( -1.541959164552880500, -0.002393908188015065900, 0.3644705556745473900 ) ) ;
#1884 = CARTESIAN_POINT ( 'NONE',  ( -1.500000000000000200, -0.8800000000000000000, -0.9999999999999995600 ) ) ;
#1885 = DIRECTION ( 'NONE',  ( -0.02715185207516037200, -0.5176268628776525800, -0.8551755420709414900 ) ) ;
#1886 = SURFACE_STYLE_FILL_AREA ( #2175 ) ;
#1887 = DIRECTION ( 'NONE',  ( -0.0000000000000000000, -1.000000000000000000, -0.0000000000000000000 ) ) ;
#1888 = VECTOR ( 'NONE', #5920, 1000.000000000000000 ) ;
#1889 = EDGE_CURVE ( 'NONE', #2605, #4891, #2353, .T. ) ;
#1890 = AXIS2_PLACEMENT_3D ( 'NONE', #1113, #6981, #7030 ) ;
#1891 = ADVANCED_FACE ( 'NONE', ( #3913 ), #6571, .F. ) ;
#1892 = ORIENTED_EDGE ( 'NONE', *, *, #7201, .T. ) ;
#1893 = FACE_OUTER_BOUND ( 'NONE', #5897, .T. ) ;
#1894 = ORIENTED_EDGE ( 'NONE', *, *, #1212, .T. ) ;
#1895 = DIRECTION ( 'NONE',  ( 1.000000000000000000, 0.0000000000000000000, 0.0000000000000000000 ) ) ;
#1896 = ORIENTED_EDGE ( 'NONE', *, *, #912, .T. ) ;
#1897 = DIRECTION ( 'NONE',  ( -0.0000000000000000000, -1.000000000000000000, -0.0000000000000000000 ) ) ;
#1898 = DIRECTION ( 'NONE',  ( 0.0000000000000000000, 1.000000000000000000, 0.0000000000000000000 ) ) ;
#1899 = LINE ( 'NONE', #713, #6479 ) ;
#1900 = ORIENTED_EDGE ( 'NONE', *, *, #3370, .F. ) ;
#1901 = ORIENTED_EDGE ( 'NONE', *, *, #4066, .F. ) ;
#1902 = DIRECTION ( 'NONE',  ( 1.000000000000000000, 0.0000000000000000000, 0.0000000000000000000 ) ) ;
#1903 = ORIENTED_EDGE ( 'NONE', *, *, #3258, .F. ) ;
#1904 = DIRECTION ( 'NONE',  ( -1.000000000000000000, 0.0000000000000000000, -0.0000000000000000000 ) ) ;
#1905 = DIRECTION ( 'NONE',  ( -1.000000000000000000, 1.792225197726105700E-015, 2.757269534963239800E-016 ) ) ;
#1906 = DIRECTION ( 'NONE',  ( 0.08469159160178413300, -0.9964072130971135500, -2.074345731396396100E-017 ) ) ;
#1907 = LINE ( 'NONE', #1692, #3177 ) ;
#1908 = ORIENTED_EDGE ( 'NONE', *, *, #6993, .T. ) ;
#1909 = CARTESIAN_POINT ( 'NONE',  ( 0.0000000000000000000, -0.8800000000000000000, 0.0000000000000000000 ) ) ;
#1910 = ORIENTED_EDGE ( 'NONE', *, *, #5237, .T. ) ;
#1911 = LINE ( 'NONE', #605, #4656 ) ;
#1912 = AXIS2_PLACEMENT_3D ( 'NONE', #7, #4725, #6439 ) ;
#1913 = VECTOR ( 'NONE', #7446, 1000.000000000000000 ) ;
#1914 = CARTESIAN_POINT ( 'NONE',  ( 0.6603828416892074700, -0.4241578738305969400, 2.067574864917438100 ) ) ;
#1915 = VECTOR ( 'NONE', #4774, 1000.000000000000000 ) ;
#1916 = DIRECTION ( 'NONE',  ( -0.7071067811865475700, 0.0000000000000000000, -0.7071067811865475700 ) ) ;
#1917 = EDGE_CURVE ( 'NONE', #5013, #6270, #6680, .T. ) ;
#1918 = VERTEX_POINT ( 'NONE', #3078 ) ;
#1919 = PLANE ( 'NONE',  #6738 ) ;
#1920 = ORIENTED_EDGE ( 'NONE', *, *, #1152, .F. ) ;
#1921 = DIRECTION ( 'NONE',  ( -1.000000000000000000, 2.147662687844072100E-030, 6.151150412723322900E-016 ) ) ;
#1922 = CARTESIAN_POINT ( 'NONE',  ( -0.6603828416892074700, -0.9499999999999999600, 1.350000000000000300 ) ) ;
#1923 = LINE ( 'NONE', #2556, #5494 ) ;
#1924 = AXIS2_PLACEMENT_3D ( 'NONE', #2967, #1776, #5871 ) ;
#1925 = DIRECTION ( 'NONE',  ( 0.0000000000000000000, 1.000000000000000000, 0.0000000000000000000 ) ) ;
#1926 = CARTESIAN_POINT ( 'NONE',  ( -1.096148662824762300, -0.4381199093104634100, -1.303465212886776300 ) ) ;
#1927 = ORIENTED_EDGE ( 'NONE', *, *, #1843, .F. ) ;
#1928 = ADVANCED_FACE ( 'NONE', ( #2364 ), #6622, .T. ) ;
#1929 = PLANE ( 'NONE',  #6416 ) ;
#1930 = DIRECTION ( 'NONE',  ( 0.05238247302969425300, -0.9986270958267120500, -1.283000558544752400E-017 ) ) ;
#1931 = CARTESIAN_POINT ( 'NONE',  ( 1.095778389361269600, -0.1000000000000000100, -1.250000000000000200 ) ) ;
#1932 = CIRCLE ( 'NONE', #6004, 0.05941126440084723600 ) ;
#1933 = ORIENTED_EDGE ( 'NONE', *, *, #951, .T. ) ;
#1934 = LINE ( 'NONE', #1288, #4222 ) ;
#1935 = ORIENTED_EDGE ( 'NONE', *, *, #1378, .F. ) ;
#1936 = VECTOR ( 'NONE', #1339, 1000.000000000000000 ) ;
#1937 = DIRECTION ( 'NONE',  ( 1.268287753243591000E-016, 0.8554909440425991800, 0.5178177716736868100 ) ) ;
#1938 = EDGE_CURVE ( 'NONE', #6667, #4748, #1992, .T. ) ;
#1939 = VECTOR ( 'NONE', #5278, 1000.000000000000000 ) ;
#1940 = VERTEX_POINT ( 'NONE', #2515 ) ;
#1941 = CARTESIAN_POINT ( 'NONE',  ( 0.6603828416892078000, -0.4241578738305969400, -1.217574864917437600 ) ) ;
#1942 = EDGE_CURVE ( 'NONE', #3531, #5273, #6853, .T. ) ;
#1943 = CIRCLE ( 'NONE', #2214, 0.09182402748566186000 ) ;
#1944 = DIRECTION ( 'NONE',  ( 0.0000000000000000000, 0.0000000000000000000, -1.000000000000000000 ) ) ;
#1945 = FACE_OUTER_BOUND ( 'NONE', #4982, .T. ) ;
#1946 = CARTESIAN_POINT ( 'NONE',  ( -0.5165027480058550500, -0.1000000000000000100, -1.143289036108584800 ) ) ;
#1947 = CYLINDRICAL_SURFACE ( 'NONE', #4481, 0.04999999999999991300 ) ;
#1948 = VERTEX_POINT ( 'NONE', #4803 ) ;
#1949 = ORIENTED_EDGE ( 'NONE', *, *, #6665, .T. ) ;
#1950 = LINE ( 'NONE', #4514, #6539 ) ;
#1951 = DIRECTION ( 'NONE',  ( 2.372876381782987800E-016, 1.092751075564479400E-016, 1.000000000000000000 ) ) ;
#1952 = ORIENTED_EDGE ( 'NONE', *, *, #42, .F. ) ;
#1953 = AXIS2_PLACEMENT_3D ( 'NONE', #4009, #7524, #3347 ) ;
#1954 = EDGE_LOOP ( 'NONE', ( #1368, #943, #4836, #7415 ) ) ;
#1955 = EDGE_CURVE ( 'NONE', #7610, #6630, #813, .T. ) ;
#1956 = DIRECTION ( 'NONE',  ( 0.6240571255993386800, 0.0000000000000000000, -0.7813787199487143300 ) ) ;
#1957 = VECTOR ( 'NONE', #5488, 1000.000000000000000 ) ;
#1958 = ORIENTED_EDGE ( 'NONE', *, *, #6296, .T. ) ;
#1959 = ADVANCED_FACE ( 'NONE', ( #1818 ), #5445, .F. ) ;
#1960 = CLOSED_SHELL ( 'NONE', ( #5570, #3724, #2612, #4336, #2420, #1072 ) ) ;
#1961 = AXIS2_PLACEMENT_3D ( 'NONE', #7179, #6003, #3703 ) ;
#1962 = CARTESIAN_POINT ( 'NONE',  ( 1.760000000000000000, -0.9676716926650675800, -0.2000000000000000100 ) ) ;
#1963 = EDGE_CURVE ( 'NONE', #2711, #7177, #824, .T. ) ;
#1964 = VECTOR ( 'NONE', #4277, 1000.000000000000000 ) ;
#1965 = ORIENTED_EDGE ( 'NONE', *, *, #1862, .T. ) ;
#1966 = CARTESIAN_POINT ( 'NONE',  ( 1.053594130719925500, -0.4810162188969698300, 1.250000000000002000 ) ) ;
#1967 = CIRCLE ( 'NONE', #4043, 0.04999999999999991300 ) ;
#1968 = PLANE ( 'NONE',  #4204 ) ;
#1969 = VECTOR ( 'NONE', #6414, 1000.000000000000000 ) ;
#1970 = CARTESIAN_POINT ( 'NONE',  ( 1.499999999999999800, -0.1000000000000000100, -0.9138294609943661300 ) ) ;
#1971 = AXIS2_PLACEMENT_3D ( 'NONE', #7350, #5729, #2167 ) ;
#1972 = DIRECTION ( 'NONE',  ( 0.0000000000000000000, 1.000000000000000000, 0.0000000000000000000 ) ) ;
#1973 = VECTOR ( 'NONE', #2275, 1000.000000000000000 ) ;
#1974 = CARTESIAN_POINT ( 'NONE',  ( 1.565010397521423300, -0.09999999999999989500, 0.3459031131721495600 ) ) ;
#1975 = VERTEX_POINT ( 'NONE', #5960 ) ;
#1976 = DIRECTION ( 'NONE',  ( 0.0000000000000000000, -9.757819552369557300E-015, -1.000000000000000000 ) ) ;
#1977 = EDGE_LOOP ( 'NONE', ( #6065, #1522, #3343, #2362 ) ) ;
#1978 = EDGE_CURVE ( 'NONE', #4614, #4067, #1447, .T. ) ;
#1979 = DIRECTION ( 'NONE',  ( 0.0000000000000000000, 0.0000000000000000000, 1.000000000000000000 ) ) ;
#1980 = CARTESIAN_POINT ( 'NONE',  ( 1.500000000000000000, -0.9499999999999999600, 1.052476713040994000 ) ) ;
#1981 = ORIENTED_EDGE ( 'NONE', *, *, #2052, .F. ) ;
#1982 = LINE ( 'NONE', #6666, #427 ) ;
#1983 = ORIENTED_EDGE ( 'NONE', *, *, #980, .T. ) ;
#1984 = EDGE_CURVE ( 'NONE', #3299, #4113, #1076, .T. ) ;
#1985 = ORIENTED_EDGE ( 'NONE', *, *, #6024, .F. ) ;
#1986 = AXIS2_PLACEMENT_3D ( 'NONE', #1909, #5447, #7216 ) ;
#1987 = CARTESIAN_POINT ( 'NONE',  ( 1.096148662824761900, -0.4810162188969698300, 1.250000000000002000 ) ) ;
#1988 = LINE ( 'NONE', #1980, #4084 ) ;
#1989 = EDGE_LOOP ( 'NONE', ( #7377, #763, #5947, #1402 ) ) ;
#1990 = CARTESIAN_POINT ( 'NONE',  ( -0.6603828416892078000, -0.9499999999999999600, -1.217574864917437600 ) ) ;
#1991 = ORIENTED_EDGE ( 'NONE', *, *, #2736, .T. ) ;
#1992 = LINE ( 'NONE', #7214, #3354 ) ;
#1993 = DIRECTION ( 'NONE',  ( -6.151150412723322900E-016, -3.491481338843133400E-015, -1.000000000000000000 ) ) ;
#1994 = LINE ( 'NONE', #2986, #5294 ) ;
#1995 = ORIENTED_EDGE ( 'NONE', *, *, #4584, .F. ) ;
#1996 = PRESENTATION_LAYER_ASSIGNMENT (  '', '', ( #1602 ) ) ;
#1997 = CARTESIAN_POINT ( 'NONE',  ( -1.500000000000000200, -0.1000000000000000100, -1.052476713040993600 ) ) ;
#1998 = ADVANCED_FACE ( 'NONE', ( #3365 ), #4829, .T. ) ;
#1999 = DIRECTION ( 'NONE',  ( 0.0000000000000000000, 1.000000000000000000, 0.0000000000000000000 ) ) ;
#2000 = ORIENTED_EDGE ( 'NONE', *, *, #3664, .T. ) ;
#2001 = EDGE_CURVE ( 'NONE', #4218, #2467, #77, .T. ) ;
#2002 = ORIENTED_EDGE ( 'NONE', *, *, #1843, .T. ) ;
#2003 = EDGE_LOOP ( 'NONE', ( #82, #953, #6001, #1069 ) ) ;
#2004 = VECTOR ( 'NONE', #1238, 1000.000000000000000 ) ;
#2005 = VECTOR ( 'NONE', #3989, 1000.000000000000000 ) ;
#2006 = DIRECTION ( 'NONE',  ( 2.449293598294706400E-016, 0.0000000000000000000, 1.000000000000000000 ) ) ;
#2007 = ORIENTED_EDGE ( 'NONE', *, *, #739, .F. ) ;
#2008 = DIRECTION ( 'NONE',  ( 0.0000000000000000000, -1.355252715606880500E-016, 1.000000000000000000 ) ) ;
#2009 = EDGE_CURVE ( 'NONE', #4223, #1064, #6118, .T. ) ;
#2010 = LINE ( 'NONE', #2769, #1470 ) ;
#2011 = ORIENTED_EDGE ( 'NONE', *, *, #5593, .T. ) ;
#2012 = CARTESIAN_POINT ( 'NONE',  ( 1.316993844434797700, 0.0000000000000000000, -1.039254521236307600 ) ) ;
#2013 = CARTESIAN_POINT ( 'NONE',  ( 1.760000000000000000, -0.9676716926650675800, 0.4000000000000000200 ) ) ;
#2014 = DIRECTION ( 'NONE',  ( 6.151150412723322900E-016, 3.491481338843133400E-015, -1.000000000000000000 ) ) ;
#2015 = LINE ( 'NONE', #3533, #3929 ) ;
#2016 = ORIENTED_EDGE ( 'NONE', *, *, #2746, .F. ) ;
#2017 = DIRECTION ( 'NONE',  ( 0.0000000000000000000, -1.000000000000000000, -3.689761013415303100E-015 ) ) ;
#2018 = DIRECTION ( 'NONE',  ( -1.514947960274788600E-030, 1.000000000000000000, 3.491481338843133400E-015 ) ) ;
#2019 = CARTESIAN_POINT ( 'NONE',  ( 1.053594130719925500, -5.421010862427522200E-017, 1.200000000000000600 ) ) ;
#2020 = VECTOR ( 'NONE', #772, 999.9999999999998900 ) ;
#2021 = ORIENTED_EDGE ( 'NONE', *, *, #4048, .F. ) ;
#2022 = EDGE_CURVE ( 'NONE', #63, #7540, #6057, .T. ) ;
#2023 = AXIS2_PLACEMENT_3D ( 'NONE', #5965, #1805, #1855 ) ;
#2024 = VERTEX_POINT ( 'NONE', #5537 ) ;
#2025 = VECTOR ( 'NONE', #6880, 1000.000000000000000 ) ;
#2026 = CARTESIAN_POINT ( 'NONE',  ( -0.0000000000000000000, -0.3697070418052864600, -0.2000000000000000100 ) ) ;
#2027 = VECTOR ( 'NONE', #616, 1000.000000000000000 ) ;
#2028 = VECTOR ( 'NONE', #7027, 1000.000000000000000 ) ;
#2029 = ORIENTED_EDGE ( 'NONE', *, *, #2790, .T. ) ;
#2030 = CARTESIAN_POINT ( 'NONE',  ( 1.447527658732871600, -0.7266680502297832000, 1.350000000000003000 ) ) ;
#2031 = ADVANCED_FACE ( 'NONE', ( #5301 ), #6743, .F. ) ;
#2032 = CARTESIAN_POINT ( 'NONE',  ( 1.476811605471761500, -0.5941102786568811500, 1.045752257415221800 ) ) ;
#2033 = LINE ( 'NONE', #6780, #3685 ) ;
#2034 = ORIENTED_EDGE ( 'NONE', *, *, #1002, .T. ) ;
#2035 = DIRECTION ( 'NONE',  ( 1.000000000000000000, 0.0000000000000000000, -2.449293598294706400E-016 ) ) ;
#2036 = AXIS2_PLACEMENT_3D ( 'NONE', #1300, #5336, #1838 ) ;
#2037 = LINE ( 'NONE', #1276, #4593 ) ;
#2038 = ORIENTED_EDGE ( 'NONE', *, *, #524, .T. ) ;
#2039 =( NAMED_UNIT ( * ) SI_UNIT ( $, .STERADIAN. ) SOLID_ANGLE_UNIT ( ) );
#2040 = ORIENTED_EDGE ( 'NONE', *, *, #3966, .F. ) ;
#2041 = FACE_OUTER_BOUND ( 'NONE', #5517, .T. ) ;
#2042 = ORIENTED_EDGE ( 'NONE', *, *, #5515, .T. ) ;
#2043 = CARTESIAN_POINT ( 'NONE',  ( -1.450000000000000200, -1.000000000000000000, 0.6653012290366859800 ) ) ;
#2044 = ORIENTED_EDGE ( 'NONE', *, *, #1179, .F. ) ;
#2045 = DIRECTION ( 'NONE',  ( -6.151150412723322900E-016, -3.491481338843133400E-015, 1.000000000000000000 ) ) ;
#2046 = DIRECTION ( 'NONE',  ( 0.0000000000000000000, 0.0000000000000000000, -1.000000000000000000 ) ) ;
#2047 = LINE ( 'NONE', #3922, #7562 ) ;
#2048 = AXIS2_PLACEMENT_3D ( 'NONE', #3138, #7252, #3630 ) ;
#2049 = ORIENTED_EDGE ( 'NONE', *, *, #6588, .T. ) ;
#2050 = FACE_OUTER_BOUND ( 'NONE', #776, .T. ) ;
#2051 = EDGE_CURVE ( 'NONE', #2711, #4636, #1260, .T. ) ;
#2052 = EDGE_CURVE ( 'NONE', #2411, #7560, #998, .T. ) ;
#2053 = VECTOR ( 'NONE', #7530, 1000.000000000000000 ) ;
#2054 = DIRECTION ( 'NONE',  ( 0.05238247302969425300, 0.9986270958267120500, 0.0000000000000000000 ) ) ;
#2055 = DIRECTION ( 'NONE',  ( 0.0000000000000000000, 1.000000000000000000, 0.0000000000000000000 ) ) ;
#2056 = LINE ( 'NONE', #7495, #3425 ) ;
#2057 =( GEOMETRIC_REPRESENTATION_CONTEXT ( 3 ) GLOBAL_UNCERTAINTY_ASSIGNED_CONTEXT ( ( #4007 ) ) GLOBAL_UNIT_ASSIGNED_CONTEXT ( ( #5823, #1728, #502 ) ) REPRESENTATION_CONTEXT ( 'NONE', 'WORKASPACE' ) );
#2058 = DIRECTION ( 'NONE',  ( 0.0000000000000000000, 1.000000000000000000, -3.689761013415303100E-015 ) ) ;
#2059 = EDGE_CURVE ( 'NONE', #5482, #2063, #7052, .T. ) ;
#2060 = DIRECTION ( 'NONE',  ( 1.000000000000000000, 0.0000000000000000000, 0.0000000000000000000 ) ) ;
#2061 = ORIENTED_EDGE ( 'NONE', *, *, #6307, .F. ) ;
#2062 = VECTOR ( 'NONE', #3825, 1000.000000000000000 ) ;
#2063 = VERTEX_POINT ( 'NONE', #881 ) ;
#2064 = ORIENTED_EDGE ( 'NONE', *, *, #3377, .F. ) ;
#2065 = PLANE ( 'NONE',  #309 ) ;
#2066 = ADVANCED_FACE ( 'NONE', ( #1539, #3644 ), #3218, .F. ) ;
#2067 = MECHANICAL_DESIGN_GEOMETRIC_PRESENTATION_REPRESENTATION (  '', ( #6014 ), #6391 ) ;
#2068 = CARTESIAN_POINT ( 'NONE',  ( 1.053594130719925500, -0.1499999999999998000, -1.250000000000000400 ) ) ;
#2069 = DIRECTION ( 'NONE',  ( 0.0000000000000000000, -1.000000000000000000, -0.0000000000000000000 ) ) ;
#2070 = DIRECTION ( 'NONE',  ( -0.0000000000000000000, 0.0000000000000000000, -1.000000000000000000 ) ) ;
#2071 = CARTESIAN_POINT ( 'NONE',  ( 0.6603828416892074700, -0.1000000000000000100, 1.217574864917437800 ) ) ;
#2072 = EDGE_CURVE ( 'NONE', #7368, #1361, #276, .T. ) ;
#2073 = CIRCLE ( 'NONE', #3555, 0.05941126440084723600 ) ;
#2074 = ORIENTED_EDGE ( 'NONE', *, *, #884, .F. ) ;
#2075 = ORIENTED_EDGE ( 'NONE', *, *, #5628, .F. ) ;
#2076 = PLANE ( 'NONE',  #6990 ) ;
#2077 = ORIENTED_EDGE ( 'NONE', *, *, #5398, .T. ) ;
#2078 = DIRECTION ( 'NONE',  ( 0.0000000000000000000, -1.000000000000000000, 0.0000000000000000000 ) ) ;
#2079 = EDGE_CURVE ( 'NONE', #5254, #2925, #6220, .T. ) ;
#2080 = ORIENTED_EDGE ( 'NONE', *, *, #368, .F. ) ;
#2081 = DIRECTION ( 'NONE',  ( 6.151150412723322900E-016, -3.491481338843133400E-015, -1.000000000000000000 ) ) ;
#2082 = DIRECTION ( 'NONE',  ( 0.0000000000000000000, 0.0000000000000000000, -1.000000000000000000 ) ) ;
#2083 = EDGE_CURVE ( 'NONE', #2467, #2594, #4469, .T. ) ;
#2084 = ORIENTED_EDGE ( 'NONE', *, *, #4534, .T. ) ;
#2085 = CARTESIAN_POINT ( 'NONE',  ( 1.447527658732871600, -0.5310819161150369700, -1.250000000000002400 ) ) ;
#2086 = CYLINDRICAL_SURFACE ( 'NONE', #3660, 0.1499999999999999700 ) ;
#2087 = VECTOR ( 'NONE', #4328, 1000.000000000000000 ) ;
#2088 = VECTOR ( 'NONE', #5307, 1000.000000000000000 ) ;
#2089 = ORIENTED_EDGE ( 'NONE', *, *, #1963, .F. ) ;
#2090 = DIRECTION ( 'NONE',  ( 1.514947960274788600E-030, 1.000000000000000000, -3.491481338843133400E-015 ) ) ;
#2091 = VERTEX_POINT ( 'NONE', #2615 ) ;
#2092 = AXIS2_PLACEMENT_3D ( 'NONE', #473, #2301, #2943 ) ;
#2093 = DIRECTION ( 'NONE',  ( 6.151150412723322900E-016, -3.491481338843133400E-015, -1.000000000000000000 ) ) ;
#2094 = DIRECTION ( 'NONE',  ( 0.0000000000000000000, 0.4758085574081127900, -0.8795488711249709300 ) ) ;
#2095 = VECTOR ( 'NONE', #7429, 1000.000000000000000 ) ;
#2096 = EDGE_CURVE ( 'NONE', #3499, #2304, #5486, .T. ) ;
#2097 = DIRECTION ( 'NONE',  ( -0.7071067811865474600, -0.0000000000000000000, -0.7071067811865474600 ) ) ;
#2098 = CARTESIAN_POINT ( 'NONE',  ( 1.500000000000000000, -0.8800000000000000000, 0.6600000000000000300 ) ) ;
#2099 = EDGE_CURVE ( 'NONE', #7494, #6637, #7516, .T. ) ;
#2100 = ORIENTED_EDGE ( 'NONE', *, *, #819, .T. ) ;
#2101 = DIRECTION ( 'NONE',  ( 1.224646799147353200E-016, 0.0000000000000000000, -1.000000000000000000 ) ) ;
#2102 = AXIS2_PLACEMENT_3D ( 'NONE', #4543, #1653, #5210 ) ;
#2103 = ADVANCED_FACE ( 'NONE', ( #3904 ), #4351, .T. ) ;
#2104 = LINE ( 'NONE', #1334, #2570 ) ;
#2105 = CARTESIAN_POINT ( 'NONE',  ( 0.7010740004227081800, -0.1499999999999994400, 1.350000000000000500 ) ) ;
#2106 = ORIENTED_EDGE ( 'NONE', *, *, #756, .T. ) ;
#2107 = CARTESIAN_POINT ( 'NONE',  ( 1.310011812126306500, -0.4913441754571615200, 1.250000000000002000 ) ) ;
#2108 = VECTOR ( 'NONE', #141, 1000.000000000000000 ) ;
#2109 = ORIENTED_EDGE ( 'NONE', *, *, #491, .T. ) ;
#2110 = FILL_AREA_STYLE ('',( #7301 ) ) ;
#2111 = EDGE_CURVE ( 'NONE', #7576, #4545, #1367, .T. ) ;
#2112 = LINE ( 'NONE', #6367, #2930 ) ;
#2113 = DIRECTION ( 'NONE',  ( -0.03706543680213364400, -0.7066208861173978200, 0.7066208861173936000 ) ) ;
#2114 = LINE ( 'NONE', #3421, #3118 ) ;
#2115 = ORIENTED_EDGE ( 'NONE', *, *, #3367, .T. ) ;
#2116 = PLANE ( 'NONE',  #6676 ) ;
#2117 = LINE ( 'NONE', #5736, #7265 ) ;
#2118 = CARTESIAN_POINT ( 'NONE',  ( 1.590698258056933300, -0.01664109888108246400, 0.3462223609342756600 ) ) ;
#2119 = CARTESIAN_POINT ( 'NONE',  ( 1.447527658732871600, -0.7266680502297832000, -1.350000000000003000 ) ) ;
#2120 = LINE ( 'NONE', #6621, #5603 ) ;
#2121 = EDGE_CURVE ( 'NONE', #2409, #6662, #2909, .T. ) ;
#2122 = CARTESIAN_POINT ( 'NONE',  ( -1.078042482630644300, -0.4381199093104634100, -1.866607263856682900 ) ) ;
#2123 = VECTOR ( 'NONE', #4096, 1000.000000000000000 ) ;
#2124 = VERTEX_POINT ( 'NONE', #1418 ) ;
#2125 = VERTEX_POINT ( 'NONE', #924 ) ;
#2126 = AXIS2_PLACEMENT_3D ( 'NONE', #685, #4775, #5366 ) ;
#2127 = PLANE ( 'NONE',  #6172 ) ;
#2128 = CIRCLE ( 'NONE', #3284, 0.09182402748566186000 ) ;
#2129 = VERTEX_POINT ( 'NONE', #3808 ) ;
#2130 = DIRECTION ( 'NONE',  ( 0.0000000000000000000, 0.0000000000000000000, -1.000000000000000000 ) ) ;
#2131 = DIRECTION ( 'NONE',  ( 0.0000000000000000000, 1.092751075564479600E-016, -1.000000000000000000 ) ) ;
#2132 = ORIENTED_EDGE ( 'NONE', *, *, #5764, .F. ) ;
#2133 = PLANE ( 'NONE',  #5649 ) ;
#2134 = CYLINDRICAL_SURFACE ( 'NONE', #6873, 0.09182402748566186000 ) ;
#2135 = ORIENTED_EDGE ( 'NONE', *, *, #5545, .F. ) ;
#2136 = VERTEX_POINT ( 'NONE', #3247 ) ;
#2137 = ORIENTED_EDGE ( 'NONE', *, *, #756, .F. ) ;
#2138 = CARTESIAN_POINT ( 'NONE',  ( -1.500000000000000000, -0.9499999999999999600, 1.000000000000000000 ) ) ;
#2139 = DIRECTION ( 'NONE',  ( 0.0000000000000000000, 0.0000000000000000000, 1.000000000000000000 ) ) ;
#2140 = LINE ( 'NONE', #3709, #5624 ) ;
#2141 = DIRECTION ( 'NONE',  ( 0.0000000000000000000, 0.0000000000000000000, 1.000000000000000000 ) ) ;
#2142 = ADVANCED_FACE ( 'NONE', ( #7413 ), #5016, .T. ) ;
#2143 = ORIENTED_EDGE ( 'NONE', *, *, #3927, .T. ) ;
#2144 = CARTESIAN_POINT ( 'NONE',  ( -0.8890101095548962300, -0.4810162188969695500, 1.350000000000001900 ) ) ;
#2145 = B_SPLINE_CURVE_WITH_KNOTS ( 'NONE', 3,
 ( #44, #2363, #7558, #582, #6476, #2923, #1759, #5803, #5311, #2333, #7058, #1165, #3529 ),
 .UNSPECIFIED., .F., .F.,
 ( 4, 3, 3, 3, 4 ),
 ( 0.0000000000000000000, 3.240556209733232900E-005, 6.489182823501712200E-005, 9.620925976454978200E-005, 0.0001114932564539421600 ),
 .UNSPECIFIED. ) ;
#2146 = VECTOR ( 'NONE', #946, 1000.000000000000000 ) ;
#2147 = CARTESIAN_POINT ( 'NONE',  ( 1.530824860012661700, -0.0009647512213145954700, 0.3736895409870538700 ) ) ;
#2148 = DIRECTION ( 'NONE',  ( 0.9977699586006789600, -0.06674660825839379100, 0.0000000000000000000 ) ) ;
#2149 = PLANE ( 'NONE',  #3795 ) ;
#2150 = FACE_OUTER_BOUND ( 'NONE', #7268, .T. ) ;
#2151 = DIRECTION ( 'NONE',  ( 1.000000000000000000, 0.0000000000000000000, -0.0000000000000000000 ) ) ;
#2152 = ORIENTED_EDGE ( 'NONE', *, *, #5357, .T. ) ;
#2153 = VECTOR ( 'NONE', #6283, 1000.000000000000000 ) ;
#2154 = DIRECTION ( 'NONE',  ( -1.000000000000000000, 0.0000000000000000000, 0.0000000000000000000 ) ) ;
#2155 = ORIENTED_EDGE ( 'NONE', *, *, #6575, .T. ) ;
#2156 = VERTEX_POINT ( 'NONE', #904 ) ;
#2157 = CARTESIAN_POINT ( 'NONE',  ( 1.145418158205587300, 0.0000000000000000000, 1.190489813122816800 ) ) ;
#2158 = DIRECTION ( 'NONE',  ( -2.449293598294706400E-016, 0.0000000000000000000, -1.000000000000000000 ) ) ;
#2159 = CARTESIAN_POINT ( 'NONE',  ( 1.376510721059179600, 0.0000000000000000000, -0.9138294609943661300 ) ) ;
#2160 = ORIENTED_EDGE ( 'NONE', *, *, #5156, .F. ) ;
#2161 = AXIS2_PLACEMENT_3D ( 'NONE', #2257, #7609, #3457 ) ;
#2162 = CARTESIAN_POINT ( 'NONE',  ( -1.257582580033950400, 0.0000000000000000000, 1.098665785637154900 ) ) ;
#2163 = VECTOR ( 'NONE', #4989, 1000.000000000000000 ) ;
#2164 = EDGE_CURVE ( 'NONE', #5539, #1120, #5660, .T. ) ;
#2165 = ORIENTED_EDGE ( 'NONE', *, *, #6147, .T. ) ;
#2166 = ORIENTED_EDGE ( 'NONE', *, *, #2072, .T. ) ;
#2167 = DIRECTION ( 'NONE',  ( 1.000000000000000000, 0.0000000000000000000, 2.449293598294706400E-016 ) ) ;
#2168 = DIRECTION ( 'NONE',  ( -2.095348492642633400E-016, 0.5178177716736868100, -0.8554909440425992900 ) ) ;
#2169 = ORIENTED_EDGE ( 'NONE', *, *, #6095, .F. ) ;
#2170 = VERTEX_POINT ( 'NONE', #4408 ) ;
#2171 = CARTESIAN_POINT ( 'NONE',  ( 1.447527658732871600, -0.5975000926685795100, 1.350000000000002800 ) ) ;
#2172 = EDGE_CURVE ( 'NONE', #4421, #985, #5850, .T. ) ;
#2173 = DIRECTION ( 'NONE',  ( 0.0000000000000000000, -1.000000000000000000, -0.0000000000000000000 ) ) ;
#2174 = CARTESIAN_POINT ( 'NONE',  ( -0.6092499729370461900, 0.0000000000000000000, -1.217362676867157500 ) ) ;
#2175 = FILL_AREA_STYLE ('',( #5680 ) ) ;
#2176 = LINE ( 'NONE', #1834, #7503 ) ;
#2177 = LINE ( 'NONE', #5917, #7142 ) ;
#2178 = CARTESIAN_POINT ( 'NONE',  ( -1.607764218758668300, -0.1901596886722744800, 0.2971295284267666500 ) ) ;
#2179 = ORIENTED_EDGE ( 'NONE', *, *, #7617, .T. ) ;
#2180 = CARTESIAN_POINT ( 'NONE',  ( 0.8890101095548962300, -0.5975000926685795100, 1.350000000000002300 ) ) ;
#2181 = ORIENTED_EDGE ( 'NONE', *, *, #1711, .F. ) ;
#2182 = EDGE_CURVE ( 'NONE', #1583, #1104, #544, .T. ) ;
#2183 = CARTESIAN_POINT ( 'NONE',  ( 1.053594130719925500, -0.4810162188969695500, -1.350000000000001900 ) ) ;
#2184 = ORIENTED_EDGE ( 'NONE', *, *, #5271, .F. ) ;
#2185 = STYLED_ITEM ( 'NONE', ( #837 ), #4109 ) ;
#2186 = CARTESIAN_POINT ( 'NONE',  ( -1.511371717397266700, -0.09999999999999989500, -0.3459031131721495000 ) ) ;
#2187 = ADVANCED_FACE ( 'NONE', ( #3999 ), #6728, .F. ) ;
#2188 = LINE ( 'NONE', #3553, #3534 ) ;
#2189 = CIRCLE ( 'NONE', #6745, 0.1186968912300025000 ) ;
#2190 = ORIENTED_EDGE ( 'NONE', *, *, #3109, .T. ) ;
#2191 = CARTESIAN_POINT ( 'NONE',  ( -1.310011812126306500, -0.4913441754571615200, -1.250000000000002000 ) ) ;
#2192 = AXIS2_PLACEMENT_3D ( 'NONE', #6898, #3374, #5770 ) ;
#2193 = DIRECTION ( 'NONE',  ( -1.000000000000000000, 0.0000000000000000000, 0.0000000000000000000 ) ) ;
#2194 = VECTOR ( 'NONE', #1647, 1000.000000000000000 ) ;
#2195 = EDGE_LOOP ( 'NONE', ( #6293, #4143, #2451, #6819, #7509, #3408, #7303, #5705 ) ) ;
#2196 = CARTESIAN_POINT ( 'NONE',  ( -1.053594130719925500, -0.4810162188969698300, 1.250000000000002000 ) ) ;
#2197 = EDGE_CURVE ( 'NONE', #5273, #5448, #1175, .T. ) ;
#2198 = DIRECTION ( 'NONE',  ( 0.6240571255993386800, 0.0000000000000000000, 0.7813787199487143300 ) ) ;
#2199 = PLANE ( 'NONE',  #431 ) ;
#2200 = FACE_OUTER_BOUND ( 'NONE', #371, .T. ) ;
#2201 = VERTEX_POINT ( 'NONE', #3229 ) ;
#2202 = AXIS2_PLACEMENT_3D ( 'NONE', #1579, #4914, #235 ) ;
#2203 = DIRECTION ( 'NONE',  ( 0.0000000000000000000, 1.000000000000000000, 0.0000000000000000000 ) ) ;
#2204 = CYLINDRICAL_SURFACE ( 'NONE', #1407, 0.05951687662438182700 ) ;
#2205 = EDGE_CURVE ( 'NONE', #4855, #2124, #7042, .T. ) ;
#2206 = ORIENTED_EDGE ( 'NONE', *, *, #908, .T. ) ;
#2207 = CARTESIAN_POINT ( 'NONE',  ( 1.476598103780641500, -0.5900400513188783800, -1.052476713040993600 ) ) ;
#2208 = ORIENTED_EDGE ( 'NONE', *, *, #6975, .F. ) ;
#2209 = VECTOR ( 'NONE', #5807, 1000.000000000000000 ) ;
#2210 = FACE_OUTER_BOUND ( 'NONE', #4583, .T. ) ;
#2211 = LINE ( 'NONE', #4241, #4035 ) ;
#2212 = ORIENTED_EDGE ( 'NONE', *, *, #520, .T. ) ;
#2213 = DIRECTION ( 'NONE',  ( 1.000000000000000000, 2.000727192227918000E-030, 6.151150412723322900E-016 ) ) ;
#2214 = AXIS2_PLACEMENT_3D ( 'NONE', #4715, #1897, #4110 ) ;
#2215 = VECTOR ( 'NONE', #5618, 1000.000000000000000 ) ;
#2216 = DIRECTION ( 'NONE',  ( -0.9606938009292362900, 0.2776101958792883100, 0.0000000000000000000 ) ) ;
#2217 = ORIENTED_EDGE ( 'NONE', *, *, #2899, .T. ) ;
#2218 = ADVANCED_FACE ( 'NONE', ( #2640 ), #6235, .F. ) ;
#2219 = VECTOR ( 'NONE', #154, 1000.000000000000000 ) ;
#2220 = ORIENTED_EDGE ( 'NONE', *, *, #3480, .F. ) ;
#2221 = DIRECTION ( 'NONE',  ( 6.151150412723322900E-016, 3.491481338843133400E-015, 1.000000000000000000 ) ) ;
#2222 = CARTESIAN_POINT ( 'NONE',  ( 1.547748456490377000, -0.003144593497491672600, 0.3599873502053823100 ) ) ;
#2223 = LINE ( 'NONE', #2342, #1869 ) ;
#2224 = EDGE_CURVE ( 'NONE', #4654, #5646, #7232, .T. ) ;
#2225 = CARTESIAN_POINT ( 'NONE',  ( -1.239179746653218400, -0.4913441754571611900, -1.350000000000002100 ) ) ;
#2226 = VERTEX_POINT ( 'NONE', #3835 ) ;
#2227 = AXIS2_PLACEMENT_3D ( 'NONE', #2762, #7414, #1078 ) ;
#2228 = DIRECTION ( 'NONE',  ( 0.0000000000000000000, 1.000000000000000000, 0.0000000000000000000 ) ) ;
#2229 = VERTEX_POINT ( 'NONE', #4463 ) ;
#2230 = EDGE_CURVE ( 'NONE', #1516, #968, #5019, .T. ) ;
#2231 = PLANE ( 'NONE',  #6526 ) ;
#2232 = VECTOR ( 'NONE', #333, 1000.000000000000000 ) ;
#2233 = CARTESIAN_POINT ( 'NONE',  ( 1.053594130719925500, -0.1000000000000000100, 1.190489813122816800 ) ) ;
#2234 = DIRECTION ( 'NONE',  ( 1.000000000000000000, 0.0000000000000000000, 0.0000000000000000000 ) ) ;
#2235 = ORIENTED_EDGE ( 'NONE', *, *, #6798, .T. ) ;
#2236 = VECTOR ( 'NONE', #3896, 1000.000000000000000 ) ;
#2237 = LINE ( 'NONE', #829, #700 ) ;
#2238 = CARTESIAN_POINT ( 'NONE',  ( 1.749999999999999800, -0.8800000000000000000, 1.000000000000000000 ) ) ;
#2239 = DIRECTION ( 'NONE',  ( 2.449293598294706400E-016, 0.0000000000000000000, 1.000000000000000000 ) ) ;
#2240 = EDGE_CURVE ( 'NONE', #1166, #3867, #4199, .T. ) ;
#2241 =( NAMED_UNIT ( * ) PLANE_ANGLE_UNIT ( ) SI_UNIT ( $, .RADIAN. ) );
#2242 = ORIENTED_EDGE ( 'NONE', *, *, #2240, .F. ) ;
#2243 = DIRECTION ( 'NONE',  ( 0.0000000000000000000, 0.0000000000000000000, -1.000000000000000000 ) ) ;
#2244 = CARTESIAN_POINT ( 'NONE',  ( 1.316993844434797900, 0.0000000000000000000, 0.9733463376187478900 ) ) ;
#2245 = LINE ( 'NONE', #5220, #2698 ) ;
#2246 = VERTEX_POINT ( 'NONE', #2623 ) ;
#2247 = AXIS2_PLACEMENT_3D ( 'NONE', #1684, #4655, #3388 ) ;
#2248 = ORIENTED_EDGE ( 'NONE', *, *, #3698, .F. ) ;
#2249 = EDGE_CURVE ( 'NONE', #930, #7101, #88, .T. ) ;
#2250 = LINE ( 'NONE', #6701, #2901 ) ;
#2251 = VERTEX_POINT ( 'NONE', #958 ) ;
#2252 = CARTESIAN_POINT ( 'NONE',  ( 1.388759507161886800, -0.7854362018007680100, -1.350000000000003200 ) ) ;
#2253 = ADVANCED_FACE ( 'NONE', ( #2454 ), #5588, .F. ) ;
#2254 = PLANE ( 'NONE',  #7426 ) ;
#2255 = ORIENTED_EDGE ( 'NONE', *, *, #2009, .F. ) ;
#2256 = STYLED_ITEM ( 'NONE', ( #5348 ), #4582 ) ;
#2257 = CARTESIAN_POINT ( 'NONE',  ( 1.096148662824762300, -0.9499999999999999600, -1.052476713040993800 ) ) ;
#2258 = CARTESIAN_POINT ( 'NONE',  ( 1.448899998941667100, -0.06199934618514674200, -1.211999346185147000 ) ) ;
#2259 = ORIENTED_EDGE ( 'NONE', *, *, #7244, .T. ) ;
#2260 = ADVANCED_FACE ( 'NONE', ( #3184 ), #4848, .F. ) ;
#2261 = ORIENTED_EDGE ( 'NONE', *, *, #2806, .T. ) ;
#2262 = ORIENTED_EDGE ( 'NONE', *, *, #1889, .T. ) ;
#2263 = CARTESIAN_POINT ( 'NONE',  ( -1.766200667084217400, -0.5900400513188783800, -1.052476713040993600 ) ) ;
#2264 = CARTESIAN_POINT ( 'NONE',  ( -1.450000000000000400, -0.9499999999999999600, -0.6653012290366856500 ) ) ;
#2265 = CIRCLE ( 'NONE', #7461, 0.05876815157098477100 ) ;
#2266 = DIRECTION ( 'NONE',  ( 0.0000000000000000000, 0.0000000000000000000, 1.000000000000000000 ) ) ;
#2267 = EDGE_CURVE ( 'NONE', #313, #1170, #2725, .T. ) ;
#2268 = LINE ( 'NONE', #2233, #6771 ) ;
#2269 = LINE ( 'NONE', #2726, #2005 ) ;
#2270 = CARTESIAN_POINT ( 'NONE',  ( -1.450893303781768400, -0.1000000000000000100, -1.866607263856682600 ) ) ;
#2271 = DIRECTION ( 'NONE',  ( -0.03706543680213347100, -0.7066208861173978200, -0.7066208861173936000 ) ) ;
#2272 = ORIENTED_EDGE ( 'NONE', *, *, #4708, .T. ) ;
#2273 = DIRECTION ( 'NONE',  ( -1.000000000000000000, 0.0000000000000000000, 2.449293598294706400E-016 ) ) ;
#2274 = ORIENTED_EDGE ( 'NONE', *, *, #3575, .F. ) ;
#2275 = DIRECTION ( 'NONE',  ( 0.0000000000000000000, 1.000000000000000000, 0.0000000000000000000 ) ) ;
#2276 = FACE_OUTER_BOUND ( 'NONE', #4072, .T. ) ;
#2277 = DIRECTION ( 'NONE',  ( -0.0000000000000000000, -0.0000000000000000000, -1.000000000000000000 ) ) ;
#2278 = CARTESIAN_POINT ( 'NONE',  ( 1.500000000000000200, -0.8800000000000000000, -0.9999999999999995600 ) ) ;
#2279 = SURFACE_STYLE_USAGE ( .BOTH. , #6926 ) ;
#2280 = ORIENTED_EDGE ( 'NONE', *, *, #1942, .F. ) ;
#2281 = DIRECTION ( 'NONE',  ( -0.06674660825839352800, -0.9977699586006789600, 0.0000000000000000000 ) ) ;
#2282 = TOROIDAL_SURFACE ( 'NONE', #7224, 0.7999999999999999300, 0.05000000000000000300 ) ;
#2283 = ORIENTED_EDGE ( 'NONE', *, *, #2520, .T. ) ;
#2284 = DIRECTION ( 'NONE',  ( -0.9124114197061157200, -0.4092742371440823400, -1.990211349547696900E-015 ) ) ;
#2285 = DIRECTION ( 'NONE',  ( -0.0000000000000000000, -1.000000000000000000, 0.0000000000000000000 ) ) ;
#2286 = VECTOR ( 'NONE', #3627, 1000.000000000000000 ) ;
#2287 = ORIENTED_EDGE ( 'NONE', *, *, #4996, .F. ) ;
#2288 = CARTESIAN_POINT ( 'NONE',  ( -1.096148662824762100, -0.9499999999999999600, 1.052476713040994000 ) ) ;
#2289 = ADVANCED_FACE ( 'NONE', ( #906 ), #4434, .F. ) ;
#2290 = VECTOR ( 'NONE', #1710, 1000.000000000000000 ) ;
#2291 = EDGE_CURVE ( 'NONE', #5700, #5935, #4566, .T. ) ;
#2292 = DIRECTION ( 'NONE',  ( 0.0000000000000000000, 1.000000000000000000, 0.0000000000000000000 ) ) ;
#2293 = LINE ( 'NONE', #4055, #2477 ) ;
#2294 = ORIENTED_EDGE ( 'NONE', *, *, #4000, .F. ) ;
#2295 = ADVANCED_FACE ( 'NONE', ( #6130 ), #6160, .F. ) ;
#2296 = CARTESIAN_POINT ( 'NONE',  ( 1.500000000000000200, -0.8800000000000000000, -0.6599999999999997000 ) ) ;
#2297 = PLANE ( 'NONE',  #1131 ) ;
#2298 = VECTOR ( 'NONE', #1051, 1000.000000000000000 ) ;
#2299 = DIRECTION ( 'NONE',  ( -1.000000000000000000, 0.0000000000000000000, 0.0000000000000000000 ) ) ;
#2300 = VECTOR ( 'NONE', #3169, 1000.000000000000000 ) ;
#2301 = DIRECTION ( 'NONE',  ( -1.000000000000000000, 0.0000000000000000000, 0.0000000000000000000 ) ) ;
#2302 = CARTESIAN_POINT ( 'NONE',  ( -0.6603828416892074700, -0.1000000000000000100, 1.217574864917437800 ) ) ;
#2303 = VECTOR ( 'NONE', #6498, 1000.000000000000000 ) ;
#2304 = VERTEX_POINT ( 'NONE', #890 ) ;
#2305 = VERTEX_POINT ( 'NONE', #5176 ) ;
#2306 = DIRECTION ( 'NONE',  ( 0.0000000000000000000, 1.000000000000000000, 0.0000000000000000000 ) ) ;
#2307 = DIRECTION ( 'NONE',  ( 1.000000000000000000, -0.0000000000000000000, -0.0000000000000000000 ) ) ;
#2308 = LINE ( 'NONE', #822, #3769 ) ;
#2309 = ORIENTED_EDGE ( 'NONE', *, *, #863, .T. ) ;
#2310 = EDGE_LOOP ( 'NONE', ( #2776, #7321, #1712, #560 ) ) ;
#2311 = VERTEX_POINT ( 'NONE', #5723 ) ;
#2312 = CARTESIAN_POINT ( 'NONE',  ( -1.239179746653218400, -0.4913441754571615200, -1.250000000000002000 ) ) ;
#2313 = DIRECTION ( 'NONE',  ( -0.2776101958792883700, -0.9606938009292364000, 3.183482271190799100E-015 ) ) ;
#2314 = LINE ( 'NONE', #3166, #1778 ) ;
#2315 = ORIENTED_EDGE ( 'NONE', *, *, #6918, .T. ) ;
#2316 = ORIENTED_EDGE ( 'NONE', *, *, #3947, .T. ) ;
#2317 = ORIENTED_EDGE ( 'NONE', *, *, #6333, .F. ) ;
#2318 = DIRECTION ( 'NONE',  ( 0.6240571255993386800, 0.0000000000000000000, 0.7813787199487143300 ) ) ;
#2319 = EDGE_CURVE ( 'NONE', #4872, #5621, #1274, .T. ) ;
#2320 = LINE ( 'NONE', #3005, #4903 ) ;
#2321 = ORIENTED_EDGE ( 'NONE', *, *, #4928, .T. ) ;
#2322 = EDGE_CURVE ( 'NONE', #2478, #3531, #1086, .T. ) ;
#2323 = CARTESIAN_POINT ( 'NONE',  ( -1.310011812126306500, -0.4913441754571615200, 1.250000000000002000 ) ) ;
#2324 = FACE_OUTER_BOUND ( 'NONE', #6784, .T. ) ;
#2325 = DIRECTION ( 'NONE',  ( -2.449293598294706400E-016, 0.0000000000000000000, -1.000000000000000000 ) ) ;
#2326 = CARTESIAN_POINT ( 'NONE',  ( 1.476598103780641300, -0.5900400513188783800, 1.052476713040994000 ) ) ;
#2327 = CARTESIAN_POINT ( 'NONE',  ( -0.3514106528891460800, -0.1000000000000000100, -1.350000000000000300 ) ) ;
#2328 = PRESENTATION_STYLE_ASSIGNMENT (( #383 ) ) ;
#2329 = ORIENTED_EDGE ( 'NONE', *, *, #5870, .T. ) ;
#2330 = DIRECTION ( 'NONE',  ( 1.000000000000000000, 0.0000000000000000000, 0.0000000000000000000 ) ) ;
#2331 = FACE_OUTER_BOUND ( 'NONE', #6611, .T. ) ;
#2332 = ORIENTED_EDGE ( 'NONE', *, *, #6792, .F. ) ;
#2333 = CARTESIAN_POINT ( 'NONE',  ( -1.585973147435868700, -0.01470327062977963600, -0.3468917632816236900 ) ) ;
#2334 = ADVANCED_FACE ( 'NONE', ( #7325 ), #1009, .F. ) ;
#2335 = ADVANCED_FACE ( 'NONE', ( #6951 ), #729, .F. ) ;
#2336 = CARTESIAN_POINT ( 'NONE',  ( 1.053594130719925500, -0.1000000000000000500, 1.200000000000000600 ) ) ;
#2337 = EDGE_CURVE ( 'NONE', #3867, #490, #4659, .T. ) ;
#2338 = ORIENTED_EDGE ( 'NONE', *, *, #5191, .T. ) ;
#2339 = EDGE_CURVE ( 'NONE', #3916, #495, #2268, .T. ) ;
#2340 = VECTOR ( 'NONE', #4046, 1000.000000000000000 ) ;
#2341 = EDGE_LOOP ( 'NONE', ( #1454, #535, #2905, #5708 ) ) ;
#2342 = CARTESIAN_POINT ( 'NONE',  ( -1.239179746653218400, -0.4913441754571611900, -1.350000000000002100 ) ) ;
#2343 = ORIENTED_EDGE ( 'NONE', *, *, #3536, .T. ) ;
#2344 = CARTESIAN_POINT ( 'NONE',  ( 0.9672050998856720500, -0.4231768744776132100, -1.350000000000001600 ) ) ;
#2345 = CARTESIAN_POINT ( 'NONE',  ( -0.8890101095548963400, -0.7854362018007682300, 1.250000000000002900 ) ) ;
#2346 = VERTEX_POINT ( 'NONE', #2186 ) ;
#2347 = DIRECTION ( 'NONE',  ( 1.000000000000000000, 0.0000000000000000000, -2.449293598294706400E-016 ) ) ;
#2348 = EDGE_CURVE ( 'NONE', #1160, #5700, #5401, .T. ) ;
#2349 = ORIENTED_EDGE ( 'NONE', *, *, #2870, .F. ) ;
#2350 = DIRECTION ( 'NONE',  ( 0.9606938009292362900, -0.2776101958792883100, 1.560208025393783100E-015 ) ) ;
#2351 = CARTESIAN_POINT ( 'NONE',  ( -1.096148662824762100, -0.9499999999999999600, 1.217574864917437800 ) ) ;
#2352 = ORIENTED_EDGE ( 'NONE', *, *, #3978, .T. ) ;
#2353 = CIRCLE ( 'NONE', #5940, 0.1499999999999999700 ) ;
#2354 = CARTESIAN_POINT ( 'NONE',  ( -0.3514106528891460800, -0.1000000000000000100, 1.350000000000000300 ) ) ;
#2355 = CARTESIAN_POINT ( 'NONE',  ( -0.6156878555317633100, -0.9499999999999999600, 1.508000323101744000E-016 ) ) ;
#2356 = PLANE ( 'NONE',  #5991 ) ;
#2357 = FACE_OUTER_BOUND ( 'NONE', #6592, .T. ) ;
#2358 = ORIENTED_EDGE ( 'NONE', *, *, #6349, .F. ) ;
#2359 = DIRECTION ( 'NONE',  ( 0.0000000000000000000, 0.5178177716736868100, 0.8554909440425991800 ) ) ;
#2360 = AXIS2_PLACEMENT_3D ( 'NONE', #437, #2810, #382 ) ;
#2361 = ORIENTED_EDGE ( 'NONE', *, *, #2741, .F. ) ;
#2362 = ORIENTED_EDGE ( 'NONE', *, *, #1354, .T. ) ;
#2363 = CARTESIAN_POINT ( 'NONE',  ( -1.516374535801277200, 0.0000000000000000000, -0.3900151736080255700 ) ) ;
#2364 = FACE_OUTER_BOUND ( 'NONE', #2651, .T. ) ;
#2365 = LINE ( 'NONE', #4892, #553 ) ;
#2366 = EDGE_CURVE ( 'NONE', #2156, #3439, #3822, .T. ) ;
#2367 = ORIENTED_EDGE ( 'NONE', *, *, #4789, .F. ) ;
#2368 = CARTESIAN_POINT ( 'NONE',  ( 1.053594130719925500, -0.1000000000000000100, 1.190489813122816800 ) ) ;
#2369 = EDGE_CURVE ( 'NONE', #4636, #2124, #349, .T. ) ;
#2370 = DIRECTION ( 'NONE',  ( -1.000000000000000000, 0.0000000000000000000, 0.0000000000000000000 ) ) ;
#2371 = ADVANCED_FACE ( 'NONE', ( #3094 ), #6681, .F. ) ;
#2372 = VECTOR ( 'NONE', #254, 1000.000000000000000 ) ;
#2373 = ORIENTED_EDGE ( 'NONE', *, *, #5346, .T. ) ;
#2374 = CARTESIAN_POINT ( 'NONE',  ( -1.660223004139932000, -0.9743463534909069200, -0.2000000000000000100 ) ) ;
#2375 = ADVANCED_FACE ( 'NONE', ( #3454 ), #3376, .F. ) ;
#2376 = CARTESIAN_POINT ( 'NONE',  ( -1.447527658732871600, -0.5310819161150369700, 1.250000000000002400 ) ) ;
#2377 = DIRECTION ( 'NONE',  ( 1.000000000000000000, 2.147662687844072100E-030, -6.151150412723322900E-016 ) ) ;
#2378 = DIRECTION ( 'NONE',  ( 0.0000000000000000000, 0.8554909440425991800, -0.5178177716736868100 ) ) ;
#2379 = LINE ( 'NONE', #2336, #7439 ) ;
#2380 = ORIENTED_EDGE ( 'NONE', *, *, #3568, .F. ) ;
#2381 = DIRECTION ( 'NONE',  ( 0.0000000000000000000, -1.000000000000000000, 0.0000000000000000000 ) ) ;
#2382 = EDGE_CURVE ( 'NONE', #307, #6401, #4369, .T. ) ;
#2383 = LINE ( 'NONE', #2399, #6424 ) ;
#2384 = VERTEX_POINT ( 'NONE', #7500 ) ;
#2385 = CARTESIAN_POINT ( 'NONE',  ( 0.7010740004227081800, -0.1000000000000000500, -1.200000000000000600 ) ) ;
#2386 = ORIENTED_EDGE ( 'NONE', *, *, #5857, .T. ) ;
#2387 = PLANE ( 'NONE',  #3293 ) ;
#2388 = LINE ( 'NONE', #2744, #6799 ) ;
#2389 = DIRECTION ( 'NONE',  ( 0.0000000000000000000, -3.491481338843133400E-015, 1.000000000000000000 ) ) ;
#2390 = VECTOR ( 'NONE', #695, 1000.000000000000000 ) ;
#2391 = AXIS2_PLACEMENT_3D ( 'NONE', #5285, #1726, #5793 ) ;
#2392 = LINE ( 'NONE', #246, #387 ) ;
#2393 = VERTEX_POINT ( 'NONE', #2207 ) ;
#2394 = DIRECTION ( 'NONE',  ( 0.7071067811865473500, 0.0000000000000000000, 0.7071067811865477900 ) ) ;
#2395 = EDGE_CURVE ( 'NONE', #5490, #3544, #815, .T. ) ;
#2396 = DIRECTION ( 'NONE',  ( -0.0000000000000000000, -1.000000000000000000, -0.0000000000000000000 ) ) ;
#2397 = LINE ( 'NONE', #1430, #483 ) ;
#2398 = ORIENTED_EDGE ( 'NONE', *, *, #7012, .F. ) ;
#2399 = CARTESIAN_POINT ( 'NONE',  ( 1.500000000000000000, -0.8800000000000000000, 0.6600000000000000300 ) ) ;
#2400 = DIRECTION ( 'NONE',  ( 0.0000000000000000000, 1.000000000000000000, 0.0000000000000000000 ) ) ;
#2401 = LINE ( 'NONE', #4837, #2849 ) ;
#2402 = ORIENTED_EDGE ( 'NONE', *, *, #4010, .T. ) ;
#2403 = EDGE_LOOP ( 'NONE', ( #7192, #5526, #6687, #3006 ) ) ;
#2404 = AXIS2_PLACEMENT_3D ( 'NONE', #4678, #19, #5376 ) ;
#2405 = CARTESIAN_POINT ( 'NONE',  ( -1.388759507161886800, -0.7854362018007680100, -1.350000000000003200 ) ) ;
#2406 = LINE ( 'NONE', #52, #941 ) ;
#2407 = CARTESIAN_POINT ( 'NONE',  ( -0.6156878555317633100, -0.9499999999999999600, 1.350000000000000300 ) ) ;
#2408 = DIRECTION ( 'NONE',  ( 0.0000000000000000000, 0.0000000000000000000, 1.000000000000000000 ) ) ;
#2409 = VERTEX_POINT ( 'NONE', #2252 ) ;
#2410 = CARTESIAN_POINT ( 'NONE',  ( 1.749999999999999800, -0.8800000000000000000, 1.000000000000000000 ) ) ;
#2411 = VERTEX_POINT ( 'NONE', #1568 ) ;
#2412 = PLANE ( 'NONE',  #1670 ) ;
#2413 = DIRECTION ( 'NONE',  ( 2.449293598294706400E-016, 2.159864243086199100E-016, 1.000000000000000000 ) ) ;
#2414 = FACE_OUTER_BOUND ( 'NONE', #1615, .T. ) ;
#2415 = CARTESIAN_POINT ( 'NONE',  ( -0.5000000000000000000, -0.9499999999999999600, 0.0000000000000000000 ) ) ;
#2416 = ADVANCED_FACE ( 'NONE', ( #1077 ), #4484, .F. ) ;
#2417 = EDGE_CURVE ( 'NONE', #2605, #1516, #1907, .T. ) ;
#2418 = EDGE_LOOP ( 'NONE', ( #22, #2165, #59, #3951 ) ) ;
#2419 = AXIS2_PLACEMENT_3D ( 'NONE', #7288, #4924, #4326 ) ;
#2420 = ADVANCED_FACE ( 'NONE', ( #5750 ), #4550, .T. ) ;
#2421 = FACE_OUTER_BOUND ( 'NONE', #2403, .T. ) ;
#2422 = DIRECTION ( 'NONE',  ( 1.000000000000000000, 0.0000000000000000000, -2.449293598294706400E-016 ) ) ;
#2423 = DIRECTION ( 'NONE',  ( -1.000000000000000000, 0.0000000000000000000, 0.0000000000000000000 ) ) ;
#2424 = DIRECTION ( 'NONE',  ( -1.000000000000000000, 0.0000000000000000000, 2.282530889443167000E-016 ) ) ;
#2425 = EDGE_CURVE ( 'NONE', #112, #3348, #7504, .T. ) ;
#2426 = CARTESIAN_POINT ( 'NONE',  ( 0.0000000000000000000, 0.0000000000000000000, 0.9499999999999999600 ) ) ;
#2427 = VECTOR ( 'NONE', #1155, 1000.000000000000000 ) ;
#2428 = DIRECTION ( 'NONE',  ( -1.000000000000000000, 2.000727192227918000E-030, -6.151150412723322900E-016 ) ) ;
#2429 = CARTESIAN_POINT ( 'NONE',  ( -1.660223004139932000, -0.9743463534909069200, 0.4000000000000000200 ) ) ;
#2430 = CARTESIAN_POINT ( 'NONE',  ( -0.6092499729370461900, -0.1000000000000000100, 1.098665785637154700 ) ) ;
#2431 = EDGE_LOOP ( 'NONE', ( #6358, #5166, #3750, #2493 ) ) ;
#2432 = CARTESIAN_POINT ( 'NONE',  ( -1.053594130719925500, -0.4810162188969695500, 1.350000000000001900 ) ) ;
#2433 = CYLINDRICAL_SURFACE ( 'NONE', #4489, 0.8499999999999999800 ) ;
#2434 = VERTEX_POINT ( 'NONE', #2887 ) ;
#2435 = CARTESIAN_POINT ( 'NONE',  ( -0.7010740004227081800, -0.1000000000000000500, -1.200000000000000600 ) ) ;
#2436 = ORIENTED_EDGE ( 'NONE', *, *, #2059, .F. ) ;
#2437 = CARTESIAN_POINT ( 'NONE',  ( -1.316993844434797700, -0.1000000000000000100, 0.9733463376187478900 ) ) ;
#2438 = CARTESIAN_POINT ( 'NONE',  ( 1.760000000000000000, -0.9676716926650675800, 0.2000000000000000100 ) ) ;
#2439 = ORIENTED_EDGE ( 'NONE', *, *, #381, .F. ) ;
#2440 = CARTESIAN_POINT ( 'NONE',  ( -0.6603828416892074700, -0.4241578738305969400, 2.067574864917438100 ) ) ;
#2441 = VERTEX_POINT ( 'NONE', #7568 ) ;
#2442 = AXIS2_PLACEMENT_3D ( 'NONE', #5101, #6287, #4585 ) ;
#2443 = DIRECTION ( 'NONE',  ( -2.449293598294706400E-016, 0.0000000000000000000, -1.000000000000000000 ) ) ;
#2444 = DIRECTION ( 'NONE',  ( -1.000000000000000000, -0.0000000000000000000, -0.0000000000000000000 ) ) ;
#2445 = CARTESIAN_POINT ( 'NONE',  ( 1.053594130719925500, -0.5975000926685795100, -1.350000000000002300 ) ) ;
#2446 = EDGE_CURVE ( 'NONE', #1203, #4269, #1820, .T. ) ;
#2447 = EDGE_CURVE ( 'NONE', #3880, #5066, #3988, .T. ) ;
#2448 = CARTESIAN_POINT ( 'NONE',  ( -0.9500000000000000700, -1.000000000000000000, 1.165301229036686000 ) ) ;
#2449 = ORIENTED_EDGE ( 'NONE', *, *, #1343, .T. ) ;
#2450 = CARTESIAN_POINT ( 'NONE',  ( -0.7010740004227081800, -0.1499999999999998000, 1.250000000000000400 ) ) ;
#2451 = ORIENTED_EDGE ( 'NONE', *, *, #4066, .T. ) ;
#2452 = CARTESIAN_POINT ( 'NONE',  ( 1.760000000000000000, -0.9676716926650675800, 0.2000000000000000100 ) ) ;
#2453 = VECTOR ( 'NONE', #7211, 1000.000000000000000 ) ;
#2454 = FACE_OUTER_BOUND ( 'NONE', #6076, .T. ) ;
#2455 = DIRECTION ( 'NONE',  ( 2.449293598294706400E-016, 0.0000000000000000000, 1.000000000000000000 ) ) ;
#2456 = ADVANCED_FACE ( 'NONE', ( #7317 ), #6889, .T. ) ;
#2457 = VECTOR ( 'NONE', #3498, 1000.000000000000000 ) ;
#2458 = CARTESIAN_POINT ( 'NONE',  ( -1.516660431640320100, -4.563273420490151300E-005, 0.3903824650529449400 ) ) ;
#2459 = DIRECTION ( 'NONE',  ( -0.0000000000000000000, 0.0000000000000000000, -1.000000000000000000 ) ) ;
#2460 = CARTESIAN_POINT ( 'NONE',  ( 1.500000000000000200, -0.9499999999999999600, -1.052476713040993600 ) ) ;
#2461 = ORIENTED_EDGE ( 'NONE', *, *, #250, .F. ) ;
#2462 = EDGE_CURVE ( 'NONE', #5259, #6630, #4188, .T. ) ;
#2463 = DIRECTION ( 'NONE',  ( 0.0000000000000000000, 0.0000000000000000000, 1.000000000000000000 ) ) ;
#2464 = PRESENTATION_LAYER_ASSIGNMENT (  '', '', ( #6014 ) ) ;
#2465 = CYLINDRICAL_SURFACE ( 'NONE', #3640, 0.05876815157098477100 ) ;
#2466 = CARTESIAN_POINT ( 'NONE',  ( -1.750000000000000200, -0.9499999999999999600, -0.6599999999999995900 ) ) ;
#2467 = VERTEX_POINT ( 'NONE', #5216 ) ;
#2468 = DIRECTION ( 'NONE',  ( -1.469354956161540100E-031, 1.000000000000000000, -3.491481338843133400E-015 ) ) ;
#2469 = DIRECTION ( 'NONE',  ( 1.000000000000000000, 0.0000000000000000000, 2.449293598294706400E-016 ) ) ;
#2470 = PLANE ( 'NONE',  #7529 ) ;
#2471 = EDGE_CURVE ( 'NONE', #7318, #2960, #5566, .T. ) ;
#2472 = AXIS2_PLACEMENT_3D ( 'NONE', #6640, #3778, #4297 ) ;
#2473 = FACE_OUTER_BOUND ( 'NONE', #4784, .T. ) ;
#2474 = EDGE_LOOP ( 'NONE', ( #4080, #3873, #5006, #3261 ) ) ;
#2475 = CARTESIAN_POINT ( 'NONE',  ( -1.053594130719925500, 0.0000000000000000000, -1.190489813122816800 ) ) ;
#2476 = EDGE_CURVE ( 'NONE', #4370, #3618, #6308, .T. ) ;
#2477 = VECTOR ( 'NONE', #5894, 1000.000000000000000 ) ;
#2478 = VERTEX_POINT ( 'NONE', #7543 ) ;
#2479 = CARTESIAN_POINT ( 'NONE',  ( -0.6603828416892079100, -0.4241578738305969400, -2.067574864917438100 ) ) ;
#2480 = CARTESIAN_POINT ( 'NONE',  ( -1.450893303781768200, -0.1000000000000000100, -1.250000000000000000 ) ) ;
#2481 = LINE ( 'NONE', #3653, #6063 ) ;
#2482 = DIRECTION ( 'NONE',  ( 1.000000000000000000, 0.0000000000000000000, 0.0000000000000000000 ) ) ;
#2483 = CARTESIAN_POINT ( 'NONE',  ( 0.0000000000000000000, -0.3697070418052864600, 0.2000000000000000100 ) ) ;
#2484 = LINE ( 'NONE', #4554, #929 ) ;
#2485 = VERTEX_POINT ( 'NONE', #2244 ) ;
#2486 = AXIS2_PLACEMENT_3D ( 'NONE', #969, #5623, #373 ) ;
#2487 = CARTESIAN_POINT ( 'NONE',  ( -1.053594130719925500, -0.4810162188969698300, -1.250000000000002000 ) ) ;
#2488 = CIRCLE ( 'NONE', #4178, 0.1186968912300025000 ) ;
#2489 = EDGE_CURVE ( 'NONE', #717, #736, #636, .T. ) ;
#2490 = EDGE_CURVE ( 'NONE', #6159, #2925, #6212, .T. ) ;
#2491 = FACE_OUTER_BOUND ( 'NONE', #2902, .T. ) ;
#2492 = LINE ( 'NONE', #6520, #2583 ) ;
#2493 = ORIENTED_EDGE ( 'NONE', *, *, #1405, .T. ) ;
#2494 = ORIENTED_EDGE ( 'NONE', *, *, #7104, .F. ) ;
#2495 = ADVANCED_FACE ( 'NONE', ( #2357 ), #5784, .F. ) ;
#2496 = DIRECTION ( 'NONE',  ( 1.000000000000000000, 3.584450395452211400E-015, -2.757269534963239800E-016 ) ) ;
#2497 = VECTOR ( 'NONE', #7247, 1000.000000000000000 ) ;
#2498 = AXIS2_PLACEMENT_3D ( 'NONE', #7103, #5244, #7045 ) ;
#2499 = VERTEX_POINT ( 'NONE', #517 ) ;
#2500 = VERTEX_POINT ( 'NONE', #4578 ) ;
#2501 = ORIENTED_EDGE ( 'NONE', *, *, #4840, .F. ) ;
#2502 = CARTESIAN_POINT ( 'NONE',  ( 1.053594130719925500, -0.1000000000000000100, -1.190489813122816800 ) ) ;
#2503 = CARTESIAN_POINT ( 'NONE',  ( -0.8890101095548962300, -0.5975000926685795100, -1.350000000000002300 ) ) ;
#2504 = LINE ( 'NONE', #5137, #5253 ) ;
#2505 = ORIENTED_EDGE ( 'NONE', *, *, #5665, .F. ) ;
#2506 = EDGE_LOOP ( 'NONE', ( #6781, #5232, #3629, #6209 ) ) ;
#2507 = CARTESIAN_POINT ( 'NONE',  ( 1.053594130719925500, -0.1499999999999999700, 1.350000000000000800 ) ) ;
#2508 = VERTEX_POINT ( 'NONE', #6917 ) ;
#2509 = CARTESIAN_POINT ( 'NONE',  ( -1.257582580033950400, -0.1000000000000000100, 1.098665785637154700 ) ) ;
#2510 = EDGE_CURVE ( 'NONE', #1455, #725, #3087, .T. ) ;
#2511 = ORIENTED_EDGE ( 'NONE', *, *, #1817, .F. ) ;
#2512 = AXIS2_PLACEMENT_3D ( 'NONE', #4601, #1071, #1146 ) ;
#2513 = DIRECTION ( 'NONE',  ( 1.000000000000000000, -2.045878355624262200E-030, -6.151150412723322900E-016 ) ) ;
#2514 = DIRECTION ( 'NONE',  ( -1.000000000000000000, -0.0000000000000000000, 2.449293598294706400E-016 ) ) ;
#2515 = CARTESIAN_POINT ( 'NONE',  ( 1.376510721059179600, -0.1000000000000000100, -0.9138294609943661300 ) ) ;
#2516 = VECTOR ( 'NONE', #5843, 1000.000000000000000 ) ;
#2517 = CARTESIAN_POINT ( 'NONE',  ( -0.4999999999999998900, -0.9499999999999999600, -1.350000000000000300 ) ) ;
#2518 = ORIENTED_EDGE ( 'NONE', *, *, #6588, .F. ) ;
#2519 = VECTOR ( 'NONE', #4449, 1000.000000000000000 ) ;
#2520 = EDGE_CURVE ( 'NONE', #5746, #4292, #6854, .T. ) ;
#2521 = CIRCLE ( 'NONE', #4411, 0.09182402748566186000 ) ;
#2522 = AXIS2_PLACEMENT_3D ( 'NONE', #2437, #5309, #2948 ) ;
#2523 = DIRECTION ( 'NONE',  ( 0.0000000000000000000, 0.0000000000000000000, 1.000000000000000000 ) ) ;
#2524 = MANIFOLD_SOLID_BREP ( 'Fillet2', #5854 ) ;
#2525 = ORIENTED_EDGE ( 'NONE', *, *, #384, .F. ) ;
#2526 = LINE ( 'NONE', #5123, #2153 ) ;
#2527 = EDGE_LOOP ( 'NONE', ( #571, #1301, #3785, #6840 ) ) ;
#2528 = DIRECTION ( 'NONE',  ( 1.000000000000000000, 0.0000000000000000000, 0.0000000000000000000 ) ) ;
#2529 = ORIENTED_EDGE ( 'NONE', *, *, #6897, .T. ) ;
#2530 = CARTESIAN_POINT ( 'NONE',  ( 1.750000000000000000, -0.8800000000000000000, 0.6600000000000000300 ) ) ;
#2531 = DIRECTION ( 'NONE',  ( 0.0000000000000000000, 0.0000000000000000000, -1.000000000000000000 ) ) ;
#2532 = EDGE_LOOP ( 'NONE', ( #4809, #4652, #7003, #3897 ) ) ;
#2533 = VECTOR ( 'NONE', #3613, 1000.000000000000000 ) ;
#2534 = ORIENTED_EDGE ( 'NONE', *, *, #4160, .F. ) ;
#2535 = DIRECTION ( 'NONE',  ( -6.151150412723322900E-016, -3.491481338843133400E-015, 1.000000000000000000 ) ) ;
#2536 = ORIENTED_EDGE ( 'NONE', *, *, #2811, .T. ) ;
#2537 = AXIS2_PLACEMENT_3D ( 'NONE', #1734, #2307, #3475 ) ;
#2538 = CARTESIAN_POINT ( 'NONE',  ( -0.6092499729370461900, -0.1000000000000000100, 1.190489813122816500 ) ) ;
#2539 = ADVANCED_FACE ( 'NONE', ( #3264 ), #5838, .T. ) ;
#2540 = CARTESIAN_POINT ( 'NONE',  ( -1.388759507161886800, -0.7266680502297835400, -1.250000000000002900 ) ) ;
#2541 = CARTESIAN_POINT ( 'NONE',  ( 1.511371717397266700, -0.09999999999999867300, 0.3459031131721502200 ) ) ;
#2542 = CARTESIAN_POINT ( 'NONE',  ( 1.450893303781768400, -0.1000000000000000100, -1.866607263856682600 ) ) ;
#2543 = FACE_OUTER_BOUND ( 'NONE', #4175, .T. ) ;
#2544 = ORIENTED_EDGE ( 'NONE', *, *, #1685, .T. ) ;
#2545 = CARTESIAN_POINT ( 'NONE',  ( -1.316993844434797700, -0.1000000000000000100, 1.039254521236307600 ) ) ;
#2546 = ORIENTED_EDGE ( 'NONE', *, *, #5617, .F. ) ;
#2547 = ORIENTED_EDGE ( 'NONE', *, *, #4766, .F. ) ;
#2548 = CYLINDRICAL_SURFACE ( 'NONE', #4156, 0.05941126440084723600 ) ;
#2549 = VECTOR ( 'NONE', #2081, 1000.000000000000000 ) ;
#2550 = ORIENTED_EDGE ( 'NONE', *, *, #121, .T. ) ;
#2551 = DIRECTION ( 'NONE',  ( 0.05238247302969425300, -0.9986270958267120500, 0.0000000000000000000 ) ) ;
#2552 = EDGE_CURVE ( 'NONE', #711, #4005, #3446, .T. ) ;
#2553 = ORIENTED_EDGE ( 'NONE', *, *, #3978, .F. ) ;
#2554 = ORIENTED_EDGE ( 'NONE', *, *, #341, .T. ) ;
#2555 = VECTOR ( 'NONE', #148, 1000.000000000000000 ) ;
#2556 = CARTESIAN_POINT ( 'NONE',  ( 1.500000000000000200, -0.9499999999999999600, -0.9999999999999995600 ) ) ;
#2557 = DIRECTION ( 'NONE',  ( -6.151150412723322900E-016, 3.491481338843133400E-015, 1.000000000000000000 ) ) ;
#2558 =( LENGTH_UNIT ( ) NAMED_UNIT ( * ) SI_UNIT ( .MILLI., .METRE. ) );
#2559 = CARTESIAN_POINT ( 'NONE',  ( -1.310011812126306500, -0.4913441754571611900, 1.350000000000002300 ) ) ;
#2560 = ORIENTED_EDGE ( 'NONE', *, *, #4382, .F. ) ;
#2561 = CARTESIAN_POINT ( 'NONE',  ( 1.476811605471761700, -0.5941102786568811500, -1.045752257415221400 ) ) ;
#2562 = CARTESIAN_POINT ( 'NONE',  ( 1.500000000000000200, -0.8800000000000000000, -0.6599999999999997000 ) ) ;
#2563 = DIRECTION ( 'NONE',  ( -1.000000000000000000, 0.0000000000000000000, 6.151150412723322900E-016 ) ) ;
#2564 = EDGE_CURVE ( 'NONE', #4636, #3137, #342, .T. ) ;
#2565 = CIRCLE ( 'NONE', #2987, 0.09999999999999999200 ) ;
#2566 = ORIENTED_EDGE ( 'NONE', *, *, #7175, .F. ) ;
#2567 = AXIS2_PLACEMENT_3D ( 'NONE', #7190, #5444, #6032 ) ;
#2568 = CARTESIAN_POINT ( 'NONE',  ( 0.6092499729370461900, 0.0000000000000000000, 1.098665785637154700 ) ) ;
#2569 = ADVANCED_FACE ( 'NONE', ( #6939 ), #1177, .T. ) ;
#2570 = VECTOR ( 'NONE', #3669, 1000.000000000000000 ) ;
#2571 = DIRECTION ( 'NONE',  ( 0.0000000000000000000, 0.0000000000000000000, 1.000000000000000000 ) ) ;
#2572 = ORIENTED_EDGE ( 'NONE', *, *, #6390, .T. ) ;
#2573 = PLANE ( 'NONE',  #2900 ) ;
#2574 = EDGE_CURVE ( 'NONE', #6955, #1337, #6586, .T. ) ;
#2575 = VECTOR ( 'NONE', #5383, 1000.000000000000100 ) ;
#2576 = ORIENTED_EDGE ( 'NONE', *, *, #3258, .T. ) ;
#2577 = CARTESIAN_POINT ( 'NONE',  ( 1.053594130719925500, -0.4810162188969695500, 1.350000000000001900 ) ) ;
#2578 = DIRECTION ( 'NONE',  ( 0.0000000000000000000, 1.000000000000000000, 0.0000000000000000000 ) ) ;
#2579 = LINE ( 'NONE', #5037, #1115 ) ;
#2580 = CARTESIAN_POINT ( 'NONE',  ( 0.0000000000000000000, 0.4000000000000000200, 0.7999999999999999300 ) ) ;
#2581 = FACE_OUTER_BOUND ( 'NONE', #2981, .T. ) ;
#2582 = CARTESIAN_POINT ( 'NONE',  ( 1.094272957940848100, -0.1286997638788319200, 1.278699763878832200 ) ) ;
#2583 = VECTOR ( 'NONE', #5988, 1000.000000000000000 ) ;
#2584 = EDGE_LOOP ( 'NONE', ( #6935, #1202, #937, #7391 ) ) ;
#2585 = DIRECTION ( 'NONE',  ( -1.469354956161540100E-031, 1.000000000000000000, -3.491481338843133400E-015 ) ) ;
#2586 = CARTESIAN_POINT ( 'NONE',  ( -1.078042482630643800, -0.4381199093104634600, 1.217574864917437800 ) ) ;
#2587 = LINE ( 'NONE', #303, #3586 ) ;
#2588 = CARTESIAN_POINT ( 'NONE',  ( 1.096148662824762300, -0.4381199093104634600, -1.217574864917437600 ) ) ;
#2589 = ORIENTED_EDGE ( 'NONE', *, *, #445, .F. ) ;
#2590 = ORIENTED_EDGE ( 'NONE', *, *, #2001, .F. ) ;
#2591 = CARTESIAN_POINT ( 'NONE',  ( -0.5165027480058548300, -0.1000000000000000100, -1.143289036108584800 ) ) ;
#2592 = VECTOR ( 'NONE', #4211, 1000.000000000000100 ) ;
#2593 = ORIENTED_EDGE ( 'NONE', *, *, #2446, .T. ) ;
#2594 = VERTEX_POINT ( 'NONE', #1824 ) ;
#2596 = EDGE_CURVE ( 'NONE', #5949, #7218, #4752, .T. ) ;
#2595 = DIRECTION ( 'NONE',  ( 0.9124114197061157200, 0.4092742371440823400, 0.0000000000000000000 ) ) ;
#2597 = EDGE_CURVE ( 'NONE', #4765, #5552, #1994, .T. ) ;
#2598 = ORIENTED_EDGE ( 'NONE', *, *, #6858, .F. ) ;
#2599 = ORIENTED_EDGE ( 'NONE', *, *, #4549, .T. ) ;
#2600 = DIRECTION ( 'NONE',  ( 0.0000000000000000000, -0.0000000000000000000, -1.000000000000000000 ) ) ;
#2601 = AXIS2_PLACEMENT_3D ( 'NONE', #3868, #1410, #405 ) ;
#2602 = CARTESIAN_POINT ( 'NONE',  ( 1.316993844434797900, -0.1000000000000000100, -0.9733463376187478900 ) ) ;
#2603 = EDGE_CURVE ( 'NONE', #2305, #1918, #720, .T. ) ;
#2604 = LINE ( 'NONE', #1257, #600 ) ;
#2605 = VERTEX_POINT ( 'NONE', #4716 ) ;
#2606 = CARTESIAN_POINT ( 'NONE',  ( -1.053594130719925500, -0.1000000000000000100, 1.190489813122816800 ) ) ;
#2607 = PLANE ( 'NONE',  #2740 ) ;
#2608 = VECTOR ( 'NONE', #6313, 1000.000000000000100 ) ;
#2609 = CARTESIAN_POINT ( 'NONE',  ( 0.0000000000000000000, 3.204163056034261500, 0.0000000000000000000 ) ) ;
#2610 = VECTOR ( 'NONE', #1586, 1000.000000000000000 ) ;
#2611 = DIRECTION ( 'NONE',  ( 0.0000000000000000000, 1.000000000000000000, 0.0000000000000000000 ) ) ;
#2612 = ADVANCED_FACE ( 'NONE', ( #79 ), #3467, .T. ) ;
#2613 = CARTESIAN_POINT ( 'NONE',  ( -1.500000000000000000, 0.0000000000000000000, 0.4459031131721502000 ) ) ;
#2614 = DIRECTION ( 'NONE',  ( 0.0000000000000000000, -3.491481338843133400E-015, 1.000000000000000000 ) ) ;
#2615 = CARTESIAN_POINT ( 'NONE',  ( 0.7010740004227079500, 0.0000000000000000000, 1.190489813122816500 ) ) ;
#2616 = DIRECTION ( 'NONE',  ( 1.000000000000000000, 0.0000000000000000000, 0.0000000000000000000 ) ) ;
#2617 = EDGE_LOOP ( 'NONE', ( #3956, #6009, #5264, #468, #7502, #1493 ) ) ;
#2618 = CYLINDRICAL_SURFACE ( 'NONE', #6957, 0.09182402748566186000 ) ;
#2619 = VERTEX_POINT ( 'NONE', #2345 ) ;
#2620 = EDGE_CURVE ( 'NONE', #2156, #4911, #262, .T. ) ;
#2621 = VERTEX_POINT ( 'NONE', #1846 ) ;
#2622 = AXIS2_PLACEMENT_3D ( 'NONE', #413, #1560, #3344 ) ;
#2623 = CARTESIAN_POINT ( 'NONE',  ( -1.053594130719925500, -0.1000000000000000100, -1.200000000000000600 ) ) ;
#2624 = DIRECTION ( 'NONE',  ( 0.0000000000000000000, 0.0000000000000000000, -1.000000000000000000 ) ) ;
#2625 = ORIENTED_EDGE ( 'NONE', *, *, #417, .T. ) ;
#2626 = ORIENTED_EDGE ( 'NONE', *, *, #3271, .T. ) ;
#2627 = ORIENTED_EDGE ( 'NONE', *, *, #3375, .F. ) ;
#2628 = VECTOR ( 'NONE', #5822, 1000.000000000000000 ) ;
#2629 = VECTOR ( 'NONE', #2838, 1000.000000000000000 ) ;
#2630 = ORIENTED_EDGE ( 'NONE', *, *, #6986, .T. ) ;
#2631 = AXIS2_PLACEMENT_3D ( 'NONE', #3633, #3114, #1370 ) ;
#2632 = CARTESIAN_POINT ( 'NONE',  ( -1.316993844434797700, -0.1000000000000000100, -0.9733463376187478900 ) ) ;
#2633 = CARTESIAN_POINT ( 'NONE',  ( 1.607764218758668300, -0.1901596886722744800, -0.2971295284267666500 ) ) ;
#2634 = ORIENTED_EDGE ( 'NONE', *, *, #3377, .T. ) ;
#2635 = EDGE_CURVE ( 'NONE', #319, #6671, #1627, .T. ) ;
#2636 = CARTESIAN_POINT ( 'NONE',  ( -1.600000000000000100, -0.02110947949653460600, 0.3459031131721502200 ) ) ;
#2637 = ORIENTED_EDGE ( 'NONE', *, *, #6264, .T. ) ;
#2638 = EDGE_CURVE ( 'NONE', #3419, #5949, #2177, .T. ) ;
#2639 = LINE ( 'NONE', #653, #6594 ) ;
#2640 = FACE_OUTER_BOUND ( 'NONE', #6500, .T. ) ;
#2641 = LINE ( 'NONE', #2415, #1088 ) ;
#2642 = ORIENTED_EDGE ( 'NONE', *, *, #2703, .F. ) ;
#2643 = VERTEX_POINT ( 'NONE', #4053 ) ;
#2644 = CARTESIAN_POINT ( 'NONE',  ( 0.0000000000000000000, -0.9676716926650677000, -0.2000000000000000100 ) ) ;
#2645 = ADVANCED_FACE ( 'NONE', ( #7498 ), #3018, .T. ) ;
#2646 = CARTESIAN_POINT ( 'NONE',  ( -1.316993844434797900, 0.0000000000000000000, 0.9733463376187478900 ) ) ;
#2647 = EDGE_CURVE ( 'NONE', #6159, #1180, #621, .T. ) ;
#2648 = LINE ( 'NONE', #6782, #4573 ) ;
#2649 = DIRECTION ( 'NONE',  ( 0.0000000000000000000, -0.0000000000000000000, -1.000000000000000000 ) ) ;
#2650 = LINE ( 'NONE', #6952, #7164 ) ;
#2651 = EDGE_LOOP ( 'NONE', ( #2554, #7394, #732, #7067 ) ) ;
#2652 = PLANE ( 'NONE',  #3386 ) ;
#2653 = AXIS2_PLACEMENT_3D ( 'NONE', #113, #146, #1320 ) ;
#2654 = DIRECTION ( 'NONE',  ( 0.0000000000000000000, 0.0000000000000000000, 1.000000000000000000 ) ) ;
#2655 = VECTOR ( 'NONE', #7038, 1000.000000000000000 ) ;
#2656 = ORIENTED_EDGE ( 'NONE', *, *, #4620, .F. ) ;
#2657 = CARTESIAN_POINT ( 'NONE',  ( 0.0000000000000000000, -0.1000000000000000100, 0.9499999999999999600 ) ) ;
#2658 = DIRECTION ( 'NONE',  ( -1.000000000000000000, 0.0000000000000000000, 0.0000000000000000000 ) ) ;
#2659 = ORIENTED_EDGE ( 'NONE', *, *, #6207, .T. ) ;
#2660 = EDGE_CURVE ( 'NONE', #1104, #5903, #2888, .T. ) ;
#2661 = DIRECTION ( 'NONE',  ( -2.592963218374910500E-032, 1.000000000000000000, -1.092751075564479400E-016 ) ) ;
#2662 = AXIS2_PLACEMENT_3D ( 'NONE', #2952, #3504, #1786 ) ;
#2663 = CARTESIAN_POINT ( 'NONE',  ( -0.9500000000000000700, -1.000000000000000000, 1.165301229036686000 ) ) ;
#2664 = FACE_OUTER_BOUND ( 'NONE', #7586, .T. ) ;
#2665 = EDGE_CURVE ( 'NONE', #3598, #4067, #4343, .T. ) ;
#2666 = CIRCLE ( 'NONE', #1197, 0.04197641010088325900 ) ;
#2667 = LINE ( 'NONE', #2914, #7176 ) ;
#2668 = EDGE_LOOP ( 'NONE', ( #2625, #5474, #2077, #1703 ) ) ;
#2669 = DIRECTION ( 'NONE',  ( 0.0000000000000000000, 1.000000000000000000, 0.0000000000000000000 ) ) ;
#2670 = CARTESIAN_POINT ( 'NONE',  ( 0.0000000000000000000, -0.1000000000000000100, 0.9499999999999999600 ) ) ;
#2671 = LINE ( 'NONE', #4529, #3301 ) ;
#2672 = LINE ( 'NONE', #654, #3122 ) ;
#2673 = LINE ( 'NONE', #7144, #2303 ) ;
#2674 = ORIENTED_EDGE ( 'NONE', *, *, #1626, .F. ) ;
#2675 = DIRECTION ( 'NONE',  ( 0.0000000000000000000, 0.0000000000000000000, 1.000000000000000000 ) ) ;
#2676 = ORIENTED_EDGE ( 'NONE', *, *, #4083, .T. ) ;
#2677 = LINE ( 'NONE', #6962, #3226 ) ;
#2678 = ORIENTED_EDGE ( 'NONE', *, *, #3061, .T. ) ;
#2679 = ADVANCED_FACE ( 'NONE', ( #3420 ), #3600, .F. ) ;
#2680 = ORIENTED_EDGE ( 'NONE', *, *, #7512, .T. ) ;
#2681 = ORIENTED_EDGE ( 'NONE', *, *, #2059, .T. ) ;
#2682 = CARTESIAN_POINT ( 'NONE',  ( 1.145418158205587300, 0.0000000000000000000, -1.098665785637154900 ) ) ;
#2683 = LINE ( 'NONE', #3192, #5450 ) ;
#2684 = AXIS2_PLACEMENT_3D ( 'NONE', #4303, #5558, #1391 ) ;
#2685 = CARTESIAN_POINT ( 'NONE',  ( 0.6160084377254027000, -0.9462283102242968800, -1.350000000000000100 ) ) ;
#2686 = ORIENTED_EDGE ( 'NONE', *, *, #2382, .F. ) ;
#2687 = PLANE ( 'NONE',  #3943 ) ;
#2688 = EDGE_CURVE ( 'NONE', #5066, #5833, #3274, .T. ) ;
#2689 = LINE ( 'NONE', #1801, #6187 ) ;
#2690 = CARTESIAN_POINT ( 'NONE',  ( 1.500000000000000000, -0.8800000000000000000, 0.6600000000000000300 ) ) ;
#2691 = DIRECTION ( 'NONE',  ( -1.017843322198098500E-031, -1.000000000000000000, -3.491481338843133400E-015 ) ) ;
#2692 = ORIENTED_EDGE ( 'NONE', *, *, #6039, .T. ) ;
#2693 = VECTOR ( 'NONE', #1902, 1000.000000000000000 ) ;
#2694 = MECHANICAL_DESIGN_GEOMETRIC_PRESENTATION_REPRESENTATION (  '', ( #4513 ), #2057 ) ;
#2695 = CARTESIAN_POINT ( 'NONE',  ( 0.0000000000000000000, -0.9499999999999999600, 0.0000000000000000000 ) ) ;
#2696 = DIRECTION ( 'NONE',  ( -1.000000000000000000, 0.0000000000000000000, 0.0000000000000000000 ) ) ;
#2697 = ORIENTED_EDGE ( 'NONE', *, *, #6370, .T. ) ;
#2698 = VECTOR ( 'NONE', #6997, 1000.000000000000000 ) ;
#2699 = ORIENTED_EDGE ( 'NONE', *, *, #2079, .F. ) ;
#2700 = CARTESIAN_POINT ( 'NONE',  ( 1.750000000000000000, -0.9499999999999999600, -0.9999999999999995600 ) ) ;
#2701 = ORIENTED_EDGE ( 'NONE', *, *, #5779, .T. ) ;
#2702 = CARTESIAN_POINT ( 'NONE',  ( 1.145418158205587300, -0.1000000000000000100, -1.190489813122816800 ) ) ;
#2703 = EDGE_CURVE ( 'NONE', #7548, #6087, #4647, .T. ) ;
#2704 = ORIENTED_EDGE ( 'NONE', *, *, #4526, .F. ) ;
#2705 = PLANE ( 'NONE',  #3242 ) ;
#2706 =( LENGTH_UNIT ( ) NAMED_UNIT ( * ) SI_UNIT ( .MILLI., .METRE. ) );
#2707 = VECTOR ( 'NONE', #3090, 1000.000000000000000 ) ;
#2708 = ORIENTED_EDGE ( 'NONE', *, *, #6560, .F. ) ;
#2709 = ORIENTED_EDGE ( 'NONE', *, *, #7340, .T. ) ;
#2710 = CARTESIAN_POINT ( 'NONE',  ( 1.257582580033950400, -0.1000000000000000100, 1.098665785637154700 ) ) ;
#2711 = VERTEX_POINT ( 'NONE', #723 ) ;
#2712 = DIRECTION ( 'NONE',  ( 0.0000000000000000000, 1.000000000000000000, 0.0000000000000000000 ) ) ;
#2713 = DIRECTION ( 'NONE',  ( 1.000000000000000000, -0.0000000000000000000, -0.0000000000000000000 ) ) ;
#2714 = AXIS2_PLACEMENT_3D ( 'NONE', #2789, #2713, #4504 ) ;
#2715 = CYLINDRICAL_SURFACE ( 'NONE', #6321, 0.1499999999999999700 ) ;
#2716 = CLOSED_SHELL ( 'NONE', ( #3326, #5387, #4012, #5184, #4525, #7383, #703, #543, #6189, #3605, #3035, #1777, #2416, #2495, #2289, #7537, #3645, #2253, #2103, #4650, #6261, #1891, #6228, #5219, #6078, #1849, #2833, #3974, #6696, #1498, #3404, #2375, #5424, #128, #6835, #1275, #3257, #6501, #3796, #1426, #6796, #1189, #3935, #4991, #1645, #5299, #2031, #5676, #6996, #5303, #7072, #7035, #5177, #2992, #47, #1035, #1230, #1998, #2334, #4146, #3479, #7308, #4103, #4733, #7166, #7199, #2218, #344, #3561, #501, #857, #6301 ) ) ;
#2717 = PRODUCT_RELATED_PRODUCT_CATEGORY ( 'part', '', ( #379 ) ) ;
#2718 = CARTESIAN_POINT ( 'NONE',  ( 0.5000000000000000000, -1.000000000000000000, -1.300000000000000300 ) ) ;
#2719 = ADVANCED_FACE ( 'NONE', ( #5094 ), #4220, .F. ) ;
#2720 = DIRECTION ( 'NONE',  ( 0.0000000000000000000, 0.0000000000000000000, -1.000000000000000000 ) ) ;
#2721 = EDGE_CURVE ( 'NONE', #7565, #1648, #3237, .T. ) ;
#2722 = ORIENTED_EDGE ( 'NONE', *, *, #2172, .F. ) ;
#2723 = CARTESIAN_POINT ( 'NONE',  ( 1.388759507161886800, -0.7266680502297832000, -1.350000000000003000 ) ) ;
#2724 = FACE_OUTER_BOUND ( 'NONE', #5343, .T. ) ;
#2725 = LINE ( 'NONE', #2030, #2549 ) ;
#2726 = CARTESIAN_POINT ( 'NONE',  ( -1.760000000000000000, -0.9676716926650675800, -0.2000000000000000100 ) ) ;
#2727 = VERTEX_POINT ( 'NONE', #2502 ) ;
#2728 = ORIENTED_EDGE ( 'NONE', *, *, #3346, .F. ) ;
#2729 = PLANE ( 'NONE',  #1708 ) ;
#2730 = ORIENTED_EDGE ( 'NONE', *, *, #1593, .F. ) ;
#2731 = CARTESIAN_POINT ( 'NONE',  ( 1.468629210512393900, -0.4381199093104634100, -1.349999999999999900 ) ) ;
#2732 = DIRECTION ( 'NONE',  ( -1.017843322198098500E-031, -1.000000000000000000, -3.491481338843133400E-015 ) ) ;
#2733 = FACE_OUTER_BOUND ( 'NONE', #2431, .T. ) ;
#2734 = EDGE_CURVE ( 'NONE', #3544, #4891, #1625, .T. ) ;
#2735 = DIRECTION ( 'NONE',  ( -6.151150412723318900E-016, -3.491481338843133400E-015, -1.000000000000000000 ) ) ;
#2736 = EDGE_CURVE ( 'NONE', #5552, #7036, #2999, .T. ) ;
#2737 = DIRECTION ( 'NONE',  ( -0.4092742371440823400, -0.9124114197061157200, 2.933916705978688800E-015 ) ) ;
#2738 = ORIENTED_EDGE ( 'NONE', *, *, #322, .F. ) ;
#2739 = CARTESIAN_POINT ( 'NONE',  ( -1.053594130719925500, -0.4810162188969698300, -1.250000000000002000 ) ) ;
#2740 = AXIS2_PLACEMENT_3D ( 'NONE', #6272, #5650, #2750 ) ;
#2741 = EDGE_CURVE ( 'NONE', #3465, #1452, #1598, .T. ) ;
#2742 = DIRECTION ( 'NONE',  ( 0.05238247302969425300, 0.9986270958267120500, 0.0000000000000000000 ) ) ;
#2743 = ORIENTED_EDGE ( 'NONE', *, *, #3155, .F. ) ;
#2744 = CARTESIAN_POINT ( 'NONE',  ( -1.468629210512393900, -0.4381199093104634100, -1.349999999999999900 ) ) ;
#2745 = CARTESIAN_POINT ( 'NONE',  ( 1.511371717397266700, -0.1966079410694897000, 0.4000000000000000200 ) ) ;
#2746 = EDGE_CURVE ( 'NONE', #5828, #5523, #6619, .T. ) ;
#2747 = LINE ( 'NONE', #1219, #3836 ) ;
#2748 = ORIENTED_EDGE ( 'NONE', *, *, #3665, .T. ) ;
#2749 = AXIS2_PLACEMENT_3D ( 'NONE', #1876, #2396, #5944 ) ;
#2750 = DIRECTION ( 'NONE',  ( -2.449293598294706400E-016, 0.0000000000000000000, -1.000000000000000000 ) ) ;
#2751 = LINE ( 'NONE', #5042, #2933 ) ;
#2752 = ORIENTED_EDGE ( 'NONE', *, *, #4620, .T. ) ;
#2753 = CARTESIAN_POINT ( 'NONE',  ( 1.500000000000000200, -0.1000000000000000100, -1.052476713040993600 ) ) ;
#2754 = ADVANCED_FACE ( 'NONE', ( #372 ), #7351, .F. ) ;
#2755 = ORIENTED_EDGE ( 'NONE', *, *, #3401, .F. ) ;
#2756 = CARTESIAN_POINT ( 'NONE',  ( 0.6603828416892078000, -0.9499999999999999600, -1.350000000000000100 ) ) ;
#2757 = LINE ( 'NONE', #1022, #2298 ) ;
#2758 = DIRECTION ( 'NONE',  ( 0.7071067811865473500, 0.0000000000000000000, 0.7071067811865477900 ) ) ;
#2759 = DIRECTION ( 'NONE',  ( 0.05873653251975737000, -0.8780303471557444600, 0.4749870832150265300 ) ) ;
#2760 = LINE ( 'NONE', #3272, #5054 ) ;
#2761 = EDGE_CURVE ( 'NONE', #1576, #4232, #4025, .T. ) ;
#2762 = CARTESIAN_POINT ( 'NONE',  ( 0.0000000000000000000, -0.9499999999999999600, 0.0000000000000000000 ) ) ;
#2763 = LINE ( 'NONE', #2545, #3677 ) ;
#2764 = ORIENTED_EDGE ( 'NONE', *, *, #3764, .F. ) ;
#2765 = AXIS2_PLACEMENT_3D ( 'NONE', #3197, #6698, #3172 ) ;
#2766 = LINE ( 'NONE', #3259, #1861 ) ;
#2767 = VERTEX_POINT ( 'NONE', #699 ) ;
#2768 = ORIENTED_EDGE ( 'NONE', *, *, #491, .F. ) ;
#2769 = CARTESIAN_POINT ( 'NONE',  ( -0.7010740004227079500, -0.1000000000000000100, 1.350000000000000300 ) ) ;
#2770 = ORIENTED_EDGE ( 'NONE', *, *, #6541, .T. ) ;
#2771 = EDGE_LOOP ( 'NONE', ( #3088, #4945, #2782 ) ) ;
#2772 = DIRECTION ( 'NONE',  ( 1.000000000000000000, 0.0000000000000000000, 0.0000000000000000000 ) ) ;
#2773 = ORIENTED_EDGE ( 'NONE', *, *, #2490, .F. ) ;
#2774 = ORIENTED_EDGE ( 'NONE', *, *, #5904, .T. ) ;
#2775 = MECHANICAL_DESIGN_GEOMETRIC_PRESENTATION_REPRESENTATION (  '', ( #1602 ), #3266 ) ;
#2776 = ORIENTED_EDGE ( 'NONE', *, *, #3248, .T. ) ;
#2777 = DIRECTION ( 'NONE',  ( -0.9606938009292362900, -0.2776101958792883100, -1.560208025393783100E-015 ) ) ;
#2778 = DIRECTION ( 'NONE',  ( -1.000000000000000000, 0.0000000000000000000, -2.449293598294706400E-016 ) ) ;
#2779 = EDGE_CURVE ( 'NONE', #3372, #4316, #2481, .T. ) ;
#2780 = VECTOR ( 'NONE', #3527, 1000.000000000000000 ) ;
#2781 = CARTESIAN_POINT ( 'NONE',  ( 0.8890101095548962300, -0.7854362018007679000, 1.350000000000003000 ) ) ;
#2782 = ORIENTED_EDGE ( 'NONE', *, *, #6967, .T. ) ;
#2783 = DIRECTION ( 'NONE',  ( 0.0000000000000000000, 0.5178177716736868100, 0.8554909440425992900 ) ) ;
#2784 = VECTOR ( 'NONE', #189, 1000.000000000000000 ) ;
#2785 = DIRECTION ( 'NONE',  ( 0.0000000000000000000, 0.0000000000000000000, 1.000000000000000000 ) ) ;
#2786 = DIRECTION ( 'NONE',  ( 0.0000000000000000000, 0.0000000000000000000, 1.000000000000000000 ) ) ;
#2787 = AXIS2_PLACEMENT_3D ( 'NONE', #2542, #267, #7259 ) ;
#2788 = LINE ( 'NONE', #6471, #2053 ) ;
#2790 = EDGE_CURVE ( 'NONE', #5802, #3523, #4679, .T. ) ;
#2789 = CARTESIAN_POINT ( 'NONE',  ( 1.053594130719925500, -0.1499999999999999700, 1.200000000000000600 ) ) ;
#2791 = CIRCLE ( 'NONE', #5393, 0.1499999999999999700 ) ;
#2792 = CARTESIAN_POINT ( 'NONE',  ( 0.5000000000000000000, -0.1000000000000000500, -1.300000000000000300 ) ) ;
#2793 = DIRECTION ( 'NONE',  ( -0.05238247302969425300, 0.9986270958267120500, 0.0000000000000000000 ) ) ;
#2794 = ADVANCED_FACE ( 'NONE', ( #3393 ), #6340, .T. ) ;
#2795 = CARTESIAN_POINT ( 'NONE',  ( -1.600000000000000100, 0.0000000000000000000, 0.4459031131721502000 ) ) ;
#2796 = EDGE_CURVE ( 'NONE', #3543, #4897, #1304, .T. ) ;
#2797 = VERTEX_POINT ( 'NONE', #3311 ) ;
#2798 = AXIS2_PLACEMENT_3D ( 'NONE', #1385, #6122, #1606 ) ;
#2799 = CIRCLE ( 'NONE', #2878, 0.05000000000000002400 ) ;
#2800 = ORIENTED_EDGE ( 'NONE', *, *, #4882, .F. ) ;
#2801 = EDGE_LOOP ( 'NONE', ( #6903, #2064, #1192, #5327 ) ) ;
#2802 = DIRECTION ( 'NONE',  ( 0.0000000000000000000, -0.0000000000000000000, -1.000000000000000000 ) ) ;
#2803 = VECTOR ( 'NONE', #1519, 1000.000000000000000 ) ;
#2804 = ORIENTED_EDGE ( 'NONE', *, *, #6207, .F. ) ;
#2805 = CARTESIAN_POINT ( 'NONE',  ( 0.5165027480058550500, -0.1000000000000000100, 1.143289036108584800 ) ) ;
#2806 = EDGE_CURVE ( 'NONE', #6802, #647, #6976, .T. ) ;
#2807 = AXIS2_PLACEMENT_3D ( 'NONE', #6768, #2018, #6125 ) ;
#2808 = DIRECTION ( 'NONE',  ( 1.000000000000000000, 0.0000000000000000000, -0.0000000000000000000 ) ) ;
#2809 = ORIENTED_EDGE ( 'NONE', *, *, #2425, .T. ) ;
#2810 = DIRECTION ( 'NONE',  ( 6.151150412723322900E-016, 3.491481338843133400E-015, -1.000000000000000000 ) ) ;
#2811 = EDGE_CURVE ( 'NONE', #490, #3867, #1110, .T. ) ;
#2812 = CYLINDRICAL_SURFACE ( 'NONE', #1512, 0.04999999999999991300 ) ;
#2813 = EDGE_CURVE ( 'NONE', #2925, #1038, #2848, .T. ) ;
#2814 = VECTOR ( 'NONE', #6965, 1000.000000000000000 ) ;
#2815 = CARTESIAN_POINT ( 'NONE',  ( 1.145418158205587300, 0.0000000000000000000, 1.098665785637154900 ) ) ;
#2816 = ORIENTED_EDGE ( 'NONE', *, *, #4187, .F. ) ;
#2817 = CARTESIAN_POINT ( 'NONE',  ( -0.7010740004227079500, -0.1000000000000000100, 1.350000000000000300 ) ) ;
#2818 = VERTEX_POINT ( 'NONE', #5112 ) ;
#2819 = ORIENTED_EDGE ( 'NONE', *, *, #6333, .T. ) ;
#2820 = EDGE_LOOP ( 'NONE', ( #3696, #6624, #3100, #6030 ) ) ;
#2821 = CARTESIAN_POINT ( 'NONE',  ( -1.500000000000000000, -0.9499999999999999600, 0.6600000000000000300 ) ) ;
#2822 = LINE ( 'NONE', #2432, #5847 ) ;
#2823 = VECTOR ( 'NONE', #7319, 1000.000000000000000 ) ;
#2824 = DIRECTION ( 'NONE',  ( -0.2776101958792883700, -0.9606938009292364000, -3.183482271190799100E-015 ) ) ;
#2825 = VECTOR ( 'NONE', #1012, 1000.000000000000000 ) ;
#2826 = ORIENTED_EDGE ( 'NONE', *, *, #1279, .T. ) ;
#2827 = ORIENTED_EDGE ( 'NONE', *, *, #766, .F. ) ;
#2828 = DIRECTION ( 'NONE',  ( 0.0000000000000000000, 0.0000000000000000000, 1.000000000000000000 ) ) ;
#2829 = DIRECTION ( 'NONE',  ( 0.0000000000000000000, 3.433306879537431600E-015, -1.000000000000000000 ) ) ;
#2830 = CIRCLE ( 'NONE', #1441, 0.09182402748566186000 ) ;
#2831 = CARTESIAN_POINT ( 'NONE',  ( 1.450893303781768000, -0.1000000000000000100, 1.866607263856683100 ) ) ;
#2832 = CARTESIAN_POINT ( 'NONE',  ( -1.388759507161886800, -0.7854362018007683400, 1.250000000000003100 ) ) ;
#2833 = ADVANCED_FACE ( 'NONE', ( #4786 ), #7251, .F. ) ;
#2834 = VECTOR ( 'NONE', #4956, 1000.000000000000000 ) ;
#2835 = ORIENTED_EDGE ( 'NONE', *, *, #7392, .F. ) ;
#2836 = EDGE_CURVE ( 'NONE', #4273, #6276, #3474, .T. ) ;
#2837 = DIRECTION ( 'NONE',  ( 0.0000000000000000000, 1.000000000000000000, 0.0000000000000000000 ) ) ;
#2838 = DIRECTION ( 'NONE',  ( -0.0000000000000000000, -1.000000000000000000, 0.0000000000000000000 ) ) ;
#2839 = EDGE_CURVE ( 'NONE', #4634, #1079, #5044, .T. ) ;
#2840 = ADVANCED_FACE ( 'NONE', ( #115 ), #4315, .F. ) ;
#2841 = CARTESIAN_POINT ( 'NONE',  ( -0.5165027480058548300, 0.0000000000000000000, -1.143289036108584800 ) ) ;
#2842 = VECTOR ( 'NONE', #2600, 1000.000000000000000 ) ;
#2843 = ORIENTED_EDGE ( 'NONE', *, *, #5312, .T. ) ;
#2844 = DIRECTION ( 'NONE',  ( 1.000000000000000000, 0.0000000000000000000, 0.0000000000000000000 ) ) ;
#2845 = EDGE_LOOP ( 'NONE', ( #6931, #6499, #4876, #3663 ) ) ;
#2846 = DIRECTION ( 'NONE',  ( -1.000000000000000000, 0.0000000000000000000, 0.0000000000000000000 ) ) ;
#2847 = VERTEX_POINT ( 'NONE', #4492 ) ;
#2848 = LINE ( 'NONE', #3044, #5782 ) ;
#2849 = VECTOR ( 'NONE', #4184, 999.9999999999998900 ) ;
#2850 = VECTOR ( 'NONE', #977, 1000.000000000000000 ) ;
#2851 = VERTEX_POINT ( 'NONE', #6094 ) ;
#2852 = DIRECTION ( 'NONE',  ( 0.0000000000000000000, -1.000000000000000000, -0.0000000000000000000 ) ) ;
#2853 = EDGE_CURVE ( 'NONE', #1563, #3980, #4490, .T. ) ;
#2854 = AXIS2_PLACEMENT_3D ( 'NONE', #2174, #1639, #3925 ) ;
#2855 = CARTESIAN_POINT ( 'NONE',  ( 1.257582580033950400, 0.0000000000000000000, 1.098665785637154700 ) ) ;
#2856 = CYLINDRICAL_SURFACE ( 'NONE', #5367, 0.04999999999999991300 ) ;
#2857 = PLANE ( 'NONE',  #7621 ) ;
#2858 = CYLINDRICAL_SURFACE ( 'NONE', #4742, 0.1186968912300025000 ) ;
#2859 = EDGE_LOOP ( 'NONE', ( #6326, #7091, #1706, #3452 ) ) ;
#2860 = ORIENTED_EDGE ( 'NONE', *, *, #541, .F. ) ;
#2861 = CARTESIAN_POINT ( 'NONE',  ( -1.096148662824762300, -0.5900400513188783800, -1.052476713040993800 ) ) ;
#2862 = EDGE_CURVE ( 'NONE', #2346, #3255, #6427, .T. ) ;
#2863 = DIRECTION ( 'NONE',  ( -0.05238247302969425300, 0.9986270958267120500, 1.283000558544752400E-017 ) ) ;
#2864 = VERTEX_POINT ( 'NONE', #6690 ) ;
#2865 = AXIS2_PLACEMENT_3D ( 'NONE', #5195, #5787, #1748 ) ;
#2866 = PLANE ( 'NONE',  #5530 ) ;
#2867 = DIRECTION ( 'NONE',  ( 0.0000000000000000000, 1.000000000000000000, -3.461396037702079100E-015 ) ) ;
#2868 = ORIENTED_EDGE ( 'NONE', *, *, #2337, .F. ) ;
#2869 = ORIENTED_EDGE ( 'NONE', *, *, #6812, .T. ) ;
#2870 = EDGE_CURVE ( 'NONE', #3907, #5961, #6529, .T. ) ;
#2871 = DIRECTION ( 'NONE',  ( -0.0000000000000000000, -1.000000000000000000, -0.0000000000000000000 ) ) ;
#2872 = VECTOR ( 'NONE', #4869, 1000.000000000000100 ) ;
#2873 = ADVANCED_FACE ( 'NONE', ( #5426 ), #7173, .F. ) ;
#2874 = CARTESIAN_POINT ( 'NONE',  ( -0.6092499729370461900, -0.1000000000000000100, 1.190489813122816500 ) ) ;
#2875 = VERTEX_POINT ( 'NONE', #6117 ) ;
#2876 = DIRECTION ( 'NONE',  ( 0.0000000000000000000, 0.4758085574081127900, 0.8795488711249709300 ) ) ;
#2877 = VECTOR ( 'NONE', #32, 1000.000000000000000 ) ;
#2878 = AXIS2_PLACEMENT_3D ( 'NONE', #4482, #6772, #2101 ) ;
#2879 = ADVANCED_FACE ( 'NONE', ( #5595 ), #2607, .T. ) ;
#2880 = ORIENTED_EDGE ( 'NONE', *, *, #1663, .F. ) ;
#2881 = VECTOR ( 'NONE', #6311, 1000.000000000000000 ) ;
#2882 = CARTESIAN_POINT ( 'NONE',  ( -1.660223004139932000, -0.9743463534909069200, 0.2000000000000000100 ) ) ;
#2883 = EDGE_CURVE ( 'NONE', #3657, #3637, #9, .T. ) ;
#2884 = CARTESIAN_POINT ( 'NONE',  ( 1.719998683103989700, -0.3697070418052864600, -0.2000000000000000400 ) ) ;
#2885 = ORIENTED_EDGE ( 'NONE', *, *, #4308, .F. ) ;
#2886 = CARTESIAN_POINT ( 'NONE',  ( -1.181336235645685100, -0.5192282339237756000, -1.250000000000002200 ) ) ;
#2887 = CARTESIAN_POINT ( 'NONE',  ( -0.7010740004227079500, -0.5975000926685797300, -1.250000000000002000 ) ) ;
#2888 = LINE ( 'NONE', #5977, #6922 ) ;
#2889 = ORIENTED_EDGE ( 'NONE', *, *, #493, .F. ) ;
#2890 = EDGE_LOOP ( 'NONE', ( #7421, #7338, #3714, #3603 ) ) ;
#2891 = DIRECTION ( 'NONE',  ( 6.151150412723322900E-016, -3.491481338843133400E-015, -1.000000000000000000 ) ) ;
#2892 =( BOUNDED_CURVE ( )  B_SPLINE_CURVE ( 3, ( #2541, #1974, #6081, #6648 ),
 .UNSPECIFIED., .F., .F. ) 
 B_SPLINE_CURVE_WITH_KNOTS ( ( 4, 4 ),
 ( 3.141592653589793100, 4.645592711925857500 ),
 .UNSPECIFIED. ) 
 CURVE ( )  GEOMETRIC_REPRESENTATION_ITEM ( )  RATIONAL_B_SPLINE_CURVE ( ( 1.000000000000000000, 0.8202160726404466000, 0.8202160726404466000, 1.000000000000000000 ) ) 
 REPRESENTATION_ITEM ( '' )  );
#2893 = DIRECTION ( 'NONE',  ( 0.0000000000000000000, 0.0000000000000000000, -1.000000000000000000 ) ) ;
#2894 = VERTEX_POINT ( 'NONE', #2138 ) ;
#2895 = VECTOR ( 'NONE', #6519, 1000.000000000000000 ) ;
#2896 = ORIENTED_EDGE ( 'NONE', *, *, #7281, .T. ) ;
#2897 = VERTEX_POINT ( 'NONE', #7458 ) ;
#2898 = ORIENTED_EDGE ( 'NONE', *, *, #3806, .F. ) ;
#2899 = EDGE_CURVE ( 'NONE', #6587, #7264, #1659, .T. ) ;
#2900 = AXIS2_PLACEMENT_3D ( 'NONE', #3129, #4815, #4839 ) ;
#2901 = VECTOR ( 'NONE', #7295, 1000.000000000000000 ) ;
#2902 = EDGE_LOOP ( 'NONE', ( #1995, #2261, #799, #2449, #6337, #811, #497, #6970 ) ) ;
#2903 = EDGE_LOOP ( 'NONE', ( #2309, #3569, #3731, #6433 ) ) ;
#2904 = CARTESIAN_POINT ( 'NONE',  ( -1.604184018788924200, -0.1366406250253999200, -0.3260816757191417600 ) ) ;
#2905 = ORIENTED_EDGE ( 'NONE', *, *, #1796, .F. ) ;
#2906 = CARTESIAN_POINT ( 'NONE',  ( 1.388759507161886800, -0.7266680502297832000, 1.350000000000003000 ) ) ;
#2907 = LINE ( 'NONE', #1803, #85 ) ;
#2908 = EDGE_CURVE ( 'NONE', #1975, #3439, #567, .T. ) ;
#2909 = LINE ( 'NONE', #6180, #4094 ) ;
#2910 = VERTEX_POINT ( 'NONE', #3333 ) ;
#2911 = AXIS2_PLACEMENT_3D ( 'NONE', #5778, #1066, #2829 ) ;
#2912 = LINE ( 'NONE', #4092, #5852 ) ;
#2913 = CARTESIAN_POINT ( 'NONE',  ( -0.6603828416892074700, -0.9499999999999999600, 1.350000000000000300 ) ) ;
#2914 = CARTESIAN_POINT ( 'NONE',  ( 1.053594130719925500, -0.1000000000000000100, -1.190489813122816800 ) ) ;
#2915 = ORIENTED_EDGE ( 'NONE', *, *, #248, .T. ) ;
#2916 = ADVANCED_FACE ( 'NONE', ( #2664 ), #1754, .T. ) ;
#2917 = ADVANCED_FACE ( 'NONE', ( #5229 ), #7561, .T. ) ;
#2918 = CARTESIAN_POINT ( 'NONE',  ( 1.468629210512393900, -0.4381199093104634100, -1.866607263856682600 ) ) ;
#2919 = DIRECTION ( 'NONE',  ( -1.000000000000000000, 0.0000000000000000000, -2.449293598294706400E-016 ) ) ;
#2920 = ORIENTED_EDGE ( 'NONE', *, *, #1768, .T. ) ;
#2921 = AXIS2_PLACEMENT_3D ( 'NONE', #7381, #6098, #5527 ) ;
#2922 = DIRECTION ( 'NONE',  ( -0.0000000000000000000, -1.000000000000000000, -0.0000000000000000000 ) ) ;
#2923 = CARTESIAN_POINT ( 'NONE',  ( -1.547748456490377000, -0.003144593497491681700, -0.3599873502053815300 ) ) ;
#2924 = LINE ( 'NONE', #2032, #365 ) ;
#2925 = VERTEX_POINT ( 'NONE', #5830 ) ;
#2926 = DIRECTION ( 'NONE',  ( 6.151150412723322900E-016, 3.491481338843133400E-015, -1.000000000000000000 ) ) ;
#2927 = CARTESIAN_POINT ( 'NONE',  ( 1.096148662824762100, -0.5900400513188783800, 1.052476713040994000 ) ) ;
#2928 = AXIS2_PLACEMENT_3D ( 'NONE', #451, #1034, #475 ) ;
#2929 = CARTESIAN_POINT ( 'NONE',  ( -1.096148662824762100, -0.9499999999999999600, 1.217574864917437800 ) ) ;
#2930 = VECTOR ( 'NONE', #5235, 1000.000000000000000 ) ;
#2931 = ORIENTED_EDGE ( 'NONE', *, *, #5564, .F. ) ;
#2932 = CARTESIAN_POINT ( 'NONE',  ( -1.053594130719925500, -0.1499999999999999700, -1.200000000000000600 ) ) ;
#2933 = VECTOR ( 'NONE', #269, 1000.000000000000000 ) ;
#2934 = ORIENTED_EDGE ( 'NONE', *, *, #3832, .F. ) ;
#2935 = CARTESIAN_POINT ( 'NONE',  ( 1.600000000000000100, 0.0000000000000000000, -0.4459031131721494200 ) ) ;
#2936 = ORIENTED_EDGE ( 'NONE', *, *, #3542, .T. ) ;
#2937 = CARTESIAN_POINT ( 'NONE',  ( 0.6156878555317633100, -0.9499999999999999600, 0.0000000000000000000 ) ) ;
#2938 = FACE_OUTER_BOUND ( 'NONE', #2506, .T. ) ;
#2939 = AXIS2_PLACEMENT_3D ( 'NONE', #6657, #6064, #2523 ) ;
#2940 = CARTESIAN_POINT ( 'NONE',  ( -1.707541214618736300, -0.1834850278464349400, 0.3007403121398641300 ) ) ;
#2941 = FACE_OUTER_BOUND ( 'NONE', #4711, .T. ) ;
#2942 = DIRECTION ( 'NONE',  ( 0.0000000000000000000, 0.0000000000000000000, -1.000000000000000000 ) ) ;
#2943 = DIRECTION ( 'NONE',  ( 0.0000000000000000000, 0.0000000000000000000, -1.000000000000000000 ) ) ;
#2944 = CARTESIAN_POINT ( 'NONE',  ( 0.8890101095548963400, -0.7854362018007682300, 1.250000000000002900 ) ) ;
#2945 = VECTOR ( 'NONE', #4257, 1000.000000000000000 ) ;
#2946 = ORIENTED_EDGE ( 'NONE', *, *, #1295, .F. ) ;
#2947 = ORIENTED_EDGE ( 'NONE', *, *, #6354, .F. ) ;
#2948 = DIRECTION ( 'NONE',  ( 0.0000000000000000000, 0.0000000000000000000, 1.000000000000000000 ) ) ;
#2949 = PLANE ( 'NONE',  #2161 ) ;
#2950 = VECTOR ( 'NONE', #1359, 1000.000000000000000 ) ;
#2951 = VERTEX_POINT ( 'NONE', #2882 ) ;
#2952 = CARTESIAN_POINT ( 'NONE',  ( -1.053594130719925500, -0.1499999999999999700, -1.200000000000000600 ) ) ;
#2953 = EDGE_CURVE ( 'NONE', #7428, #7261, #3115, .T. ) ;
#2954 = ORIENTED_EDGE ( 'NONE', *, *, #7152, .T. ) ;
#2955 = ORIENTED_EDGE ( 'NONE', *, *, #3947, .F. ) ;
#2956 = AXIS2_PLACEMENT_3D ( 'NONE', #5390, #752, #2459 ) ;
#2957 = ADVANCED_FACE ( 'NONE', ( #202 ), #5730, .F. ) ;
#2958 = EDGE_CURVE ( 'NONE', #1576, #1324, #6239, .T. ) ;
#2959 = FACE_OUTER_BOUND ( 'NONE', #6447, .T. ) ;
#2960 = VERTEX_POINT ( 'NONE', #3436 ) ;
#2961 = VERTEX_POINT ( 'NONE', #3994 ) ;
#2962 = EDGE_CURVE ( 'NONE', #5935, #2, #3294, .T. ) ;
#2963 = CARTESIAN_POINT ( 'NONE',  ( 1.078042482630644300, -0.4381199093104634100, -1.350000000000000100 ) ) ;
#2964 = VECTOR ( 'NONE', #5441, 1000.000000000000000 ) ;
#2965 = CARTESIAN_POINT ( 'NONE',  ( -1.096148662824761900, -0.4810162188969695500, -1.350000000000001900 ) ) ;
#2966 = ORIENTED_EDGE ( 'NONE', *, *, #2574, .T. ) ;
#2967 = CARTESIAN_POINT ( 'NONE',  ( -1.499999999999999800, -0.1000000000000000100, 0.9138294609943661300 ) ) ;
#2968 = VECTOR ( 'NONE', #2203, 1000.000000000000000 ) ;
#2969 = DIRECTION ( 'NONE',  ( 1.000000000000000000, 0.0000000000000000000, 2.449293598294706400E-016 ) ) ;
#2970 = PLANE ( 'NONE',  #1912 ) ;
#2971 = LINE ( 'NONE', #6178, #6470 ) ;
#2972 = CARTESIAN_POINT ( 'NONE',  ( -0.9497672376091737000, -0.3872448601504325800, -1.350000000000001600 ) ) ;
#2973 = DIRECTION ( 'NONE',  ( 0.0000000000000000000, 1.000000000000000000, 0.0000000000000000000 ) ) ;
#2974 = CARTESIAN_POINT ( 'NONE',  ( 1.760000000000000000, -0.9676716926650675800, -0.2000000000000000100 ) ) ;
#2975 = AXIS2_PLACEMENT_3D ( 'NONE', #6811, #4475, #6247 ) ;
#2976 = DIRECTION ( 'NONE',  ( 0.0000000000000000000, 0.0000000000000000000, -1.000000000000000000 ) ) ;
#2977 = DIRECTION ( 'NONE',  ( -2.449293598294706400E-016, 2.159864243086199100E-016, 1.000000000000000000 ) ) ;
#2978 = EDGE_CURVE ( 'NONE', #7213, #7610, #665, .T. ) ;
#2979 = ORIENTED_EDGE ( 'NONE', *, *, #6019, .F. ) ;
#2980 = LINE ( 'NONE', #1395, #65 ) ;
#2981 = EDGE_LOOP ( 'NONE', ( #3062, #3861, #764, #1981 ) ) ;
#2982 = PLANE ( 'NONE',  #6444 ) ;
#2983 = ORIENTED_EDGE ( 'NONE', *, *, #7496, .F. ) ;
#2984 = DIRECTION ( 'NONE',  ( -1.000000000000000000, 0.0000000000000000000, -0.0000000000000000000 ) ) ;
#2985 = DIRECTION ( 'NONE',  ( -1.268287753243591000E-016, 0.8554909440425991800, 0.5178177716736868100 ) ) ;
#2986 = CARTESIAN_POINT ( 'NONE',  ( 1.053594130719925500, -0.4810162188969695500, 1.350000000000001900 ) ) ;
#2987 = AXIS2_PLACEMENT_3D ( 'NONE', #2795, #4567, #3327 ) ;
#2988 = ORIENTED_EDGE ( 'NONE', *, *, #3030, .T. ) ;
#2989 = DIRECTION ( 'NONE',  ( -0.0000000000000000000, -0.0000000000000000000, -1.000000000000000000 ) ) ;
#2990 = EDGE_CURVE ( 'NONE', #7610, #2951, #750, .T. ) ;
#2991 = ORIENTED_EDGE ( 'NONE', *, *, #6512, .T. ) ;
#2992 = ADVANCED_FACE ( 'NONE', ( #5982 ), #6984, .F. ) ;
#2993 = DIRECTION ( 'NONE',  ( -1.000000000000000000, 0.0000000000000000000, -2.372876381782987800E-016 ) ) ;
#2994 = DIRECTION ( 'NONE',  ( -2.449293598294706400E-016, 0.0000000000000000000, 1.000000000000000000 ) ) ;
#2995 = ADVANCED_FACE ( 'NONE', ( #1480 ), #3668, .F. ) ;
#2996 = ORIENTED_EDGE ( 'NONE', *, *, #20, .T. ) ;
#2997 = VECTOR ( 'NONE', #710, 1000.000000000000000 ) ;
#2998 = CARTESIAN_POINT ( 'NONE',  ( 1.500000000000000000, -0.9499999999999999600, 1.052476713040994000 ) ) ;
#2999 = LINE ( 'NONE', #1966, #5180 ) ;
#3000 = ORIENTED_EDGE ( 'NONE', *, *, #4364, .T. ) ;
#3001 = EDGE_CURVE ( 'NONE', #1503, #292, #2112, .T. ) ;
#3002 = DIRECTION ( 'NONE',  ( 0.0000000000000000000, 0.0000000000000000000, 1.000000000000000000 ) ) ;
#3003 = AXIS2_PLACEMENT_3D ( 'NONE', #4342, #1432, #6167 ) ;
#3004 = ORIENTED_EDGE ( 'NONE', *, *, #5628, .T. ) ;
#3005 = CARTESIAN_POINT ( 'NONE',  ( 1.645517641415476200, -0.7545214134731786900, 0.008172595138483933900 ) ) ;
#3006 = ORIENTED_EDGE ( 'NONE', *, *, #1021, .F. ) ;
#3007 = ORIENTED_EDGE ( 'NONE', *, *, #4599, .T. ) ;
#3008 = VERTEX_POINT ( 'NONE', #2264 ) ;
#3009 = LINE ( 'NONE', #3578, #727 ) ;
#3010 = CARTESIAN_POINT ( 'NONE',  ( 1.500000000000000000, -0.1000000000000000100, -0.4459031131721494200 ) ) ;
#3011 = VECTOR ( 'NONE', #4509, 1000.000000000000000 ) ;
#3012 = CARTESIAN_POINT ( 'NONE',  ( 1.239179746653218400, -0.4913441754571611900, 1.350000000000002100 ) ) ;
#3013 = FACE_OUTER_BOUND ( 'NONE', #5072, .T. ) ;
#3014 = DIRECTION ( 'NONE',  ( 0.0000000000000000000, 1.000000000000000000, 0.0000000000000000000 ) ) ;
#3015 = DIRECTION ( 'NONE',  ( 0.0000000000000000000, -1.000000000000000000, 3.491481338843133400E-015 ) ) ;
#3016 = EDGE_CURVE ( 'NONE', #5419, #2129, #3576, .T. ) ;
#3017 = EDGE_LOOP ( 'NONE', ( #1896, #4777, #3442, #5286 ) ) ;
#3018 = PLANE ( 'NONE',  #3670 ) ;
#3019 = EDGE_CURVE ( 'NONE', #678, #856, #6791, .T. ) ;
#3020 = LINE ( 'NONE', #2606, #190 ) ;
#3021 = CARTESIAN_POINT ( 'NONE',  ( -1.257582580033950400, -0.1000000000000000100, -1.039254521236307600 ) ) ;
#3022 = CARTESIAN_POINT ( 'NONE',  ( 1.095778389361269400, -0.1000000000000000100, 1.217574864917437800 ) ) ;
#3023 = EDGE_LOOP ( 'NONE', ( #4247, #4705, #4536, #3838, #7096, #3432, #1140, #5653, #6847, #1269, #300, #3803 ) ) ;
#3024 = DIRECTION ( 'NONE',  ( 1.000000000000000000, 0.0000000000000000000, 0.0000000000000000000 ) ) ;
#3025 = CARTESIAN_POINT ( 'NONE',  ( -1.096148662824761900, -0.4810162188969695500, -1.350000000000001900 ) ) ;
#3026 = CARTESIAN_POINT ( 'NONE',  ( -1.476811605471761500, -0.5941102786568811500, 1.045752257415221800 ) ) ;
#3027 = CIRCLE ( 'NONE', #4115, 0.05951687662438182700 ) ;
#3028 = ORIENTED_EDGE ( 'NONE', *, *, #1671, .F. ) ;
#3029 = CARTESIAN_POINT ( 'NONE',  ( -1.316993844434797700, 0.0000000000000000000, -1.039254521236307600 ) ) ;
#3030 = EDGE_CURVE ( 'NONE', #2961, #3390, #478, .T. ) ;
#3031 = EDGE_CURVE ( 'NONE', #5805, #5490, #6783, .T. ) ;
#3032 = ORIENTED_EDGE ( 'NONE', *, *, #3168, .T. ) ;
#3033 = PLANE ( 'NONE',  #3443 ) ;
#3034 = ORIENTED_EDGE ( 'NONE', *, *, #4404, .F. ) ;
#3035 = ADVANCED_FACE ( 'NONE', ( #919, #2200 ), #2857, .T. ) ;
#3036 = DIRECTION ( 'NONE',  ( 0.9964072130971135500, -0.08469159160178413300, -0.0000000000000000000 ) ) ;
#3037 = VECTOR ( 'NONE', #1067, 1000.000000000000000 ) ;
#3038 = CARTESIAN_POINT ( 'NONE',  ( 0.8890101095548963400, -0.5975000926685797300, -1.250000000000002200 ) ) ;
#3039 = CIRCLE ( 'NONE', #7539, 0.09999999999999999200 ) ;
#3040 =( GEOMETRIC_REPRESENTATION_CONTEXT ( 3 ) GLOBAL_UNCERTAINTY_ASSIGNED_CONTEXT ( ( #4258 ) ) GLOBAL_UNIT_ASSIGNED_CONTEXT ( ( #25, #1793, #7620 ) ) REPRESENTATION_CONTEXT ( 'NONE', 'WORKASPACE' ) );
#3041 = VECTOR ( 'NONE', #7519, 999.9999999999998900 ) ;
#3042 = ORIENTED_EDGE ( 'NONE', *, *, #1190, .F. ) ;
#3043 = DIRECTION ( 'NONE',  ( 0.0000000000000000000, 0.0000000000000000000, -1.000000000000000000 ) ) ;
#3044 = CARTESIAN_POINT ( 'NONE',  ( -1.096148662824762300, -0.5900400513188783800, -1.052476713040993800 ) ) ;
#3045 = LINE ( 'NONE', #81, #6155 ) ;
#3046 = DIRECTION ( 'NONE',  ( 0.0000000000000000000, -0.0000000000000000000, 1.000000000000000000 ) ) ;
#3047 = DIRECTION ( 'NONE',  ( 6.151150412723322900E-016, -3.491481338843133400E-015, -1.000000000000000000 ) ) ;
#3048 = VECTOR ( 'NONE', #2284, 999.9999999999998900 ) ;
#3049 = ORIENTED_EDGE ( 'NONE', *, *, #3367, .F. ) ;
#3050 = ORIENTED_EDGE ( 'NONE', *, *, #2462, .T. ) ;
#3051 = CARTESIAN_POINT ( 'NONE',  ( 0.6603828416892078000, -0.4241578738305969400, -1.350000000000000100 ) ) ;
#3052 = AXIS2_PLACEMENT_3D ( 'NONE', #3535, #1791, #3015 ) ;
#3053 = CARTESIAN_POINT ( 'NONE',  ( -1.511371717397266700, 0.0000000000000000000, 0.3995886713259308400 ) ) ;
#3054 = DIRECTION ( 'NONE',  ( 0.0000000000000000000, -1.000000000000000000, 3.461396037702078300E-015 ) ) ;
#3055 = ORIENTED_EDGE ( 'NONE', *, *, #5236, .F. ) ;
#3056 = CARTESIAN_POINT ( 'NONE',  ( 1.376510721059179600, -0.1000000000000000100, -0.9733463376187478900 ) ) ;
#3057 = ORIENTED_EDGE ( 'NONE', *, *, #5053, .F. ) ;
#3058 = ORIENTED_EDGE ( 'NONE', *, *, #3742, .T. ) ;
#3059 = VECTOR ( 'NONE', #6740, 1000.000000000000000 ) ;
#3060 = EDGE_LOOP ( 'NONE', ( #472, #398, #489, #4642, #5748, #3268, #429, #4630, #3537, #2402, #1873, #6123, #5373, #6254, #5717, #340, #1680, #6907, #280, #3760, #2955, #5025, #4753, #4793, #305, #4038, #3623, #7133, #4095, #3710, #4151, #2343, #1872, #2115, #5753, #2869, #7444, #327, #5458, #5633, #4557, #7006, #3491, #4978, #755, #3057, #5678, #4645, #1129, #7143, #3800, #338, #6705, #6371, #1652, #1641, #2627, #5136, #477, #4466 ) ) ;
#3061 = EDGE_CURVE ( 'NONE', #6276, #6294, #2015, .T. ) ;
#3062 = ORIENTED_EDGE ( 'NONE', *, *, #624, .F. ) ;
#3063 = AXIS2_PLACEMENT_3D ( 'NONE', #5880, #5400, #5990 ) ;
#3064 = CARTESIAN_POINT ( 'NONE',  ( 0.7010740004227079500, -0.1000000000000000100, 1.190489813122816500 ) ) ;
#3065 = DIRECTION ( 'NONE',  ( -6.151150412723322900E-016, 3.491481338843133400E-015, -1.000000000000000000 ) ) ;
#3066 = LINE ( 'NONE', #4060, #1785 ) ;
#3067 = DIRECTION ( 'NONE',  ( 0.0000000000000000000, 1.000000000000000000, 0.0000000000000000000 ) ) ;
#3068 = DIRECTION ( 'NONE',  ( -0.9124114197061157200, -0.4092742371440823400, 1.990211349547696900E-015 ) ) ;
#3069 = COLOUR_RGB ( '',0.7921568627450980000, 0.8196078431372548800, 0.9333333333333333500 ) ;
#3070 = CARTESIAN_POINT ( 'NONE',  ( 1.376510721059179600, 0.0000000000000000000, 0.9138294609943661300 ) ) ;
#3071 = CARTESIAN_POINT ( 'NONE',  ( 1.500000000000000000, -0.1000000000000000100, 1.836970198721030200E-016 ) ) ;
#3072 = ADVANCED_FACE ( 'NONE', ( #6332 ), #3508, .F. ) ;
#3073 = ORIENTED_EDGE ( 'NONE', *, *, #4079, .F. ) ;
#3074 = CARTESIAN_POINT ( 'NONE',  ( -0.7010740004227081800, -0.1499999999999999700, 1.200000000000000600 ) ) ;
#3075 = LINE ( 'NONE', #6693, #5634 ) ;
#3076 = DIRECTION ( 'NONE',  ( -0.08469159160178411900, 0.9964072130971135500, -0.0000000000000000000 ) ) ;
#3077 = EDGE_LOOP ( 'NONE', ( #3313, #5637, #5644, #3433 ) ) ;
#3078 = CARTESIAN_POINT ( 'NONE',  ( 0.7010740004227079500, -0.1000000000000000100, 1.200000000000000600 ) ) ;
#3079 = ORIENTED_EDGE ( 'NONE', *, *, #1172, .T. ) ;
#3080 = DIRECTION ( 'NONE',  ( -1.000000000000000000, 0.0000000000000000000, -2.449293598294706400E-016 ) ) ;
#3081 = EDGE_LOOP ( 'NONE', ( #3028, #4681, #4181, #1098 ) ) ;
#3082 = FACE_OUTER_BOUND ( 'NONE', #7491, .T. ) ;
#3083 = ORIENTED_EDGE ( 'NONE', *, *, #4169, .F. ) ;
#3084 = ORIENTED_EDGE ( 'NONE', *, *, #2121, .T. ) ;
#3085 = VERTEX_POINT ( 'NONE', #7123 ) ;
#3086 = EDGE_CURVE ( 'NONE', #3095, #5320, #4392, .T. ) ;
#3087 = CIRCLE ( 'NONE', #5786, 0.05941126440084723600 ) ;
#3088 = ORIENTED_EDGE ( 'NONE', *, *, #1660, .F. ) ;
#3089 = DIRECTION ( 'NONE',  ( 1.000000000000000000, 0.0000000000000000000, 1.667627088515394200E-017 ) ) ;
#3090 = DIRECTION ( 'NONE',  ( 2.449293598294706400E-016, -0.0000000000000000000, 1.000000000000000000 ) ) ;
#3091 = ORIENTED_EDGE ( 'NONE', *, *, #4551, .F. ) ;
#3092 = DIRECTION ( 'NONE',  ( -1.000000000000000000, 0.0000000000000000000, -2.449293598294706400E-016 ) ) ;
#3093 = FACE_OUTER_BOUND ( 'NONE', #2003, .T. ) ;
#3094 = FACE_OUTER_BOUND ( 'NONE', #6751, .T. ) ;
#3095 = VERTEX_POINT ( 'NONE', #5372 ) ;
#3096 = DIRECTION ( 'NONE',  ( 1.469354956161540100E-031, 1.000000000000000000, 3.491481338843133400E-015 ) ) ;
#3097 = LINE ( 'NONE', #6555, #1542 ) ;
#3098 = CARTESIAN_POINT ( 'NONE',  ( -1.500000000000000000, -0.1000000000000000300, 0.4459031131721502000 ) ) ;
#3099 = CARTESIAN_POINT ( 'NONE',  ( -0.8890101095548962300, -0.1499999999999999700, 1.350000000000000800 ) ) ;
#3100 = ORIENTED_EDGE ( 'NONE', *, *, #1200, .F. ) ;
#3101 = CARTESIAN_POINT ( 'NONE',  ( 1.053594130719925500, -0.4810162188969695500, 1.350000000000001900 ) ) ;
#3102 = ORIENTED_EDGE ( 'NONE', *, *, #3899, .F. ) ;
#3103 = EDGE_CURVE ( 'NONE', #6038, #3407, #6969, .T. ) ;
#3104 = DIRECTION ( 'NONE',  ( 6.151150412723322900E-016, -3.491481338843133400E-015, -1.000000000000000000 ) ) ;
#3105 = DIRECTION ( 'NONE',  ( -0.0000000000000000000, -1.000000000000000000, 0.0000000000000000000 ) ) ;
#3106 = ORIENTED_EDGE ( 'NONE', *, *, #1828, .T. ) ;
#3107 = ADVANCED_FACE ( 'NONE', ( #3662 ), #6877, .T. ) ;
#3108 = CARTESIAN_POINT ( 'NONE',  ( 1.096148662824761900, -0.4810162188969695500, 1.350000000000001900 ) ) ;
#3109 = EDGE_CURVE ( 'NONE', #6450, #4738, #7169, .T. ) ;
#3110 = SURFACE_STYLE_FILL_AREA ( #3455 ) ;
#3111 = VERTEX_POINT ( 'NONE', #5860 ) ;
#3112 = DIRECTION ( 'NONE',  ( 0.0000000000000000000, 1.000000000000000000, 3.689761013415303100E-015 ) ) ;
#3113 = CARTESIAN_POINT ( 'NONE',  ( -1.476598103780641300, -0.5900400513188783800, 1.052476713040994000 ) ) ;
#3114 = DIRECTION ( 'NONE',  ( 1.000000000000000000, 0.0000000000000000000, -0.0000000000000000000 ) ) ;
#3115 = LINE ( 'NONE', #5186, #6711 ) ;
#3116 = VERTEX_POINT ( 'NONE', #7615 ) ;
#3117 = DIRECTION ( 'NONE',  ( -1.000000000000000000, -0.0000000000000000000, 2.449293598294706400E-016 ) ) ;
#3118 = VECTOR ( 'NONE', #2347, 1000.000000000000000 ) ;
#3119 = ORIENTED_EDGE ( 'NONE', *, *, #5134, .F. ) ;
#3120 = VECTOR ( 'NONE', #1122, 1000.000000000000000 ) ;
#3121 = EDGE_CURVE ( 'NONE', #5903, #4071, #2747, .T. ) ;
#3122 = VECTOR ( 'NONE', #1237, 1000.000000000000000 ) ;
#3123 = FACE_OUTER_BOUND ( 'NONE', #7060, .T. ) ;
#3124 = EDGE_LOOP ( 'NONE', ( #2550, #3735, #519, #3460 ) ) ;
#3125 = ORIENTED_EDGE ( 'NONE', *, *, #5768, .T. ) ;
#3126 = CARTESIAN_POINT ( 'NONE',  ( 0.6092499729370461900, 0.0000000000000000000, 1.217362676867157500 ) ) ;
#3127 = CIRCLE ( 'NONE', #7138, 0.9499999999999999600 ) ;
#3128 = AXIS2_PLACEMENT_3D ( 'NONE', #1741, #2285, #6959 ) ;
#3129 = CARTESIAN_POINT ( 'NONE',  ( -1.500000000000000000, -0.8800000000000000000, 1.000000000000000000 ) ) ;
#3130 = ORIENTED_EDGE ( 'NONE', *, *, #6113, .T. ) ;
#3131 = ORIENTED_EDGE ( 'NONE', *, *, #6279, .F. ) ;
#3132 = ORIENTED_EDGE ( 'NONE', *, *, #7392, .T. ) ;
#3133 = DIRECTION ( 'NONE',  ( -1.000000000000000000, 0.0000000000000000000, 0.0000000000000000000 ) ) ;
#3134 = CARTESIAN_POINT ( 'NONE',  ( 0.6603828416892078000, -0.9499999999999999600, -1.350000000000000100 ) ) ;
#3135 = VECTOR ( 'NONE', #1174, 999.9999999999998900 ) ;
#3136 = ORIENTED_EDGE ( 'NONE', *, *, #5768, .F. ) ;
#3137 = VERTEX_POINT ( 'NONE', #5293 ) ;
#3138 = CARTESIAN_POINT ( 'NONE',  ( -1.096148662824762300, -0.9499999999999999600, -1.217574864917437600 ) ) ;
#3139 = VERTEX_POINT ( 'NONE', #4075 ) ;
#3140 = CARTESIAN_POINT ( 'NONE',  ( 0.7010740004227079500, -0.1000000000000000100, -1.350000000000000300 ) ) ;
#3141 = ADVANCED_FACE ( 'NONE', ( #3203 ), #839, .T. ) ;
#3142 = EDGE_CURVE ( 'NONE', #2305, #7494, #2379, .T. ) ;
#3143 = EDGE_LOOP ( 'NONE', ( #1806, #7273, #2294, #4512, #6018 ) ) ;
#3144 = AXIS2_PLACEMENT_3D ( 'NONE', #3352, #2772, #6874 ) ;
#3145 = DIRECTION ( 'NONE',  ( -6.151150412723322900E-016, 3.491481338843133400E-015, -1.000000000000000000 ) ) ;
#3146 = CARTESIAN_POINT ( 'NONE',  ( -1.096148662824762300, -0.5900400513188783800, -1.052476713040993800 ) ) ;
#3147 = VECTOR ( 'NONE', #3574, 1000.000000000000000 ) ;
#3148 = DIRECTION ( 'NONE',  ( -1.000000000000000000, 0.0000000000000000000, 0.0000000000000000000 ) ) ;
#3149 = ORIENTED_EDGE ( 'NONE', *, *, #72, .T. ) ;
#3150 = FACE_OUTER_BOUND ( 'NONE', #6309, .T. ) ;
#3151 = DIRECTION ( 'NONE',  ( -0.0000000000000000000, 1.000000000000000000, -0.0000000000000000000 ) ) ;
#3152 = EDGE_CURVE ( 'NONE', #6007, #3158, #5319, .T. ) ;
#3153 = LINE ( 'NONE', #7577, #6655 ) ;
#3154 = CARTESIAN_POINT ( 'NONE',  ( -1.607764218758668300, -0.1901596886722744800, -0.2971295284267666500 ) ) ;
#3155 = EDGE_CURVE ( 'NONE', #3693, #183, #3755, .T. ) ;
#3156 = CIRCLE ( 'NONE', #5130, 0.09999999999999999200 ) ;
#3157 = CARTESIAN_POINT ( 'NONE',  ( 1.450000000000000200, -0.9499999999999999600, 0.6653012290366859800 ) ) ;
#3158 = VERTEX_POINT ( 'NONE', #2927 ) ;
#3159 = CARTESIAN_POINT ( 'NONE',  ( -0.9500000000000000700, -1.000000000000000000, 1.165301229036686000 ) ) ;
#3160 = ORIENTED_EDGE ( 'NONE', *, *, #6841, .T. ) ;
#3161 = VECTOR ( 'NONE', #271, 1000.000000000000000 ) ;
#3162 = VERTEX_POINT ( 'NONE', #1841 ) ;
#3163 = CARTESIAN_POINT ( 'NONE',  ( 0.6160084377254023700, -0.9462283102242968800, 1.350000000000000300 ) ) ;
#3164 = ORIENTED_EDGE ( 'NONE', *, *, #884, .T. ) ;
#3165 = AXIS2_PLACEMENT_3D ( 'NONE', #6818, #2712, #6184 ) ;
#3166 = CARTESIAN_POINT ( 'NONE',  ( 0.6603828416892078000, -0.9499999999999999600, -1.350000000000000100 ) ) ;
#3167 = CARTESIAN_POINT ( 'NONE',  ( -1.450893303781768000, -0.1000000000000000100, 1.866607263856683100 ) ) ;
#3168 = EDGE_CURVE ( 'NONE', #3693, #4649, #3567, .T. ) ;
#3169 = DIRECTION ( 'NONE',  ( -1.000000000000000000, 0.0000000000000000000, -6.151150412723322900E-016 ) ) ;
#3170 = VERTEX_POINT ( 'NONE', #4707 ) ;
#3171 = EDGE_LOOP ( 'NONE', ( #1475, #7527, #337, #4458 ) ) ;
#3172 = DIRECTION ( 'NONE',  ( 2.372876381782987800E-016, 0.0000000000000000000, 1.000000000000000000 ) ) ;
#3173 = ORIENTED_EDGE ( 'NONE', *, *, #6702, .F. ) ;
#3174 = CARTESIAN_POINT ( 'NONE',  ( -1.053594130719925500, -0.1499999999999999700, 1.200000000000000600 ) ) ;
#3175 = LINE ( 'NONE', #5928, #2997 ) ;
#3176 = AXIS2_PLACEMENT_3D ( 'NONE', #1511, #5582, #7335 ) ;
#3177 = VECTOR ( 'NONE', #6305, 1000.000000000000000 ) ;
#3178 = VERTEX_POINT ( 'NONE', #1816 ) ;
#3179 = ADVANCED_FACE ( 'NONE', ( #1651 ), #6530, .T. ) ;
#3180 = DIRECTION ( 'NONE',  ( 1.000000000000000000, 0.0000000000000000000, 0.0000000000000000000 ) ) ;
#3181 = EDGE_CURVE ( 'NONE', #4867, #5273, #1198, .T. ) ;
#3182 = PLANE ( 'NONE',  #1732 ) ;
#3183 = VECTOR ( 'NONE', #116, 1000.000000000000000 ) ;
#3184 = FACE_OUTER_BOUND ( 'NONE', #896, .T. ) ;
#3185 = DIRECTION ( 'NONE',  ( -3.928366239855319300E-016, 0.0000000000000000000, 1.000000000000000000 ) ) ;
#3186 = CARTESIAN_POINT ( 'NONE',  ( 1.447527658732871600, -0.5310819161150366300, 1.350000000000002300 ) ) ;
#3187 = EDGE_CURVE ( 'NONE', #3477, #205, #1387, .T. ) ;
#3188 = FACE_OUTER_BOUND ( 'NONE', #4445, .T. ) ;
#3189 = AXIS2_PLACEMENT_3D ( 'NONE', #4800, #3632, #4225 ) ;
#3190 = PLANE ( 'NONE',  #5930 ) ;
#3191 = ORIENTED_EDGE ( 'NONE', *, *, #1617, .F. ) ;
#3192 = CARTESIAN_POINT ( 'NONE',  ( -1.745395374870707400, -0.7493526410928823500, 0.005376450193525712400 ) ) ;
#3193 = DIRECTION ( 'NONE',  ( -0.0000000000000000000, 1.000000000000000000, 0.0000000000000000000 ) ) ;
#3194 = CARTESIAN_POINT ( 'NONE',  ( -1.600000000000000100, -0.1000000000000000100, -0.4459031131721494200 ) ) ;
#3195 = DIRECTION ( 'NONE',  ( 0.0000000000000000000, 0.7071067811865454600, 0.7071067811865495700 ) ) ;
#3196 = EDGE_CURVE ( 'NONE', #3372, #180, #7255, .T. ) ;
#3197 = CARTESIAN_POINT ( 'NONE',  ( -1.500000000000000000, -0.1000000000000000100, 1.836970198721030200E-016 ) ) ;
#3198 = VECTOR ( 'NONE', #5747, 1000.000000000000000 ) ;
#3199 = ORIENTED_EDGE ( 'NONE', *, *, #6775, .T. ) ;
#3200 = CARTESIAN_POINT ( 'NONE',  ( 1.660223004139932000, -0.9743463534909069200, 0.2000000000000000100 ) ) ;
#3201 = EDGE_CURVE ( 'NONE', #293, #6389, #5684, .T. ) ;
#3202 = DIRECTION ( 'NONE',  ( 0.0000000000000000000, 0.0000000000000000000, -1.000000000000000000 ) ) ;
#3203 = FACE_OUTER_BOUND ( 'NONE', #3892, .T. ) ;
#3204 = ORIENTED_EDGE ( 'NONE', *, *, #7482, .T. ) ;
#3205 = SHAPE_DEFINITION_REPRESENTATION ( #681, #4109 ) ;
#3206 = ORIENTED_EDGE ( 'NONE', *, *, #289, .T. ) ;
#3207 = CARTESIAN_POINT ( 'NONE',  ( 1.750000000000000200, -0.8800000000000000000, -0.6599999999999995900 ) ) ;
#3208 = EDGE_LOOP ( 'NONE', ( #944, #6334, #972, #7346 ) ) ;
#3209 = VECTOR ( 'NONE', #993, 1000.000000000000000 ) ;
#3210 = LINE ( 'NONE', #3387, #1036 ) ;
#3211 = DIRECTION ( 'NONE',  ( 0.0000000000000000000, 1.000000000000000000, -3.461396037702079100E-015 ) ) ;
#3212 = FACE_OUTER_BOUND ( 'NONE', #1779, .T. ) ;
#3213 = ORIENTED_EDGE ( 'NONE', *, *, #766, .T. ) ;
#3214 = CARTESIAN_POINT ( 'NONE',  ( 1.750000000000000000, -0.8800000000000000000, -0.9999999999999995600 ) ) ;
#3215 = ADVANCED_FACE ( 'NONE', ( #1103 ), #3383, .F. ) ;
#3216 =( BOUNDED_CURVE ( )  B_SPLINE_CURVE ( 3, ( #5872, #1182, #554, #2940 ),
 .UNSPECIFIED., .F., .F. ) 
 B_SPLINE_CURVE_WITH_KNOTS ( ( 4, 4 ),
 ( 4.198722860032425800, 4.645592711925855800 ),
 .UNSPECIFIED. ) 
 CURVE ( )  GEOMETRIC_REPRESENTATION_ITEM ( )  RATIONAL_B_SPLINE_CURVE ( ( 1.000000000000000000, 0.9834280606980728700, 0.9834280606980728700, 1.000000000000000000 ) ) 
 REPRESENTATION_ITEM ( '' )  );
#3217 = CIRCLE ( 'NONE', #7237, 0.1879361091321884200 ) ;
#3218 = PLANE ( 'NONE',  #3319 ) ;
#3219 = AXIS2_PLACEMENT_3D ( 'NONE', #1341, #167, #728 ) ;
#3220 = CARTESIAN_POINT ( 'NONE',  ( 1.053594130719925500, -0.4810162188969698300, -1.250000000000002000 ) ) ;
#3221 = VECTOR ( 'NONE', #6857, 1000.000000000000000 ) ;
#3222 = VERTEX_POINT ( 'NONE', #4212 ) ;
#3223 = VERTEX_POINT ( 'NONE', #4263 ) ;
#3224 = EDGE_CURVE ( 'NONE', #5621, #4634, #6148, .T. ) ;
#3225 = EDGE_CURVE ( 'NONE', #6149, #375, #2104, .T. ) ;
#3226 = VECTOR ( 'NONE', #6426, 1000.000000000000000 ) ;
#3227 = ORIENTED_EDGE ( 'NONE', *, *, #7544, .F. ) ;
#3228 = DIRECTION ( 'NONE',  ( -0.0000000000000000000, 1.000000000000000000, -0.0000000000000000000 ) ) ;
#3229 = CARTESIAN_POINT ( 'NONE',  ( -1.468629210512393700, -0.4381199093104634100, -1.303465212886776100 ) ) ;
#3230 = ORIENTED_EDGE ( 'NONE', *, *, #3441, .F. ) ;
#3231 = CARTESIAN_POINT ( 'NONE',  ( 1.053594130719925500, -0.1000000000000000100, -1.190489813122816800 ) ) ;
#3232 = ORIENTED_EDGE ( 'NONE', *, *, #6960, .T. ) ;
#3233 = CARTESIAN_POINT ( 'NONE',  ( -1.500000000000000000, -0.8800000000000000000, 1.000000000000000000 ) ) ;
#3234 = CYLINDRICAL_SURFACE ( 'NONE', #1236, 0.09182402748566186000 ) ;
#3235 = ORIENTED_EDGE ( 'NONE', *, *, #4860, .F. ) ;
#3236 = CARTESIAN_POINT ( 'NONE',  ( 1.053594130719925500, -0.1499999999999999700, -1.250000000000000700 ) ) ;
#3237 = LINE ( 'NONE', #6590, #5201 ) ;
#3238 = CARTESIAN_POINT ( 'NONE',  ( 0.5165027480058548300, -0.1000000000000000100, -1.143289036108584800 ) ) ;
#3239 = VECTOR ( 'NONE', #1832, 1000.000000000000000 ) ;
#3240 = DIRECTION ( 'NONE',  ( -1.000000000000000000, 0.0000000000000000000, 0.0000000000000000000 ) ) ;
#3241 = EDGE_CURVE ( 'NONE', #5255, #7313, #1474, .T. ) ;
#3242 = AXIS2_PLACEMENT_3D ( 'NONE', #973, #3848, #2758 ) ;
#3243 = DIRECTION ( 'NONE',  ( -0.9606938009292362900, -0.2776101958792883100, 1.560208025393783100E-015 ) ) ;
#3244 = LINE ( 'NONE', #5868, #5083 ) ;
#3245 = CARTESIAN_POINT ( 'NONE',  ( -1.450000000000000200, -1.000000000000000000, 0.6653012290366859800 ) ) ;
#3246 = CARTESIAN_POINT ( 'NONE',  ( -1.096148662824762100, 0.0000000000000000000, 0.0000000000000000000 ) ) ;
#3247 = CARTESIAN_POINT ( 'NONE',  ( -1.450893303781768000, -0.1000000000000000100, 1.052476713040994000 ) ) ;
#3248 = EDGE_CURVE ( 'NONE', #71, #625, #5505, .T. ) ;
#3249 = DIRECTION ( 'NONE',  ( 0.05238247302969425300, -0.9986270958267120500, 1.283000558544752600E-017 ) ) ;
#3250 = DIRECTION ( 'NONE',  ( 0.9977699586006789600, 0.06674660825839352800, 0.0000000000000000000 ) ) ;
#3251 = ORIENTED_EDGE ( 'NONE', *, *, #912, .F. ) ;
#3252 = FACE_OUTER_BOUND ( 'NONE', #2195, .T. ) ;
#3253 = ORIENTED_EDGE ( 'NONE', *, *, #1330, .F. ) ;
#3254 = EDGE_CURVE ( 'NONE', #5689, #3546, #4581, .T. ) ;
#3255 = VERTEX_POINT ( 'NONE', #4838 ) ;
#3256 = CARTESIAN_POINT ( 'NONE',  ( 1.096148662824761900, -0.4810162188969695500, -1.350000000000001900 ) ) ;
#3257 = ADVANCED_FACE ( 'NONE', ( #7066 ), #4908, .F. ) ;
#3258 = EDGE_CURVE ( 'NONE', #1687, #443, #7345, .T. ) ;
#3259 = CARTESIAN_POINT ( 'NONE',  ( 1.500000000000000000, 0.0000000000000000000, -1.836970198721030200E-016 ) ) ;
#3260 = LINE ( 'NONE', #6259, #4077 ) ;
#3261 = ORIENTED_EDGE ( 'NONE', *, *, #4745, .T. ) ;
#3262 = ORIENTED_EDGE ( 'NONE', *, *, #6066, .T. ) ;
#3263 = ORIENTED_EDGE ( 'NONE', *, *, #5886, .F. ) ;
#3264 = FACE_OUTER_BOUND ( 'NONE', #6642, .T. ) ;
#3265 = ORIENTED_EDGE ( 'NONE', *, *, #1796, .T. ) ;
#3266 =( GEOMETRIC_REPRESENTATION_CONTEXT ( 3 ) GLOBAL_UNCERTAINTY_ASSIGNED_CONTEXT ( ( #7419 ) ) GLOBAL_UNIT_ASSIGNED_CONTEXT ( ( #1127, #1800, #4689 ) ) REPRESENTATION_CONTEXT ( 'NONE', 'WORKASPACE' ) );
#3267 = CARTESIAN_POINT ( 'NONE',  ( 1.316993844434797900, -0.1000000000000000100, 0.9733463376187478900 ) ) ;
#3268 = ORIENTED_EDGE ( 'NONE', *, *, #2197, .T. ) ;
#3269 = CARTESIAN_POINT ( 'NONE',  ( -1.316993844434797900, -0.1000000000000000100, -0.9733463376187478900 ) ) ;
#3270 = EDGE_LOOP ( 'NONE', ( #6458, #915, #2920, #162 ) ) ;
#3271 = EDGE_CURVE ( 'NONE', #7036, #2384, #286, .T. ) ;
#3272 = CARTESIAN_POINT ( 'NONE',  ( 1.447527658732871600, -0.5310819161150369700, 1.250000000000002400 ) ) ;
#3273 = VECTOR ( 'NONE', #7309, 1000.000000000000000 ) ;
#3274 = CIRCLE ( 'NONE', #1564, 0.1186968912300025000 ) ;
#3275 = DIRECTION ( 'NONE',  ( -1.667627088515393900E-017, 0.0000000000000000000, 1.000000000000000000 ) ) ;
#3276 = VECTOR ( 'NONE', #7378, 1000.000000000000000 ) ;
#3277 = ORIENTED_EDGE ( 'NONE', *, *, #6483, .F. ) ;
#3278 = ORIENTED_EDGE ( 'NONE', *, *, #3086, .T. ) ;
#3279 = CARTESIAN_POINT ( 'NONE',  ( -0.7010740004227079500, -0.5975000926685795100, -1.350000000000002100 ) ) ;
#3280 = CARTESIAN_POINT ( 'NONE',  ( -1.607764218758668300, -0.1901596886722744800, 0.2971295284267666500 ) ) ;
#3281 = LINE ( 'NONE', #7227, #7614 ) ;
#3282 = VERTEX_POINT ( 'NONE', #5478 ) ;
#3283 = DIRECTION ( 'NONE',  ( -0.9124114197061157200, -0.4092742371440823400, -1.990211349547696900E-015 ) ) ;
#3284 = AXIS2_PLACEMENT_3D ( 'NONE', #325, #347, #5003 ) ;
#3285 = DIRECTION ( 'NONE',  ( 1.000000000000000000, -0.0000000000000000000, 0.0000000000000000000 ) ) ;
#3286 = ADVANCED_FACE ( 'NONE', ( #740 ), #4776, .F. ) ;
#3287 = FACE_OUTER_BOUND ( 'NONE', #6941, .T. ) ;
#3288 = EDGE_LOOP ( 'NONE', ( #3809, #209, #2809, #7322 ) ) ;
#3289 = CARTESIAN_POINT ( 'NONE',  ( 1.447527658732871600, -0.7266680502297835400, 1.250000000000002900 ) ) ;
#3290 = DIRECTION ( 'NONE',  ( -0.08469159160178411900, 0.9964072130971135500, 2.074345731396395800E-017 ) ) ;
#3291 = ORIENTED_EDGE ( 'NONE', *, *, #1817, .T. ) ;
#3292 = EDGE_CURVE ( 'NONE', #3390, #6007, #655, .T. ) ;
#3293 = AXIS2_PLACEMENT_3D ( 'NONE', #7037, #5884, #2976 ) ;
#3294 = CIRCLE ( 'NONE', #3814, 0.04999999999999991300 ) ;
#3295 = ORIENTED_EDGE ( 'NONE', *, *, #3746, .T. ) ;
#3296 = EDGE_CURVE ( 'NONE', #6755, #3116, #103, .T. ) ;
#3297 = CARTESIAN_POINT ( 'NONE',  ( 0.0000000000000000000, -0.9676716926650677000, 0.2000000000000000100 ) ) ;
#3298 = FACE_OUTER_BOUND ( 'NONE', #256, .T. ) ;
#3299 = VERTEX_POINT ( 'NONE', #6632 ) ;
#3300 = DIRECTION ( 'NONE',  ( 0.0000000000000000000, -0.0000000000000000000, -1.000000000000000000 ) ) ;
#3301 = VECTOR ( 'NONE', #2735, 1000.000000000000000 ) ;
#3302 = CARTESIAN_POINT ( 'NONE',  ( 1.096148662824761900, -0.4810162188969695500, -1.350000000000001900 ) ) ;
#3303 = CIRCLE ( 'NONE', #5709, 0.1966079410694898100 ) ;
#3304 = LINE ( 'NONE', #7336, #669 ) ;
#3305 = VERTEX_POINT ( 'NONE', #3154 ) ;
#3306 = ORIENTED_EDGE ( 'NONE', *, *, #1139, .T. ) ;
#3307 = UNCERTAINTY_MEASURE_WITH_UNIT (LENGTH_MEASURE( 1.000000000000000100E-005 ), #6758, 'distance_accuracy_value', 'NONE');
#3308 = CARTESIAN_POINT ( 'NONE',  ( -1.376510721059179600, -0.1000000000000000100, 0.9138294609943661300 ) ) ;
#3309 = PRODUCT_CONTEXT ( 'NONE', #6143, 'mechanical' ) ;
#3310 = FACE_OUTER_BOUND ( 'NONE', #5146, .T. ) ;
#3311 = CARTESIAN_POINT ( 'NONE',  ( 1.096148662824762100, -0.4901082429140811700, 1.217574864917437800 ) ) ;
#3312 = ORIENTED_EDGE ( 'NONE', *, *, #2978, .F. ) ;
#3313 = ORIENTED_EDGE ( 'NONE', *, *, #5564, .T. ) ;
#3314 = CARTESIAN_POINT ( 'NONE',  ( 1.053594130719925500, -0.4810162188969695500, -1.350000000000001900 ) ) ;
#3315 = ORIENTED_EDGE ( 'NONE', *, *, #6106, .T. ) ;
#3316 = CARTESIAN_POINT ( 'NONE',  ( -1.499999999999999800, 0.0000000000000000000, -0.9138294609943661300 ) ) ;
#3317 = LINE ( 'NONE', #4968, #4617 ) ;
#3318 = ORIENTED_EDGE ( 'NONE', *, *, #1862, .F. ) ;
#3319 = AXIS2_PLACEMENT_3D ( 'NONE', #3686, #197, #6127 ) ;
#3320 = CARTESIAN_POINT ( 'NONE',  ( -0.7010740004227079500, 0.0000000000000000000, -1.200000000000000600 ) ) ;
#3321 = EDGE_LOOP ( 'NONE', ( #193, #5839, #3525, #4576 ) ) ;
#3322 = DIRECTION ( 'NONE',  ( 0.0000000000000000000, 0.0000000000000000000, 1.000000000000000000 ) ) ;
#3323 = VERTEX_POINT ( 'NONE', #5590 ) ;
#3324 = EDGE_CURVE ( 'NONE', #2851, #7330, #5974, .T. ) ;
#3325 = LINE ( 'NONE', #3071, #2964 ) ;
#3326 = ADVANCED_FACE ( 'NONE', ( #2473 ), #2282, .T. ) ;
#3327 = DIRECTION ( 'NONE',  ( 4.336808689942017700E-015, 0.0000000000000000000, 1.000000000000000000 ) ) ;
#3328 = EDGE_LOOP ( 'NONE', ( #7128, #3775, #5836, #2152 ) ) ;
#3329 = VECTOR ( 'NONE', #7435, 1000.000000000000000 ) ;
#3330 = DIRECTION ( 'NONE',  ( 1.000000000000000000, 0.0000000000000000000, 0.0000000000000000000 ) ) ;
#3331 = LINE ( 'NONE', #5038, #6099 ) ;
#3332 = CARTESIAN_POINT ( 'NONE',  ( -1.500000000000000200, -0.9499999999999999600, -0.6599999999999997000 ) ) ;
#3333 = CARTESIAN_POINT ( 'NONE',  ( -1.078042482630644300, -0.4381199093104634100, -1.350000000000000100 ) ) ;
#3334 = ORIENTED_EDGE ( 'NONE', *, *, #4243, .F. ) ;
#3335 = ORIENTED_EDGE ( 'NONE', *, *, #5692, .T. ) ;
#3336 = CARTESIAN_POINT ( 'NONE',  ( 0.0000000000000000000, -0.09999999999999999200, 0.3459031131721494500 ) ) ;
#3337 = EDGE_CURVE ( 'NONE', #3523, #6389, #7532, .T. ) ;
#3338 = DIRECTION ( 'NONE',  ( 0.0000000000000000000, 1.000000000000000000, 0.0000000000000000000 ) ) ;
#3339 = VERTEX_POINT ( 'NONE', #2105 ) ;
#3340 = DIRECTION ( 'NONE',  ( 0.0000000000000000000, 1.000000000000000000, 0.0000000000000000000 ) ) ;
#3341 = CARTESIAN_POINT ( 'NONE',  ( -1.500000000000000000, -0.9499999999999999600, 1.052476713040994000 ) ) ;
#3342 = LINE ( 'NONE', #4419, #6569 ) ;
#3343 = ORIENTED_EDGE ( 'NONE', *, *, #4561, .F. ) ;
#3344 = DIRECTION ( 'NONE',  ( -0.7071067811865473500, 0.0000000000000000000, 0.7071067811865477900 ) ) ;
#3345 = ORIENTED_EDGE ( 'NONE', *, *, #6423, .T. ) ;
#3346 = EDGE_CURVE ( 'NONE', #2170, #5333, #4388, .T. ) ;
#3347 = DIRECTION ( 'NONE',  ( 0.0000000000000000000, 0.0000000000000000000, -1.000000000000000000 ) ) ;
#3348 = VERTEX_POINT ( 'NONE', #6731 ) ;
#3349 = ORIENTED_EDGE ( 'NONE', *, *, #393, .T. ) ;
#3350 = CARTESIAN_POINT ( 'NONE',  ( -0.7010740004227079500, -0.1499999999999999700, -1.350000000000000300 ) ) ;
#3351 = FILL_AREA_STYLE_COLOUR ( '', #1191 ) ;
#3352 = CARTESIAN_POINT ( 'NONE',  ( 1.316993844434797700, -0.1000000000000000100, -0.9733463376187478900 ) ) ;
#3353 = CARTESIAN_POINT ( 'NONE',  ( 1.529238330770627500E-016, -0.09999999999999933900, 0.3459031131721498300 ) ) ;
#3354 = VECTOR ( 'NONE', #6033, 1000.000000000000000 ) ;
#3355 = VECTOR ( 'NONE', #2271, 1000.000000000000000 ) ;
#3356 = DIRECTION ( 'NONE',  ( 1.000000000000000000, 0.0000000000000000000, -0.0000000000000000000 ) ) ;
#3357 = VERTEX_POINT ( 'NONE', #5028 ) ;
#3358 = DIRECTION ( 'NONE',  ( 0.06674660825839379100, -0.9977699586006789600, 0.0000000000000000000 ) ) ;
#3359 = CARTESIAN_POINT ( 'NONE',  ( 1.310011812126306500, -0.4913441754571611900, 1.350000000000002100 ) ) ;
#3360 = ORIENTED_EDGE ( 'NONE', *, *, #4404, .T. ) ;
#3361 = ORIENTED_EDGE ( 'NONE', *, *, #4243, .T. ) ;
#3362 = AXIS2_PLACEMENT_3D ( 'NONE', #2183, #7442, #1105 ) ;
#3363 = DIRECTION ( 'NONE',  ( -0.05873653251975737000, -0.8780303471557444600, 0.4749870832150265300 ) ) ;
#3364 = ADVANCED_FACE ( 'NONE', ( #6140 ), #5967, .F. ) ;
#3365 = FACE_OUTER_BOUND ( 'NONE', #4420, .T. ) ;
#3366 = LINE ( 'NONE', #6388, #270 ) ;
#3367 = EDGE_CURVE ( 'NONE', #704, #1975, #4955, .T. ) ;
#3368 = CARTESIAN_POINT ( 'NONE',  ( 1.595402301803900500, -0.01878760105159637100, 0.3459031131721471700 ) ) ;
#3369 = DIRECTION ( 'NONE',  ( -1.000000000000000000, 0.0000000000000000000, 0.0000000000000000000 ) ) ;
#3370 = EDGE_CURVE ( 'NONE', #6290, #6007, #2924, .T. ) ;
#3371 = CARTESIAN_POINT ( 'NONE',  ( -3.061616997868384100E-016, -0.1000000000000000100, -1.250000000000000400 ) ) ;
#3372 = VERTEX_POINT ( 'NONE', #4435 ) ;
#3373 = AXIS2_PLACEMENT_3D ( 'NONE', #529, #1109, #5203 ) ;
#3374 = DIRECTION ( 'NONE',  ( 0.4092742371440823400, -0.9124114197061157200, -2.933916705978688800E-015 ) ) ;
#3375 = EDGE_CURVE ( 'NONE', #7453, #2485, #3027, .T. ) ;
#3376 = PLANE ( 'NONE',  #1763 ) ;
#3377 = EDGE_CURVE ( 'NONE', #2409, #2311, #3470, .T. ) ;
#3378 = DIRECTION ( 'NONE',  ( 0.9986270958267121600, -0.05238247302969426000, -2.445930952892000900E-016 ) ) ;
#3379 = ORIENTED_EDGE ( 'NONE', *, *, #3575, .T. ) ;
#3380 = PLANE ( 'NONE',  #4019 ) ;
#3381 = DIRECTION ( 'NONE',  ( -0.0000000000000000000, 1.000000000000000000, 0.0000000000000000000 ) ) ;
#3382 = EDGE_CURVE ( 'NONE', #4967, #4619, #1380, .T. ) ;
#3383 = CYLINDRICAL_SURFACE ( 'NONE', #6186, 0.04197641010088331400 ) ;
#3384 = ORIENTED_EDGE ( 'NONE', *, *, #6162, .F. ) ;
#3385 = CARTESIAN_POINT ( 'NONE',  ( -1.660223004139932000, -0.9743463534909069200, 0.2000000000000000100 ) ) ;
#3386 = AXIS2_PLACEMENT_3D ( 'NONE', #7326, #938, #897 ) ;
#3387 = CARTESIAN_POINT ( 'NONE',  ( 1.499999999999999800, -0.1000000000000000100, -0.9138294609943661300 ) ) ;
#3388 = DIRECTION ( 'NONE',  ( 0.0000000000000000000, 1.000000000000000000, -5.165768915825840900E-015 ) ) ;
#3389 = FACE_OUTER_BOUND ( 'NONE', #6478, .T. ) ;
#3390 = VERTEX_POINT ( 'NONE', #6161 ) ;
#3391 = DIRECTION ( 'NONE',  ( 0.7071067811865474600, -0.0000000000000000000, -0.7071067811865474600 ) ) ;
#3392 = EDGE_LOOP ( 'NONE', ( #5704, #4890, #4332, #615 ) ) ;
#3393 = FACE_OUTER_BOUND ( 'NONE', #3081, .T. ) ;
#3394 = DIRECTION ( 'NONE',  ( -1.000000000000000000, -0.0000000000000000000, 0.0000000000000000000 ) ) ;
#3395 = CARTESIAN_POINT ( 'NONE',  ( -1.095778389361269400, -0.1000000000000000100, 1.866607263856683100 ) ) ;
#3396 = LINE ( 'NONE', #4542, #1854 ) ;
#3397 = EDGE_CURVE ( 'NONE', #5700, #6755, #651, .T. ) ;
#3398 = FACE_OUTER_BOUND ( 'NONE', #2668, .T. ) ;
#3399 = EDGE_LOOP ( 'NONE', ( #2896, #199, #820, #7089, #2544, #7240, #6963, #6998 ) ) ;
#3400 = AXIS2_PLACEMENT_3D ( 'NONE', #4304, #3105, #4929 ) ;
#3401 = EDGE_CURVE ( 'NONE', #2727, #5700, #5677, .T. ) ;
#3402 = VECTOR ( 'NONE', #3749, 1000.000000000000000 ) ;
#3403 = DIRECTION ( 'NONE',  ( -0.0000000000000000000, 0.7071067811865454600, 0.7071067811865495700 ) ) ;
#3404 = ADVANCED_FACE ( 'NONE', ( #3287 ), #3797, .F. ) ;
#3405 = FACE_OUTER_BOUND ( 'NONE', #674, .T. ) ;
#3406 = CARTESIAN_POINT ( 'NONE',  ( -1.500000000000000000, -0.1000000000000000100, -1.836970198721030200E-016 ) ) ;
#3407 = VERTEX_POINT ( 'NONE', #5544 ) ;
#3408 = ORIENTED_EDGE ( 'NONE', *, *, #6234, .T. ) ;
#3409 = DIRECTION ( 'NONE',  ( 0.0000000000000000000, 1.000000000000000000, 0.0000000000000000000 ) ) ;
#3410 = VECTOR ( 'NONE', #5270, 1000.000000000000000 ) ;
#3411 = VERTEX_POINT ( 'NONE', #2670 ) ;
#3412 = CARTESIAN_POINT ( 'NONE',  ( -1.500000000000000000, -0.9499999999999999600, 1.052476713040994000 ) ) ;
#3413 = AXIS2_PLACEMENT_3D ( 'NONE', #354, #917, #2654 ) ;
#3414 = ORIENTED_EDGE ( 'NONE', *, *, #760, .F. ) ;
#3415 = CARTESIAN_POINT ( 'NONE',  ( 1.450000000000000200, -0.9499999999999999600, 0.6653012290366859800 ) ) ;
#3416 = EDGE_CURVE ( 'NONE', #4911, #7372, #1932, .T. ) ;
#3417 = VECTOR ( 'NONE', #1581, 1000.000000000000000 ) ;
#3418 = DIRECTION ( 'NONE',  ( -1.000000000000000000, 0.0000000000000000000, 0.0000000000000000000 ) ) ;
#3419 = VERTEX_POINT ( 'NONE', #6753 ) ;
#3420 = FACE_OUTER_BOUND ( 'NONE', #3328, .T. ) ;
#3421 = CARTESIAN_POINT ( 'NONE',  ( -1.096148662824762300, -0.4381199093104634600, -1.217574864917437600 ) ) ;
#3422 = LINE ( 'NONE', #3830, #2610 ) ;
#3423 = EDGE_CURVE ( 'NONE', #2818, #1529, #4575, .T. ) ;
#3424 = DIRECTION ( 'NONE',  ( 0.0000000000000000000, 1.000000000000000000, 0.0000000000000000000 ) ) ;
#3425 = VECTOR ( 'NONE', #496, 1000.000000000000000 ) ;
#3426 = DIRECTION ( 'NONE',  ( 6.151150412723322900E-016, -0.0000000000000000000, -1.000000000000000000 ) ) ;
#3427 = DIRECTION ( 'NONE',  ( -2.449293598294706400E-016, 0.0000000000000000000, 1.000000000000000000 ) ) ;
#3428 = EDGE_CURVE ( 'NONE', #3223, #7213, #1875, .T. ) ;
#3429 = ORIENTED_EDGE ( 'NONE', *, *, #2111, .T. ) ;
#3430 = PLANE ( 'NONE',  #498 ) ;
#3431 = LINE ( 'NONE', #6119, #5468 ) ;
#3432 = ORIENTED_EDGE ( 'NONE', *, *, #6866, .F. ) ;
#3433 = ORIENTED_EDGE ( 'NONE', *, *, #140, .T. ) ;
#3434 = DIRECTION ( 'NONE',  ( 0.0000000000000000000, 0.0000000000000000000, 1.000000000000000000 ) ) ;
#3435 = CARTESIAN_POINT ( 'NONE',  ( 1.095778389361269400, -0.1000000000000000100, 1.866607263856683100 ) ) ;
#3436 = CARTESIAN_POINT ( 'NONE',  ( 1.450000000000000400, -1.000000000000000000, -0.6653012290366856500 ) ) ;
#3437 = VECTOR ( 'NONE', #1868, 1000.000000000000000 ) ;
#3438 = VERTEX_POINT ( 'NONE', #1596 ) ;
#3439 = VERTEX_POINT ( 'NONE', #2646 ) ;
#3440 = ADVANCED_FACE ( 'NONE', ( #1289 ), #6849, .T. ) ;
#3441 = EDGE_CURVE ( 'NONE', #7330, #3158, #1555, .T. ) ;
#3442 = ORIENTED_EDGE ( 'NONE', *, *, #1343, .F. ) ;
#3443 = AXIS2_PLACEMENT_3D ( 'NONE', #4807, #689, #6525 ) ;
#3444 = CARTESIAN_POINT ( 'NONE',  ( -0.6603828416892078000, -0.4241578738305969400, -1.350000000000000100 ) ) ;
#3445 = CARTESIAN_POINT ( 'NONE',  ( 0.0000000000000000000, -0.8800000000000000000, 0.0000000000000000000 ) ) ;
#3446 = LINE ( 'NONE', #6353, #2629 ) ;
#3447 = PLANE ( 'NONE',  #6405 ) ;
#3448 = VERTEX_POINT ( 'NONE', #5049 ) ;
#3449 = ADVANCED_FACE ( 'NONE', ( #1646 ), #5153, .F. ) ;
#3450 = CARTESIAN_POINT ( 'NONE',  ( 0.6156878555317636400, -0.9499999999999999600, -1.217574864917437600 ) ) ;
#3451 = ORIENTED_EDGE ( 'NONE', *, *, #6407, .F. ) ;
#3452 = ORIENTED_EDGE ( 'NONE', *, *, #5738, .T. ) ;
#3453 = DIRECTION ( 'NONE',  ( -1.000000000000000000, -0.0000000000000000000, 0.0000000000000000000 ) ) ;
#3454 = FACE_OUTER_BOUND ( 'NONE', #1658, .T. ) ;
#3455 = FILL_AREA_STYLE ('',( #3351 ) ) ;
#3456 = CIRCLE ( 'NONE', #7034, 0.05941126440084723600 ) ;
#3457 = DIRECTION ( 'NONE',  ( -2.449293598294706400E-016, 0.0000000000000000000, 1.000000000000000000 ) ) ;
#3458 = CARTESIAN_POINT ( 'NONE',  ( 1.257582580033950400, 0.0000000000000000000, 1.098665785637154900 ) ) ;
#3459 = VERTEX_POINT ( 'NONE', #3885 ) ;
#3460 = ORIENTED_EDGE ( 'NONE', *, *, #3682, .T. ) ;
#3461 = DIRECTION ( 'NONE',  ( -2.592963218374910500E-032, 1.000000000000000000, -1.092751075564479400E-016 ) ) ;
#3462 = PRESENTATION_STYLE_ASSIGNMENT (( #1479 ) ) ;
#3463 = CARTESIAN_POINT ( 'NONE',  ( -1.096148662824762300, -0.9499999999999999600, -1.052476713040993800 ) ) ;
#3464 = CARTESIAN_POINT ( 'NONE',  ( 1.388759507161886800, -0.7854362018007680100, -1.350000000000003200 ) ) ;
#3465 = VERTEX_POINT ( 'NONE', #6871 ) ;
#3466 = EDGE_CURVE ( 'NONE', #6270, #5079, #6236, .T. ) ;
#3467 = PLANE ( 'NONE',  #3514 ) ;
#3468 = CARTESIAN_POINT ( 'NONE',  ( -1.760000000000000000, -0.9676716926650675800, 0.2000000000000000100 ) ) ;
#3469 = DIRECTION ( 'NONE',  ( 0.0000000000000000000, 1.000000000000000000, 0.0000000000000000000 ) ) ;
#3470 = LINE ( 'NONE', #5613, #835 ) ;
#3471 = ORIENTED_EDGE ( 'NONE', *, *, #7012, .T. ) ;
#3472 = LINE ( 'NONE', #2452, #5780 ) ;
#3473 = EDGE_LOOP ( 'NONE', ( #7071, #1344, #3278, #7043, #259, #6115, #656, #5190, #4274, #1284, #3084, #1090 ) ) ;
#3474 = LINE ( 'NONE', #1551, #7541 ) ;
#3475 = DIRECTION ( 'NONE',  ( 0.0000000000000000000, -9.757819552369557300E-015, 1.000000000000000000 ) ) ;
#3476 = LINE ( 'NONE', #599, #1939 ) ;
#3477 = VERTEX_POINT ( 'NONE', #1546 ) ;
#3478 = DIRECTION ( 'NONE',  ( -0.03706543680213381800, 0.7066208861173978200, 0.7066208861173936000 ) ) ;
#3479 = ADVANCED_FACE ( 'NONE', ( #559 ), #6289, .F. ) ;
#3480 = EDGE_CURVE ( 'NONE', #205, #4936, #6060, .T. ) ;
#3481 = CARTESIAN_POINT ( 'NONE',  ( -1.607764218758668300, -0.1901596886722744800, -0.2971295284267666500 ) ) ;
#3482 = FACE_OUTER_BOUND ( 'NONE', #3587, .T. ) ;
#3483 = DIRECTION ( 'NONE',  ( 6.151150412723322900E-016, -3.491481338843133400E-015, -1.000000000000000000 ) ) ;
#3484 = VECTOR ( 'NONE', #1930, 1000.000000000000100 ) ;
#3485 = DIRECTION ( 'NONE',  ( -0.0000000000000000000, 1.000000000000000000, 0.0000000000000000000 ) ) ;
#3486 = LINE ( 'NONE', #1783, #2123 ) ;
#3487 = EDGE_LOOP ( 'NONE', ( #5754, #4638, #2931, #5382 ) ) ;
#3488 = ORIENTED_EDGE ( 'NONE', *, *, #121, .F. ) ;
#3489 = CARTESIAN_POINT ( 'NONE',  ( 1.095778389361269800, -0.1000000000000000100, -1.866607263856682900 ) ) ;
#3490 = LINE ( 'NONE', #4267, #4888 ) ;
#3491 = ORIENTED_EDGE ( 'NONE', *, *, #1281, .T. ) ;
#3492 = CARTESIAN_POINT ( 'NONE',  ( -1.094272957940848100, -0.1286997638788319200, 1.278699763878832200 ) ) ;
#3493 = ORIENTED_EDGE ( 'NONE', *, *, #2319, .T. ) ;
#3494 = ORIENTED_EDGE ( 'NONE', *, *, #5857, .F. ) ;
#3495 = DIRECTION ( 'NONE',  ( -2.449293598294706400E-016, 0.0000000000000000000, 1.000000000000000000 ) ) ;
#3496 = LINE ( 'NONE', #2043, #3059 ) ;
#3497 = ORIENTED_EDGE ( 'NONE', *, *, #6460, .F. ) ;
#3498 = DIRECTION ( 'NONE',  ( -6.151150412723318900E-016, -3.491481338843133400E-015, 1.000000000000000000 ) ) ;
#3499 = VERTEX_POINT ( 'NONE', #5126 ) ;
#3500 = DIRECTION ( 'NONE',  ( 6.151150412723322900E-016, 3.491481338843133400E-015, 1.000000000000000000 ) ) ;
#3501 = ORIENTED_EDGE ( 'NONE', *, *, #6489, .F. ) ;
#3502 = CARTESIAN_POINT ( 'NONE',  ( 0.7010740004227080700, -0.1499999999999999700, -1.250000000000000400 ) ) ;
#3503 = LINE ( 'NONE', #7209, #1964 ) ;
#3504 = DIRECTION ( 'NONE',  ( 1.000000000000000000, 0.0000000000000000000, -0.0000000000000000000 ) ) ;
#3505 = ORIENTED_EDGE ( 'NONE', *, *, #1693, .F. ) ;
#3506 = FACE_OUTER_BOUND ( 'NONE', #4901, .T. ) ;
#3507 = DIRECTION ( 'NONE',  ( 0.0000000000000000000, 0.0000000000000000000, 1.000000000000000000 ) ) ;
#3508 = PLANE ( 'NONE',  #6685 ) ;
#3509 = EDGE_CURVE ( 'NONE', #7170, #1347, #6610, .T. ) ;
#3510 = LINE ( 'NONE', #5774, #5464 ) ;
#3511 = CARTESIAN_POINT ( 'NONE',  ( -1.257582580033950400, -0.1000000000000000100, -1.098665785637154900 ) ) ;
#3512 = VECTOR ( 'NONE', #3469, 1000.000000000000000 ) ;
#3513 = ORIENTED_EDGE ( 'NONE', *, *, #3428, .F. ) ;
#3514 = AXIS2_PLACEMENT_3D ( 'NONE', #4082, #6429, #4744 ) ;
#3515 = DIRECTION ( 'NONE',  ( 1.000000000000000000, 0.0000000000000000000, -0.0000000000000000000 ) ) ;
#3516 = EDGE_CURVE ( 'NONE', #307, #5290, #5034, .T. ) ;
#3517 = ORIENTED_EDGE ( 'NONE', *, *, #1984, .T. ) ;
#3518 = DIRECTION ( 'NONE',  ( 0.0000000000000000000, 0.0000000000000000000, -1.000000000000000000 ) ) ;
#3519 = CARTESIAN_POINT ( 'NONE',  ( 1.766200667084217400, -0.5900400513188783800, -1.052476713040993600 ) ) ;
#3520 = ADVANCED_FACE ( 'NONE', ( #4674 ), #7433, .F. ) ;
#3521 = VERTEX_POINT ( 'NONE', #7424 ) ;
#3522 = LINE ( 'NONE', #37, #4640 ) ;
#3523 = VERTEX_POINT ( 'NONE', #984 ) ;
#3524 = PLANE ( 'NONE',  #7009 ) ;
#3525 = ORIENTED_EDGE ( 'NONE', *, *, #886, .T. ) ;
#3526 = EDGE_CURVE ( 'NONE', #3521, #4721, #2010, .T. ) ;
#3527 = DIRECTION ( 'NONE',  ( -1.000000000000000000, -4.386345538393100600E-016, -2.372876381782988300E-016 ) ) ;
#3528 = FACE_OUTER_BOUND ( 'NONE', #1989, .T. ) ;
#3529 = CARTESIAN_POINT ( 'NONE',  ( -1.600000000000000100, -0.02110947949653460600, -0.3459031131721493900 ) ) ;
#3530 = ORIENTED_EDGE ( 'NONE', *, *, #819, .F. ) ;
#3531 = VERTEX_POINT ( 'NONE', #2159 ) ;
#3532 = DIRECTION ( 'NONE',  ( 0.0000000000000000000, 0.0000000000000000000, 1.000000000000000000 ) ) ;
#3533 = CARTESIAN_POINT ( 'NONE',  ( 1.096148662824762300, -0.4381199093104634100, -1.303465212886776500 ) ) ;
#3534 = VECTOR ( 'NONE', #1701, 1000.000000000000000 ) ;
#3535 = CARTESIAN_POINT ( 'NONE',  ( -0.8890101095548963400, -0.5975000926685797300, 1.250000000000002200 ) ) ;
#3536 = EDGE_CURVE ( 'NONE', #1503, #1707, #2565, .T. ) ;
#3537 = ORIENTED_EDGE ( 'NONE', *, *, #1466, .T. ) ;
#3538 = AXIS2_PLACEMENT_3D ( 'NONE', #3371, #386, #5096 ) ;
#3539 = MANIFOLD_SOLID_BREP ( 'Mirror3[1]', #1960 ) ;
#3540 = CARTESIAN_POINT ( 'NONE',  ( -0.5000000000000000000, -0.1000000000000000100, 0.0000000000000000000 ) ) ;
#3541 = DIRECTION ( 'NONE',  ( 0.0000000000000000000, 1.000000000000000000, 0.0000000000000000000 ) ) ;
#3542 = EDGE_CURVE ( 'NONE', #4152, #5482, #4950, .T. ) ;
#3543 = VERTEX_POINT ( 'NONE', #5670 ) ;
#3544 = VERTEX_POINT ( 'NONE', #6974 ) ;
#3545 = CARTESIAN_POINT ( 'NONE',  ( -0.6092499729370461900, -0.1000000000000000100, 1.098665785637154700 ) ) ;
#3546 = VERTEX_POINT ( 'NONE', #6412 ) ;
#3547 = CARTESIAN_POINT ( 'NONE',  ( -1.500000000000000000, -0.1000000000000000100, -1.836970198721030200E-016 ) ) ;
#3548 = LINE ( 'NONE', #118, #4186 ) ;
#3549 = CARTESIAN_POINT ( 'NONE',  ( -0.6603828416892078000, -0.1000000000000000100, -1.217574864917437600 ) ) ;
#3550 = LINE ( 'NONE', #4519, #2825 ) ;
#3551 = DIRECTION ( 'NONE',  ( -0.0000000000000000000, -1.000000000000000000, 0.0000000000000000000 ) ) ;
#3552 = CARTESIAN_POINT ( 'NONE',  ( 1.096148662824762300, -0.5900400513188783800, -1.052476713040993800 ) ) ;
#3553 = CARTESIAN_POINT ( 'NONE',  ( 1.257582580033950400, 0.0000000000000000000, -1.098665785637154900 ) ) ;
#3554 = ORIENTED_EDGE ( 'NONE', *, *, #4048, .T. ) ;
#3555 = AXIS2_PLACEMENT_3D ( 'NONE', #561, #1142, #5265 ) ;
#3556 = CARTESIAN_POINT ( 'NONE',  ( -1.053594130719925500, -0.4810162188969695500, -1.350000000000001900 ) ) ;
#3557 = DIRECTION ( 'NONE',  ( 0.0000000000000000000, 0.8795488711249709300, -0.4758085574081127900 ) ) ;
#3558 = CARTESIAN_POINT ( 'NONE',  ( 1.316993844434797700, -0.1000000000000000100, -1.039254521236307600 ) ) ;
#3559 = EDGE_CURVE ( 'NONE', #3178, #5827, #1010, .T. ) ;
#3560 = DIRECTION ( 'NONE',  ( -2.449293598294706400E-016, 0.0000000000000000000, 1.000000000000000000 ) ) ;
#3561 = ADVANCED_FACE ( 'NONE', ( #7059 ), #7553, .F. ) ;
#3562 = CIRCLE ( 'NONE', #3373, 0.04197641010088325900 ) ;
#3563 = VERTEX_POINT ( 'NONE', #5772 ) ;
#3564 = ADVANCED_FACE ( 'NONE', ( #279 ), #2254, .F. ) ;
#3565 = DIRECTION ( 'NONE',  ( 0.0000000000000000000, -1.000000000000000000, 3.491481338843133400E-015 ) ) ;
#3566 = DIRECTION ( 'NONE',  ( -2.282530889443167000E-016, 0.0000000000000000000, -1.000000000000000000 ) ) ;
#3567 = LINE ( 'NONE', #643, #4216 ) ;
#3568 = EDGE_CURVE ( 'NONE', #2384, #3543, #3562, .T. ) ;
#3569 = ORIENTED_EDGE ( 'NONE', *, *, #3031, .F. ) ;
#3570 = CARTESIAN_POINT ( 'NONE',  ( -1.500000000000000000, 0.0000000000000000000, -0.4459031131721494200 ) ) ;
#3571 = CIRCLE ( 'NONE', #874, 0.1499999999999999700 ) ;
#3572 = ORIENTED_EDGE ( 'NONE', *, *, #5237, .F. ) ;
#3573 = ORIENTED_EDGE ( 'NONE', *, *, #2022, .T. ) ;
#3574 = DIRECTION ( 'NONE',  ( 1.469354956161540100E-031, 1.000000000000000000, -3.491481338843133400E-015 ) ) ;
#3575 = EDGE_CURVE ( 'NONE', #4721, #7440, #6514, .T. ) ;
#3576 = LINE ( 'NONE', #3973, #2025 ) ;
#3577 = AXIS2_PLACEMENT_3D ( 'NONE', #1554, #5654, #2141 ) ;
#3578 = CARTESIAN_POINT ( 'NONE',  ( -1.448899998941666900, -0.06199934618514674200, 1.211999346185147500 ) ) ;
#3579 = LINE ( 'NONE', #4279, #4499 ) ;
#3580 = PLANE ( 'NONE',  #7293 ) ;
#3581 = CARTESIAN_POINT ( 'NONE',  ( 1.257582580033950400, -0.1000000000000000100, 1.098665785637154900 ) ) ;
#3582 = CIRCLE ( 'NONE', #415, 0.05941126440084723600 ) ;
#3583 = EDGE_LOOP ( 'NONE', ( #3958, #5247, #5563, #436 ) ) ;
#3584 = CARTESIAN_POINT ( 'NONE',  ( -1.053594130719925500, -0.1499999999999999700, 1.200000000000000600 ) ) ;
#3585 = DIRECTION ( 'NONE',  ( 0.05873653251975737000, -0.8780303471557444600, 0.4749870832150265300 ) ) ;
#3586 = VECTOR ( 'NONE', #2035, 1000.000000000000000 ) ;
#3587 = EDGE_LOOP ( 'NONE', ( #2934, #5097, #3345, #7400, #2701, #1592 ) ) ;
#3588 = VECTOR ( 'NONE', #5995, 1000.000000000000000 ) ;
#3589 = ORIENTED_EDGE ( 'NONE', *, *, #2596, .T. ) ;
#3590 = ORIENTED_EDGE ( 'NONE', *, *, #2564, .T. ) ;
#3591 = AXIS2_PLACEMENT_3D ( 'NONE', #6320, #1601, #2828 ) ;
#3592 = CARTESIAN_POINT ( 'NONE',  ( -1.500000000000000200, -0.8800000000000000000, -0.9999999999999995600 ) ) ;
#3593 = DIRECTION ( 'NONE',  ( 0.0000000000000000000, 1.000000000000000000, 0.0000000000000000000 ) ) ;
#3594 = EDGE_CURVE ( 'NONE', #7611, #5179, #1839, .T. ) ;
#3595 = VECTOR ( 'NONE', #4658, 1000.000000000000000 ) ;
#3596 = DIRECTION ( 'NONE',  ( -6.151150412723322900E-016, -3.491481338843133400E-015, 1.000000000000000000 ) ) ;
#3597 = ORIENTED_EDGE ( 'NONE', *, *, #803, .F. ) ;
#3598 = VERTEX_POINT ( 'NONE', #1702 ) ;
#3599 = CARTESIAN_POINT ( 'NONE',  ( 1.766200667084217400, -0.5900400513188783800, -1.052476713040993600 ) ) ;
#3600 = PLANE ( 'NONE',  #4717 ) ;
#3601 = CARTESIAN_POINT ( 'NONE',  ( 1.310011812126306500, -0.4913441754571615200, -1.250000000000002000 ) ) ;
#3602 = FACE_OUTER_BOUND ( 'NONE', #1954, .T. ) ;
#3603 = ORIENTED_EDGE ( 'NONE', *, *, #1100, .T. ) ;
#3604 = CARTESIAN_POINT ( 'NONE',  ( 0.7010740004227079500, -0.5975000926685795100, -1.350000000000002100 ) ) ;
#3605 = ADVANCED_FACE ( 'NONE', ( #6699 ), #5796, .F. ) ;
#3606 = LINE ( 'NONE', #2144, #2519 ) ;
#3607 = CARTESIAN_POINT ( 'NONE',  ( 1.607764218758668300, -0.1901596886722744800, -0.2971295284267666500 ) ) ;
#3608 = CARTESIAN_POINT ( 'NONE',  ( -1.447527658732871600, -0.7266680502297835400, -1.250000000000002900 ) ) ;
#3609 = DIRECTION ( 'NONE',  ( 0.0000000000000000000, 0.0000000000000000000, -1.000000000000000000 ) ) ;
#3610 = CYLINDRICAL_SURFACE ( 'NONE', #5355, 0.09660794106948976400 ) ;
#3611 = CARTESIAN_POINT ( 'NONE',  ( -0.8890101095548962300, -0.7854362018007679000, -1.350000000000003000 ) ) ;
#3612 = CARTESIAN_POINT ( 'NONE',  ( 0.6603828416892078000, -0.9499999999999999600, -1.217574864917437600 ) ) ;
#3613 = DIRECTION ( 'NONE',  ( 0.0000000000000000000, 1.000000000000000000, 0.0000000000000000000 ) ) ;
#3614 = CIRCLE ( 'NONE', #1167, 0.05876815157098477100 ) ;
#3615 = CARTESIAN_POINT ( 'NONE',  ( 0.7010740004227079500, -0.1000000000000000100, -1.200000000000000600 ) ) ;
#3616 = CARTESIAN_POINT ( 'NONE',  ( 1.096148662824762100, -0.9499999999999999600, 1.052476713040994000 ) ) ;
#3617 = EDGE_CURVE ( 'NONE', #2246, #2711, #1097, .T. ) ;
#3618 = VERTEX_POINT ( 'NONE', #4397 ) ;
#3619 = EDGE_CURVE ( 'NONE', #6451, #6217, #2650, .T. ) ;
#3620 = VECTOR ( 'NONE', #1484, 1000.000000000000000 ) ;
#3621 = ORIENTED_EDGE ( 'NONE', *, *, #3975, .F. ) ;
#3622 = CARTESIAN_POINT ( 'NONE',  ( 1.511371717397266700, 0.0000000000000000000, 0.3995886713259308400 ) ) ;
#3623 = ORIENTED_EDGE ( 'NONE', *, *, #1212, .F. ) ;
#3624 = DIRECTION ( 'NONE',  ( 0.0000000000000000000, -1.000000000000000000, -3.461396037702079900E-015 ) ) ;
#3625 = DIRECTION ( 'NONE',  ( -0.9606938009292362900, -0.2776101958792883100, 1.560208025393783100E-015 ) ) ;
#3626 = LINE ( 'NONE', #5695, #4833 ) ;
#3627 = DIRECTION ( 'NONE',  ( 0.0000000000000000000, 0.0000000000000000000, 1.000000000000000000 ) ) ;
#3628 = ORIENTED_EDGE ( 'NONE', *, *, #1448, .T. ) ;
#3629 = ORIENTED_EDGE ( 'NONE', *, *, #5397, .F. ) ;
#3630 = DIRECTION ( 'NONE',  ( -1.000000000000000000, 0.0000000000000000000, 2.449293598294706400E-016 ) ) ;
#3631 = EDGE_LOOP ( 'NONE', ( #3429, #6198, #4862, #7508 ) ) ;
#3632 = DIRECTION ( 'NONE',  ( 1.000000000000000000, -2.045878355624262200E-030, 6.151150412723322900E-016 ) ) ;
#3633 = CARTESIAN_POINT ( 'NONE',  ( 1.316993844434797700, -0.1000000000000000100, 0.9733463376187478900 ) ) ;
#3634 = CARTESIAN_POINT ( 'NONE',  ( -1.447527658732871600, -0.5310819161150366300, 1.350000000000002300 ) ) ;
#3635 = CARTESIAN_POINT ( 'NONE',  ( 1.096148662824762100, -0.4381199093104634100, 1.303465212886776700 ) ) ;
#3636 = VECTOR ( 'NONE', #5119, 999.9999999999998900 ) ;
#3637 = VERTEX_POINT ( 'NONE', #2682 ) ;
#3638 = EDGE_CURVE ( 'NONE', #4748, #1363, #3331, .T. ) ;
#3639 = DIRECTION ( 'NONE',  ( -0.0000000000000000000, -0.0000000000000000000, -1.000000000000000000 ) ) ;
#3640 = AXIS2_PLACEMENT_3D ( 'NONE', #326, #5576, #5008 ) ;
#3641 = ORIENTED_EDGE ( 'NONE', *, *, #1080, .F. ) ;
#3642 = EDGE_CURVE ( 'NONE', #625, #503, #2971, .T. ) ;
#3643 = VECTOR ( 'NONE', #7287, 1000.000000000000000 ) ;
#3644 = FACE_OUTER_BOUND ( 'NONE', #4616, .T. ) ;
#3645 = ADVANCED_FACE ( 'NONE', ( #6920 ), #4995, .T. ) ;
#3646 = CARTESIAN_POINT ( 'NONE',  ( 1.388759507161886800, -0.7854362018007680100, 1.350000000000003200 ) ) ;
#3647 = LINE ( 'NONE', #3025, #2457 ) ;
#3648 = DIRECTION ( 'NONE',  ( 0.0000000000000000000, 0.0000000000000000000, 1.000000000000000000 ) ) ;
#3649 = ORIENTED_EDGE ( 'NONE', *, *, #1566, .T. ) ;
#3650 = DIRECTION ( 'NONE',  ( 1.000000000000000000, 2.147662687844072100E-030, 6.151150412723322900E-016 ) ) ;
#3651 = EDGE_CURVE ( 'NONE', #1529, #2643, #7296, .T. ) ;
#3652 = ORIENTED_EDGE ( 'NONE', *, *, #7098, .T. ) ;
#3653 = CARTESIAN_POINT ( 'NONE',  ( -1.376510721059179600, -0.1000000000000000100, -0.9138294609943661300 ) ) ;
#3654 = EDGE_CURVE ( 'NONE', #2897, #1563, #505, .T. ) ;
#3655 = LINE ( 'NONE', #4596, #2095 ) ;
#3656 = DIRECTION ( 'NONE',  ( 0.0000000000000000000, 0.0000000000000000000, -1.000000000000000000 ) ) ;
#3657 = VERTEX_POINT ( 'NONE', #1490 ) ;
#3658 = CARTESIAN_POINT ( 'NONE',  ( -1.198516098867771200, -0.4809284779894625900, -1.250000000000002000 ) ) ;
#3659 = CARTESIAN_POINT ( 'NONE',  ( 1.447527658732871600, -0.7266680502297832000, 1.350000000000003200 ) ) ;
#3660 = AXIS2_PLACEMENT_3D ( 'NONE', #4692, #4116, #1724 ) ;
#3661 = CARTESIAN_POINT ( 'NONE',  ( 0.3514106528891460800, -0.1000000000000000100, 1.350000000000000300 ) ) ;
#3662 = FACE_OUTER_BOUND ( 'NONE', #4511, .T. ) ;
#3663 = ORIENTED_EDGE ( 'NONE', *, *, #6918, .F. ) ;
#3664 = EDGE_CURVE ( 'NONE', #3411, #5388, #6282, .T. ) ;
#3665 = EDGE_CURVE ( 'NONE', #1361, #4508, #4531, .T. ) ;
#3666 = VECTOR ( 'NONE', #1878, 1000.000000000000000 ) ;
#3667 = ORIENTED_EDGE ( 'NONE', *, *, #1329, .F. ) ;
#3668 = CYLINDRICAL_SURFACE ( 'NONE', #2247, 0.04197641010088331400 ) ;
#3669 = DIRECTION ( 'NONE',  ( 1.000000000000000000, 0.0000000000000000000, 0.0000000000000000000 ) ) ;
#3670 = AXIS2_PLACEMENT_3D ( 'NONE', #3511, #569, #4662 ) ;
#3671 = DIRECTION ( 'NONE',  ( -2.449293598294706400E-016, 0.0000000000000000000, 1.000000000000000000 ) ) ;
#3672 = FACE_OUTER_BOUND ( 'NONE', #4462, .T. ) ;
#3673 = VERTEX_POINT ( 'NONE', #6838 ) ;
#3674 = FACE_OUTER_BOUND ( 'NONE', #3992, .T. ) ;
#3675 = CYLINDRICAL_SURFACE ( 'NONE', #999, 0.09182402748566186000 ) ;
#3676 = CARTESIAN_POINT ( 'NONE',  ( 1.053594130719925500, -0.5975000926685795100, 1.350000000000002300 ) ) ;
#3677 = VECTOR ( 'NONE', #1469, 1000.000000000000000 ) ;
#3678 = VERTEX_POINT ( 'NONE', #3807 ) ;
#3679 = ORIENTED_EDGE ( 'NONE', *, *, #7315, .T. ) ;
#3680 = CARTESIAN_POINT ( 'NONE',  ( 1.310011812126306500, -0.4913441754571615200, 1.250000000000002000 ) ) ;
#3681 = ADVANCED_FACE ( 'NONE', ( #2150 ), #411, .T. ) ;
#3682 = EDGE_CURVE ( 'NONE', #5903, #1401, #3422, .T. ) ;
#3683 = AXIS2_PLACEMENT_3D ( 'NONE', #4339, #4984, #2058 ) ;
#3684 = CARTESIAN_POINT ( 'NONE',  ( -0.6603828416892078000, -0.4241578738305969400, -1.217574864917437600 ) ) ;
#3685 = VECTOR ( 'NONE', #6733, 1000.000000000000000 ) ;
#3686 = CARTESIAN_POINT ( 'NONE',  ( 1.511371717397266700, -0.1000000000000000100, 0.4000000000000000200 ) ) ;
#3687 = ORIENTED_EDGE ( 'NONE', *, *, #1007, .T. ) ;
#3688 = CARTESIAN_POINT ( 'NONE',  ( -1.257582580033950400, 0.0000000000000000000, -1.039254521236307600 ) ) ;
#3689 = MANIFOLD_SOLID_BREP ( 'Mirror3[2]', #1536 ) ;
#3690 = VERTEX_POINT ( 'NONE', #6250 ) ;
#3691 = ORIENTED_EDGE ( 'NONE', *, *, #1881, .T. ) ;
#3692 = VECTOR ( 'NONE', #7331, 1000.000000000000000 ) ;
#3693 = VERTEX_POINT ( 'NONE', #3341 ) ;
#3694 = ORIENTED_EDGE ( 'NONE', *, *, #499, .T. ) ;
#3695 = EDGE_LOOP ( 'NONE', ( #7465, #5528, #3865, #2572 ) ) ;
#3696 = ORIENTED_EDGE ( 'NONE', *, *, #1244, .T. ) ;
#3697 = DIRECTION ( 'NONE',  ( 0.0000000000000000000, 0.0000000000000000000, 1.000000000000000000 ) ) ;
#3698 = EDGE_CURVE ( 'NONE', #5646, #2500, #1425, .T. ) ;
#3699 = CARTESIAN_POINT ( 'NONE',  ( 1.310011812126306500, -0.4913441754571611900, -1.350000000000002100 ) ) ;
#3700 = VECTOR ( 'NONE', #1130, 1000.000000000000000 ) ;
#3701 = ORIENTED_EDGE ( 'NONE', *, *, #7418, .T. ) ;
#3702 = CARTESIAN_POINT ( 'NONE',  ( -0.6092499729370461900, 0.0000000000000000000, -1.190489813122816500 ) ) ;
#3703 = DIRECTION ( 'NONE',  ( 0.0000000000000000000, 1.000000000000000000, 5.165768915825840900E-015 ) ) ;
#3704 = VECTOR ( 'NONE', #2173, 1000.000000000000000 ) ;
#3705 = CARTESIAN_POINT ( 'NONE',  ( -1.750000000000000000, -0.8800000000000000000, -0.9999999999999995600 ) ) ;
#3706 = PLANE ( 'NONE',  #1656 ) ;
#3707 = LINE ( 'NONE', #3502, #1969 ) ;
#3708 = AXIS2_PLACEMENT_3D ( 'NONE', #1514, #3322, #6233 ) ;
#3709 = CARTESIAN_POINT ( 'NONE',  ( 0.3514106528891460800, -0.1000000000000000100, -1.350000000000000300 ) ) ;
#3710 = ORIENTED_EDGE ( 'NONE', *, *, #6489, .T. ) ;
#3711 = DIRECTION ( 'NONE',  ( -6.151150412723322900E-016, -3.491481338843133400E-015, 1.000000000000000000 ) ) ;
#3712 = FACE_OUTER_BOUND ( 'NONE', #5405, .T. ) ;
#3713 = DIRECTION ( 'NONE',  ( 6.151150412723322900E-016, -3.491481338843133400E-015, -1.000000000000000000 ) ) ;
#3714 = ORIENTED_EDGE ( 'NONE', *, *, #6234, .F. ) ;
#3715 = CARTESIAN_POINT ( 'NONE',  ( -1.095778389361269600, -0.1000000000000000100, -1.250000000000000200 ) ) ;
#3716 = VERTEX_POINT ( 'NONE', #359 ) ;
#3717 = CARTESIAN_POINT ( 'NONE',  ( 1.511371717397266700, -0.1966079410694897000, -0.3459031131721493900 ) ) ;
#3718 = PLANE ( 'NONE',  #5775 ) ;
#3719 = ORIENTED_EDGE ( 'NONE', *, *, #908, .F. ) ;
#3720 = FACE_OUTER_BOUND ( 'NONE', #1246, .T. ) ;
#3721 = ORIENTED_EDGE ( 'NONE', *, *, #7538, .T. ) ;
#3722 = AXIS2_PLACEMENT_3D ( 'NONE', #7056, #3193, #6923 ) ;
#3723 = VERTEX_POINT ( 'NONE', #5657 ) ;
#3724 = ADVANCED_FACE ( 'NONE', ( #609 ), #923, .T. ) ;
#3725 = DIRECTION ( 'NONE',  ( -6.151150412723322900E-016, 3.491481338843133400E-015, -1.000000000000000000 ) ) ;
#3726 = CARTESIAN_POINT ( 'NONE',  ( 0.5000000000000000000, -0.9499999999999999600, -1.300000000000000300 ) ) ;
#3727 = CYLINDRICAL_SURFACE ( 'NONE', #6402, 0.1879361091321884700 ) ;
#3728 = ORIENTED_EDGE ( 'NONE', *, *, #3225, .F. ) ;
#3729 = DIRECTION ( 'NONE',  ( -1.000000000000000000, 0.0000000000000000000, 0.0000000000000000000 ) ) ;
#3730 = VERTEX_POINT ( 'NONE', #974 ) ;
#3731 = ORIENTED_EDGE ( 'NONE', *, *, #5865, .F. ) ;
#3732 = PRESENTATION_LAYER_ASSIGNMENT (  '', '', ( #4513 ) ) ;
#3733 = LINE ( 'NONE', #6411, #6860 ) ;
#3734 = CARTESIAN_POINT ( 'NONE',  ( 0.0000000000000000000, -0.9499999999999999600, 0.0000000000000000000 ) ) ;
#3735 = ORIENTED_EDGE ( 'NONE', *, *, #4437, .F. ) ;
#3736 = CARTESIAN_POINT ( 'NONE',  ( 1.500000000000000200, -0.9499999999999999600, -1.052476713040993600 ) ) ;
#3737 = CARTESIAN_POINT ( 'NONE',  ( -1.447527658732871600, -0.5975000926685795100, -1.350000000000002800 ) ) ;
#3738 = DIRECTION ( 'NONE',  ( 0.0000000000000000000, 0.0000000000000000000, 1.000000000000000000 ) ) ;
#3739 = EDGE_LOOP ( 'NONE', ( #4239, #35, #6709, #2728 ) ) ;
#3740 = DIRECTION ( 'NONE',  ( -6.377659838150025700E-016, 0.0000000000000000000, -1.000000000000000000 ) ) ;
#3741 = ORIENTED_EDGE ( 'NONE', *, *, #940, .T. ) ;
#3742 = EDGE_CURVE ( 'NONE', #3898, #2201, #878, .T. ) ;
#3743 = VECTOR ( 'NONE', #2783, 999.9999999999998900 ) ;
#3744 = CARTESIAN_POINT ( 'NONE',  ( -1.511371717397266700, -0.1000000000000000100, 0.4000000000000000200 ) ) ;
#3745 = VECTOR ( 'NONE', #1679, 1000.000000000000000 ) ;
#3746 = EDGE_CURVE ( 'NONE', #421, #1373, #5172, .T. ) ;
#3747 = ORIENTED_EDGE ( 'NONE', *, *, #7258, .F. ) ;
#3748 = DIRECTION ( 'NONE',  ( 2.592963218374910500E-032, 1.000000000000000000, 1.092751075564479400E-016 ) ) ;
#3749 = DIRECTION ( 'NONE',  ( -6.151150412723353400E-016, -3.491481338843133000E-015, -1.000000000000000000 ) ) ;
#3750 = ORIENTED_EDGE ( 'NONE', *, *, #1874, .T. ) ;
#3751 = DIRECTION ( 'NONE',  ( -0.0000000000000000000, 1.000000000000000000, 0.0000000000000000000 ) ) ;
#3752 = DIRECTION ( 'NONE',  ( -1.000000000000000000, -0.0000000000000000000, 2.282530889443167000E-016 ) ) ;
#3753 = CARTESIAN_POINT ( 'NONE',  ( -1.096148662824761900, -0.4810162188969698300, 1.250000000000002000 ) ) ;
#3754 = ADVANCED_FACE ( 'NONE', ( #7011 ), #6977, .F. ) ;
#3755 = LINE ( 'NONE', #619, #2655 ) ;
#3756 = ORIENTED_EDGE ( 'NONE', *, *, #6106, .F. ) ;
#3757 = DIRECTION ( 'NONE',  ( -0.0000000000000000000, -3.491481338843133400E-015, -1.000000000000000000 ) ) ;
#3758 = DIRECTION ( 'NONE',  ( -6.151150412723322900E-016, -0.0000000000000000000, 1.000000000000000000 ) ) ;
#3759 = LINE ( 'NONE', #5551, #2020 ) ;
#3760 = ORIENTED_EDGE ( 'NONE', *, *, #153, .F. ) ;
#3761 = EDGE_LOOP ( 'NONE', ( #5946, #1027, #870, #3691 ) ) ;
#3762 = FACE_OUTER_BOUND ( 'NONE', #1780, .T. ) ;
#3764 = EDGE_CURVE ( 'NONE', #3657, #2727, #2521, .T. ) ;
#3763 = DIRECTION ( 'NONE',  ( 0.06674660825839352800, -0.9977699586006789600, 0.0000000000000000000 ) ) ;
#3765 = LINE ( 'NONE', #1884, #667 ) ;
#3766 = LINE ( 'NONE', #1931, #7082 ) ;
#3767 = ORIENTED_EDGE ( 'NONE', *, *, #1424, .F. ) ;
#3768 = CARTESIAN_POINT ( 'NONE',  ( -1.600000000000000100, -0.1000000000000000600, 0.4459031131721502000 ) ) ;
#3769 = VECTOR ( 'NONE', #5429, 1000.000000000000000 ) ;
#3770 = VERTEX_POINT ( 'NONE', #6954 ) ;
#3771 = AXIS2_PLACEMENT_3D ( 'NONE', #5963, #4121, #4179 ) ;
#3772 = CARTESIAN_POINT ( 'NONE',  ( 1.500000000000000000, -0.9499999999999999600, 1.836970198721030200E-016 ) ) ;
#3773 = EDGE_CURVE ( 'NONE', #4541, #3911, #5915, .T. ) ;
#3774 = LINE ( 'NONE', #2191, #1664 ) ;
#3775 = ORIENTED_EDGE ( 'NONE', *, *, #4125, .F. ) ;
#3776 = CARTESIAN_POINT ( 'NONE',  ( -1.749999999999999800, -0.8800000000000000000, 1.000000000000000000 ) ) ;
#3777 = ORIENTED_EDGE ( 'NONE', *, *, #153, .T. ) ;
#3778 = DIRECTION ( 'NONE',  ( -6.151150412723322900E-016, -3.491481338843133400E-015, -1.000000000000000000 ) ) ;
#3779 = LINE ( 'NONE', #459, #5713 ) ;
#3780 = ORIENTED_EDGE ( 'NONE', *, *, #6915, .T. ) ;
#3781 = DIRECTION ( 'NONE',  ( 0.0000000000000000000, 0.0000000000000000000, -1.000000000000000000 ) ) ;
#3782 = ORIENTED_EDGE ( 'NONE', *, *, #4952, .F. ) ;
#3783 = DIRECTION ( 'NONE',  ( 0.0000000000000000000, 0.0000000000000000000, 1.000000000000000000 ) ) ;
#3784 = EDGE_CURVE ( 'NONE', #4698, #3448, #238, .T. ) ;
#3785 = ORIENTED_EDGE ( 'NONE', *, *, #1978, .T. ) ;
#3786 = DIRECTION ( 'NONE',  ( -1.000000000000000000, -6.327147275692834200E-031, 6.151150412723322900E-016 ) ) ;
#3787 = CARTESIAN_POINT ( 'NONE',  ( -1.450000000000000200, -1.000000000000000000, 0.6653012290366859800 ) ) ;
#3788 = CARTESIAN_POINT ( 'NONE',  ( -1.697118630955986300, -0.1257212078291005100, -0.3319887404820847100 ) ) ;
#3789 = LINE ( 'NONE', #4322, #2232 ) ;
#3790 = DIRECTION ( 'NONE',  ( -1.000000000000000000, 0.0000000000000000000, -2.449293598294706400E-016 ) ) ;
#3791 = ORIENTED_EDGE ( 'NONE', *, *, #1836, .T. ) ;
#3792 = VECTOR ( 'NONE', #3243, 1000.000000000000100 ) ;
#3793 = EDGE_CURVE ( 'NONE', #3438, #3008, #2788, .T. ) ;
#3794 = VECTOR ( 'NONE', #612, 1000.000000000000000 ) ;
#3795 = AXIS2_PLACEMENT_3D ( 'NONE', #3905, #1003, #6892 ) ;
#3796 = ADVANCED_FACE ( 'NONE', ( #5542 ), #2949, .F. ) ;
#3797 = PLANE ( 'NONE',  #6779 ) ;
#3798 = VECTOR ( 'NONE', #5437, 1000.000000000000000 ) ;
#3799 = CARTESIAN_POINT ( 'NONE',  ( 1.500000000000000000, 0.0000000000000000000, 0.4459031131721502000 ) ) ;
#3800 = ORIENTED_EDGE ( 'NONE', *, *, #2099, .F. ) ;
#3801 = LINE ( 'NONE', #523, #7490 ) ;
#3802 = ORIENTED_EDGE ( 'NONE', *, *, #2688, .T. ) ;
#3803 = ORIENTED_EDGE ( 'NONE', *, *, #6324, .F. ) ;
#3804 = AXIS2_PLACEMENT_3D ( 'NONE', #444, #5608, #4503 ) ;
#3805 = CARTESIAN_POINT ( 'NONE',  ( 1.529238330770627500E-016, -0.09999999999999933900, -0.3459031131721498300 ) ) ;
#3806 = EDGE_CURVE ( 'NONE', #4195, #5103, #3153, .T. ) ;
#3807 = CARTESIAN_POINT ( 'NONE',  ( 0.7010740004227079500, -0.5975000926685797300, 1.250000000000002000 ) ) ;
#3808 = CARTESIAN_POINT ( 'NONE',  ( -0.7010740004227081800, -0.1499999999999994400, 1.350000000000000500 ) ) ;
#3809 = ORIENTED_EDGE ( 'NONE', *, *, #3241, .F. ) ;
#3810 = ORIENTED_EDGE ( 'NONE', *, *, #5810, .T. ) ;
#3811 = CARTESIAN_POINT ( 'NONE',  ( 0.6603828416892078000, -0.9499999999999999600, -1.350000000000000100 ) ) ;
#3812 = ORIENTED_EDGE ( 'NONE', *, *, #3225, .T. ) ;
#3813 = CARTESIAN_POINT ( 'NONE',  ( 1.500000000000000000, -0.8800000000000000000, 1.000000000000000000 ) ) ;
#3814 = AXIS2_PLACEMENT_3D ( 'NONE', #6323, #513, #1145 ) ;
#3815 = VECTOR ( 'NONE', #6937, 1000.000000000000000 ) ;
#3816 = ORIENTED_EDGE ( 'NONE', *, *, #5090, .F. ) ;
#3817 = CARTESIAN_POINT ( 'NONE',  ( -0.8890101095548962300, -0.4913441754571611900, 1.350000000000001900 ) ) ;
#3818 = EDGE_CURVE ( 'NONE', #2485, #5103, #3510, .T. ) ;
#3819 = EDGE_LOOP ( 'NONE', ( #6794, #6980, #867, #1567 ) ) ;
#3820 = CARTESIAN_POINT ( 'NONE',  ( 1.053594130719925500, 0.0000000000000000000, -1.190489813122816800 ) ) ;
#3821 = FACE_OUTER_BOUND ( 'NONE', #3124, .T. ) ;
#3822 = LINE ( 'NONE', #3986, #1913 ) ;
#3823 = DIRECTION ( 'NONE',  ( 1.000000000000000000, 0.0000000000000000000, 0.0000000000000000000 ) ) ;
#3824 = LINE ( 'NONE', #66, #1915 ) ;
#3825 = DIRECTION ( 'NONE',  ( 6.151150412723322900E-016, -0.0000000000000000000, 1.000000000000000000 ) ) ;
#3826 = VERTEX_POINT ( 'NONE', #5825 ) ;
#3827 = CARTESIAN_POINT ( 'NONE',  ( 1.500000000000000000, -0.8800000000000000000, 1.000000000000000000 ) ) ;
#3828 = ADVANCED_FACE ( 'NONE', ( #7113 ), #696, .F. ) ;
#3829 = CARTESIAN_POINT ( 'NONE',  ( 0.7010740004227079500, -0.1000000000000000100, 1.350000000000000300 ) ) ;
#3830 = CARTESIAN_POINT ( 'NONE',  ( -1.447527658732871600, -0.5310819161150366300, 1.350000000000002300 ) ) ;
#3831 = DIRECTION ( 'NONE',  ( -1.000000000000000000, 0.0000000000000000000, 0.0000000000000000000 ) ) ;
#3832 = EDGE_CURVE ( 'NONE', #6630, #7385, #964, .T. ) ;
#3833 = DIRECTION ( 'NONE',  ( 0.05238247302969425300, 0.9986270958267120500, -1.283000558544752400E-017 ) ) ;
#3834 = ORIENTED_EDGE ( 'NONE', *, *, #3872, .F. ) ;
#3835 = CARTESIAN_POINT ( 'NONE',  ( -1.078042482630644100, -0.4381199093104634600, -1.217574864917437600 ) ) ;
#3836 = VECTOR ( 'NONE', #693, 1000.000000000000000 ) ;
#3837 = CARTESIAN_POINT ( 'NONE',  ( 1.376510721059179600, 0.0000000000000000000, 0.9733463376187478900 ) ) ;
#3838 = ORIENTED_EDGE ( 'NONE', *, *, #1096, .F. ) ;
#3839 = LINE ( 'NONE', #6461, #6523 ) ;
#3840 = ORIENTED_EDGE ( 'NONE', *, *, #2635, .T. ) ;
#3841 = VECTOR ( 'NONE', #5525, 1000.000000000000000 ) ;
#3842 = DIRECTION ( 'NONE',  ( 0.08469159160178413300, 0.9964072130971135500, 0.0000000000000000000 ) ) ;
#3843 = VECTOR ( 'NONE', #2198, 999.9999999999998900 ) ;
#3844 = ORIENTED_EDGE ( 'NONE', *, *, #6938, .F. ) ;
#3845 = DIRECTION ( 'NONE',  ( -0.7071067811865473500, -0.0000000000000000000, 0.7071067811865477900 ) ) ;
#3846 = CARTESIAN_POINT ( 'NONE',  ( 1.500000000000000000, -0.1000000000000000100, -1.836970198721030200E-016 ) ) ;
#3847 = FACE_OUTER_BOUND ( 'NONE', #397, .T. ) ;
#3848 = DIRECTION ( 'NONE',  ( -0.7071067811865477900, 0.0000000000000000000, 0.7071067811865473500 ) ) ;
#3849 = CARTESIAN_POINT ( 'NONE',  ( -1.053594130719925500, -0.1000000000000000500, -1.200000000000000600 ) ) ;
#3850 = VECTOR ( 'NONE', #1372, 1000.000000000000000 ) ;
#3851 = AXIS2_PLACEMENT_3D ( 'NONE', #1946, #4298, #1956 ) ;
#3852 = CARTESIAN_POINT ( 'NONE',  ( 1.257582580033950400, 0.0000000000000000000, -1.098665785637154700 ) ) ;
#3853 = CIRCLE ( 'NONE', #6703, 0.05000000000000002400 ) ;
#3854 = ORIENTED_EDGE ( 'NONE', *, *, #6732, .F. ) ;
#3855 = ORIENTED_EDGE ( 'NONE', *, *, #3187, .T. ) ;
#3856 = EDGE_CURVE ( 'NONE', #2, #1160, #3707, .T. ) ;
#3857 = FACE_OUTER_BOUND ( 'NONE', #1486, .T. ) ;
#3858 = EDGE_LOOP ( 'NONE', ( #120, #3767, #4731, #2137 ) ) ;
#3859 = DIRECTION ( 'NONE',  ( 0.0000000000000000000, 0.0000000000000000000, 1.000000000000000000 ) ) ;
#3860 = ADVANCED_FACE ( 'NONE', ( #414 ), #3610, .F. ) ;
#3861 = ORIENTED_EDGE ( 'NONE', *, *, #4483, .F. ) ;
#3862 = AXIS2_PLACEMENT_3D ( 'NONE', #5386, #1369, #2455 ) ;
#3863 = CARTESIAN_POINT ( 'NONE',  ( -0.6603828416892074700, -0.9499999999999999600, 1.217574864917437800 ) ) ;
#3864 = LINE ( 'NONE', #5580, #5358 ) ;
#3865 = ORIENTED_EDGE ( 'NONE', *, *, #6678, .T. ) ;
#3866 = CARTESIAN_POINT ( 'NONE',  ( 1.053594130719925500, -0.1499999999999999700, 1.200000000000000600 ) ) ;
#3867 = VERTEX_POINT ( 'NONE', #1677 ) ;
#3868 = CARTESIAN_POINT ( 'NONE',  ( 1.660223004139932000, -0.9743463534909069200, 0.4000000000000000200 ) ) ;
#3869 = CARTESIAN_POINT ( 'NONE',  ( -0.6603828416892074700, -0.9499999999999999600, 1.350000000000000300 ) ) ;
#3870 = FACE_OUTER_BOUND ( 'NONE', #6859, .T. ) ;
#3871 = DIRECTION ( 'NONE',  ( 0.0000000000000000000, 1.000000000000000000, 0.0000000000000000000 ) ) ;
#3872 = EDGE_CURVE ( 'NONE', #6684, #6383, #5728, .T. ) ;
#3873 = ORIENTED_EDGE ( 'NONE', *, *, #2597, .F. ) ;
#3874 = DIRECTION ( 'NONE',  ( -0.0000000000000000000, -1.000000000000000000, 0.0000000000000000000 ) ) ;
#3875 = VECTOR ( 'NONE', #3960, 1000.000000000000000 ) ;
#3876 = DIRECTION ( 'NONE',  ( 6.151150412723322900E-016, -3.491481338843133400E-015, 1.000000000000000000 ) ) ;
#3877 = DIRECTION ( 'NONE',  ( -0.0000000000000000000, -0.0000000000000000000, -1.000000000000000000 ) ) ;
#3878 = VECTOR ( 'NONE', #6589, 1000.000000000000000 ) ;
#3879 = CARTESIAN_POINT ( 'NONE',  ( 1.499999999999999800, -0.1000000000000000100, 0.9138294609943661300 ) ) ;
#3880 = VERTEX_POINT ( 'NONE', #5288 ) ;
#3881 = LINE ( 'NONE', #6759, #4999 ) ;
#3882 = ORIENTED_EDGE ( 'NONE', *, *, #3664, .F. ) ;
#3883 = EDGE_CURVE ( 'NONE', #5066, #71, #5365, .T. ) ;
#3884 = ORIENTED_EDGE ( 'NONE', *, *, #832, .F. ) ;
#3885 = CARTESIAN_POINT ( 'NONE',  ( 1.310011812126306500, -0.4913441754571611900, 1.350000000000002300 ) ) ;
#3886 = EDGE_LOOP ( 'NONE', ( #2235, #1935, #311, #5279, #1900 ) ) ;
#3887 = DIRECTION ( 'NONE',  ( 0.9964072130971135500, -0.08469159160178413300, 2.440493808333430000E-016 ) ) ;
#3888 = LINE ( 'NONE', #5434, #2340 ) ;
#3889 = ORIENTED_EDGE ( 'NONE', *, *, #5208, .F. ) ;
#3890 = VERTEX_POINT ( 'NONE', #4014 ) ;
#3891 = DIRECTION ( 'NONE',  ( -1.000000000000000000, -0.0000000000000000000, -0.0000000000000000000 ) ) ;
#3892 = EDGE_LOOP ( 'NONE', ( #388, #6843, #5958, #166, #3985, #253, #3573, #7279 ) ) ;
#3893 = ORIENTED_EDGE ( 'NONE', *, *, #1139, .F. ) ;
#3894 = CARTESIAN_POINT ( 'NONE',  ( 0.6603828416892074700, -0.1000000000000000100, 1.350000000000000300 ) ) ;
#3895 = ADVANCED_FACE ( 'NONE', ( #7105 ), #3430, .F. ) ;
#3896 = DIRECTION ( 'NONE',  ( 0.0000000000000000000, 1.000000000000000000, 0.0000000000000000000 ) ) ;
#3897 = ORIENTED_EDGE ( 'NONE', *, *, #3516, .F. ) ;
#3898 = VERTEX_POINT ( 'NONE', #5800 ) ;
#3899 = EDGE_CURVE ( 'NONE', #3111, #5351, #1792, .T. ) ;
#3900 = DIRECTION ( 'NONE',  ( 1.000000000000000000, -0.0000000000000000000, -0.0000000000000000000 ) ) ;
#3901 = CARTESIAN_POINT ( 'NONE',  ( -0.6603828416892078000, -0.4241578738305969400, -1.217574864917437600 ) ) ;
#3902 = EDGE_CURVE ( 'NONE', #6217, #5388, #4523, .T. ) ;
#3903 = FACE_OUTER_BOUND ( 'NONE', #6947, .T. ) ;
#3904 = FACE_OUTER_BOUND ( 'NONE', #4808, .T. ) ;
#3905 = CARTESIAN_POINT ( 'NONE',  ( 1.447527658732871600, -0.5310819161150366300, 1.350000000000002300 ) ) ;
#3906 = ORIENTED_EDGE ( 'NONE', *, *, #7299, .T. ) ;
#3907 = VERTEX_POINT ( 'NONE', #2438 ) ;
#3908 = ORIENTED_EDGE ( 'NONE', *, *, #5156, .T. ) ;
#3909 = DIRECTION ( 'NONE',  ( 0.0000000000000000000, 0.5178177716736868100, 0.8554909440425992900 ) ) ;
#3910 = EDGE_CURVE ( 'NONE', #1337, #4138, #5457, .T. ) ;
#3911 = VERTEX_POINT ( 'NONE', #3029 ) ;
#3912 = CARTESIAN_POINT ( 'NONE',  ( 1.450893303781768000, -0.1000000000000000100, 1.866607263856683100 ) ) ;
#3913 = FACE_OUTER_BOUND ( 'NONE', #3017, .T. ) ;
#3914 = DIRECTION ( 'NONE',  ( -1.000000000000000000, 0.0000000000000000000, 0.0000000000000000000 ) ) ;
#3915 = COLOUR_RGB ( '',0.7921568627450980000, 0.8196078431372548800, 0.9333333333333333500 ) ;
#3916 = VERTEX_POINT ( 'NONE', #5310 ) ;
#3917 = DIRECTION ( 'NONE',  ( 0.0000000000000000000, 1.000000000000000000, 0.0000000000000000000 ) ) ;
#3918 = EDGE_CURVE ( 'NONE', #5876, #1079, #4395, .T. ) ;
#3919 = AXIS2_PLACEMENT_3D ( 'NONE', #6428, #7518, #1718 ) ;
#3920 = CARTESIAN_POINT ( 'NONE',  ( -1.500000000000000200, -0.9499999999999999600, -1.052476713040993600 ) ) ;
#3921 = DIRECTION ( 'NONE',  ( 0.0000000000000000000, 0.0000000000000000000, -1.000000000000000000 ) ) ;
#3922 = CARTESIAN_POINT ( 'NONE',  ( 0.7010740004227079500, 0.0000000000000000000, 1.350000000000000300 ) ) ;
#3923 = ORIENTED_EDGE ( 'NONE', *, *, #1448, .F. ) ;
#3924 = PLANE ( 'NONE',  #1420 ) ;
#3925 = DIRECTION ( 'NONE',  ( 0.0000000000000000000, 0.0000000000000000000, 1.000000000000000000 ) ) ;
#3926 = CARTESIAN_POINT ( 'NONE',  ( 1.450000000000000200, -1.000000000000000000, 1.836970198721030200E-016 ) ) ;
#3927 = EDGE_CURVE ( 'NONE', #5578, #3499, #782, .T. ) ;
#3928 = DIRECTION ( 'NONE',  ( 0.0000000000000000000, 1.000000000000000000, 0.0000000000000000000 ) ) ;
#3929 = VECTOR ( 'NONE', #2977, 1000.000000000000000 ) ;
#3930 = EDGE_LOOP ( 'NONE', ( #5607, #3004, #2826, #408 ) ) ;
#3931 = EDGE_CURVE ( 'NONE', #1690, #5421, #2320, .T. ) ;
#3932 = CYLINDRICAL_SURFACE ( 'NONE', #910, 0.05941126440084723600 ) ;
#3933 = EDGE_LOOP ( 'NONE', ( #5440, #5342, #885, #581 ) ) ;
#3934 = DIRECTION ( 'NONE',  ( 1.000000000000000000, -0.0000000000000000000, -0.0000000000000000000 ) ) ;
#3935 = ADVANCED_FACE ( 'NONE', ( #3870 ), #2412, .F. ) ;
#3936 = ORIENTED_EDGE ( 'NONE', *, *, #6062, .F. ) ;
#3937 = FACE_OUTER_BOUND ( 'NONE', #3819, .T. ) ;
#3938 = CARTESIAN_POINT ( 'NONE',  ( -1.682607193318285800, -0.1000000000000000100, 0.3459031131721494500 ) ) ;
#3939 = VECTOR ( 'NONE', #2069, 1000.000000000000000 ) ;
#3940 = FACE_OUTER_BOUND ( 'NONE', #98, .T. ) ;
#3941 = ORIENTED_EDGE ( 'NONE', *, *, #7271, .T. ) ;
#3942 = CARTESIAN_POINT ( 'NONE',  ( 1.095778389361269600, -0.1000000000000000100, -1.250000000000000200 ) ) ;
#3943 = AXIS2_PLACEMENT_3D ( 'NONE', #7390, #4459, #1541 ) ;
#3944 = CARTESIAN_POINT ( 'NONE',  ( 1.239179746653218400, -0.4913441754571611900, -1.350000000000002100 ) ) ;
#3945 = LINE ( 'NONE', #3699, #6163 ) ;
#3946 = DIRECTION ( 'NONE',  ( 0.0000000000000000000, 1.000000000000000000, 0.0000000000000000000 ) ) ;
#3947 = EDGE_CURVE ( 'NONE', #4891, #7177, #2689, .T. ) ;
#3948 = ORIENTED_EDGE ( 'NONE', *, *, #5548, .F. ) ;
#3949 = ORIENTED_EDGE ( 'NONE', *, *, #4108, .T. ) ;
#3950 = CARTESIAN_POINT ( 'NONE',  ( -1.096148662824761900, -0.4810162188969698300, -1.250000000000002000 ) ) ;
#3951 = ORIENTED_EDGE ( 'NONE', *, *, #5211, .T. ) ;
#3952 = CARTESIAN_POINT ( 'NONE',  ( -0.8890101095548962300, -0.5975000926685795100, 1.350000000000002300 ) ) ;
#3953 = CARTESIAN_POINT ( 'NONE',  ( 1.516374535801277200, 0.0000000000000000000, 0.3900151736080263400 ) ) ;
#3954 = FACE_OUTER_BOUND ( 'NONE', #1788, .T. ) ;
#3955 = CARTESIAN_POINT ( 'NONE',  ( 1.096148662824762100, -0.9499999999999999600, 1.217574864917437800 ) ) ;
#3956 = ORIENTED_EDGE ( 'NONE', *, *, #6798, .F. ) ;
#3957 = SURFACE_SIDE_STYLE ('',( #6191 ) ) ;
#3958 = ORIENTED_EDGE ( 'NONE', *, *, #1753, .F. ) ;
#3959 = EDGE_CURVE ( 'NONE', #2619, #6222, #6092, .T. ) ;
#3960 = DIRECTION ( 'NONE',  ( 0.0000000000000000000, 0.0000000000000000000, -1.000000000000000000 ) ) ;
#3961 = VECTOR ( 'NONE', #7462, 1000.000000000000000 ) ;
#3962 = DIRECTION ( 'NONE',  ( 1.000000000000000000, 0.0000000000000000000, -2.449293598294706400E-016 ) ) ;
#3963 = CARTESIAN_POINT ( 'NONE',  ( -1.053594130719925500, -0.1499999999999999700, 1.200000000000000600 ) ) ;
#3964 = CARTESIAN_POINT ( 'NONE',  ( 0.8890101095548963400, -0.5975000926685797300, -1.250000000000002200 ) ) ;
#3965 = ORIENTED_EDGE ( 'NONE', *, *, #3651, .F. ) ;
#3966 = EDGE_CURVE ( 'NONE', #3678, #6700, #4622, .T. ) ;
#3967 = VECTOR ( 'NONE', #4898, 1000.000000000000000 ) ;
#3968 = AXIS2_PLACEMENT_3D ( 'NONE', #3827, #3783, #7285 ) ;
#3969 = CARTESIAN_POINT ( 'NONE',  ( 0.8890101095548963400, -0.5975000926685797300, 1.250000000000002200 ) ) ;
#3970 = VECTOR ( 'NONE', #3876, 1000.000000000000000 ) ;
#3971 = CARTESIAN_POINT ( 'NONE',  ( 0.8890101095548963400, -0.7854362018007682300, -1.250000000000002900 ) ) ;
#3972 = VECTOR ( 'NONE', #748, 1000.000000000000000 ) ;
#3973 = CARTESIAN_POINT ( 'NONE',  ( -0.7010740004227079500, -0.1499999999999999700, 1.350000000000000300 ) ) ;
#3974 = ADVANCED_FACE ( 'NONE', ( #6820 ), #89, .F. ) ;
#3975 = EDGE_CURVE ( 'NONE', #2251, #1250, #3066, .T. ) ;
#3976 = EDGE_LOOP ( 'NONE', ( #801, #774, #6262, #3882 ) ) ;
#3977 = DIRECTION ( 'NONE',  ( 0.05238247302969425300, -0.9986270958267120500, 0.0000000000000000000 ) ) ;
#3978 = EDGE_CURVE ( 'NONE', #205, #3299, #149, .T. ) ;
#3979 = LINE ( 'NONE', #1102, #707 ) ;
#3980 = VERTEX_POINT ( 'NONE', #3549 ) ;
#3981 = CARTESIAN_POINT ( 'NONE',  ( 1.078042482630644100, -0.4381199093104634600, -1.217574864917437600 ) ) ;
#3982 = ORIENTED_EDGE ( 'NONE', *, *, #2836, .T. ) ;
#3983 = DIRECTION ( 'NONE',  ( 0.0000000000000000000, 0.0000000000000000000, -1.000000000000000000 ) ) ;
#3984 = ORIENTED_EDGE ( 'NONE', *, *, #2638, .T. ) ;
#3985 = ORIENTED_EDGE ( 'NONE', *, *, #5837, .T. ) ;
#3986 = CARTESIAN_POINT ( 'NONE',  ( -1.316993844434797900, -0.1000000000000000100, 0.9733463376187478900 ) ) ;
#3987 = ORIENTED_EDGE ( 'NONE', *, *, #3872, .T. ) ;
#3988 = CIRCLE ( 'NONE', #440, 0.09182402748566186000 ) ;
#3989 = DIRECTION ( 'NONE',  ( -0.06674660825839352800, -0.9977699586006789600, -0.0000000000000000000 ) ) ;
#3990 = ORIENTED_EDGE ( 'NONE', *, *, #1836, .F. ) ;
#3991 = ORIENTED_EDGE ( 'NONE', *, *, #6826, .T. ) ;
#3992 = EDGE_LOOP ( 'NONE', ( #2589, #4157, #889, #4399 ) ) ;
#3993 = ORIENTED_EDGE ( 'NONE', *, *, #5798, .T. ) ;
#3994 = CARTESIAN_POINT ( 'NONE',  ( 1.450893303781768000, -0.1000000000000000100, 1.250000000000000400 ) ) ;
#3995 = ORIENTED_EDGE ( 'NONE', *, *, #453, .T. ) ;
#3996 = FACE_OUTER_BOUND ( 'NONE', #5182, .T. ) ;
#3997 = AXIS2_PLACEMENT_3D ( 'NONE', #632, #5791, #5224 ) ;
#3998 = DIRECTION ( 'NONE',  ( 1.000000000000000000, 0.0000000000000000000, -0.0000000000000000000 ) ) ;
#3999 = FACE_OUTER_BOUND ( 'NONE', #2527, .T. ) ;
#4000 = EDGE_CURVE ( 'NONE', #5351, #4872, #1336, .T. ) ;
#4001 = CARTESIAN_POINT ( 'NONE',  ( 0.6092499729370461900, 0.0000000000000000000, -1.217362676867157500 ) ) ;
#4002 = DIRECTION ( 'NONE',  ( 0.0000000000000000000, 0.0000000000000000000, 1.000000000000000000 ) ) ;
#4003 = EDGE_CURVE ( 'NONE', #6927, #1676, #1695, .T. ) ;
#4004 = DIRECTION ( 'NONE',  ( 2.372876381782987800E-016, 0.0000000000000000000, 1.000000000000000000 ) ) ;
#4005 = VERTEX_POINT ( 'NONE', #5280 ) ;
#4006 = CARTESIAN_POINT ( 'NONE',  ( 1.660223004139932000, -0.9743463534909069200, -0.2000000000000000100 ) ) ;
#4007 = UNCERTAINTY_MEASURE_WITH_UNIT (LENGTH_MEASURE( 1.000000000000000100E-005 ), #5823, 'distance_accuracy_value', 'NONE');
#4008 = LINE ( 'NONE', #4416, #6051 ) ;
#4009 = CARTESIAN_POINT ( 'NONE',  ( 1.053594130719925500, -0.1499999999999999700, -1.200000000000000600 ) ) ;
#4010 = EDGE_CURVE ( 'NONE', #4896, #6755, #1594, .T. ) ;
#4011 = DIRECTION ( 'NONE',  ( 0.0000000000000000000, 1.000000000000000000, 0.0000000000000000000 ) ) ;
#4012 = ADVANCED_FACE ( 'NONE', ( #6273 ), #2297, .F. ) ;
#4013 = ORIENTED_EDGE ( 'NONE', *, *, #2862, .F. ) ;
#4014 = CARTESIAN_POINT ( 'NONE',  ( 0.6156878555317636400, -0.9499999999999999600, -1.350000000000000100 ) ) ;
#4015 = EDGE_LOOP ( 'NONE', ( #1894, #3042, #6750, #4675 ) ) ;
#4016 = CARTESIAN_POINT ( 'NONE',  ( -1.500000000000000000, -0.9499999999999999600, 1.000000000000000000 ) ) ;
#4017 = VECTOR ( 'NONE', #3180, 1000.000000000000000 ) ;
#4018 = ORIENTED_EDGE ( 'NONE', *, *, #1172, .F. ) ;
#4019 = AXIS2_PLACEMENT_3D ( 'NONE', #5205, #61, #6534 ) ;
#4020 = DIRECTION ( 'NONE',  ( -0.0000000000000000000, 1.000000000000000000, -0.0000000000000000000 ) ) ;
#4021 = CARTESIAN_POINT ( 'NONE',  ( -1.388759507161886800, -0.7854362018007680100, -1.350000000000003200 ) ) ;
#4022 = LINE ( 'NONE', #4846, #2286 ) ;
#4023 = ORIENTED_EDGE ( 'NONE', *, *, #3542, .F. ) ;
#4024 = DIRECTION ( 'NONE',  ( 0.0000000000000000000, 1.000000000000000000, 0.0000000000000000000 ) ) ;
#4025 = LINE ( 'NONE', #6613, #4964 ) ;
#4026 = DIRECTION ( 'NONE',  ( 0.0000000000000000000, -0.0000000000000000000, 1.000000000000000000 ) ) ;
#4027 = EDGE_CURVE ( 'NONE', #768, #3890, #5908, .T. ) ;
#4028 = CARTESIAN_POINT ( 'NONE',  ( 1.450000000000000400, -1.000000000000000000, -0.6653012290366856500 ) ) ;
#4029 = LINE ( 'NONE', #4352, #4313 ) ;
#4030 = ORIENTED_EDGE ( 'NONE', *, *, #4844, .F. ) ;
#4031 = DIRECTION ( 'NONE',  ( 1.000000000000000000, -0.0000000000000000000, 0.0000000000000000000 ) ) ;
#4032 = VECTOR ( 'NONE', #6280, 1000.000000000000000 ) ;
#4033 = LINE ( 'NONE', #3099, #6891 ) ;
#4034 = PLANE ( 'NONE',  #2391 ) ;
#4035 = VECTOR ( 'NONE', #738, 1000.000000000000000 ) ;
#4036 = DIRECTION ( 'NONE',  ( -0.0000000000000000000, -1.000000000000000000, 0.0000000000000000000 ) ) ;
#4037 = ORIENTED_EDGE ( 'NONE', *, *, #5275, .T. ) ;
#4038 = ORIENTED_EDGE ( 'NONE', *, *, #3773, .F. ) ;
#4039 = DIRECTION ( 'NONE',  ( -0.0000000000000000000, -0.0000000000000000000, -1.000000000000000000 ) ) ;
#4040 = VECTOR ( 'NONE', #5350, 1000.000000000000000 ) ;
#4041 = ORIENTED_EDGE ( 'NONE', *, *, #5495, .F. ) ;
#4042 = CARTESIAN_POINT ( 'NONE',  ( -1.447527658732871800, -0.5310819161150366300, 1.350000000000002500 ) ) ;
#4043 = AXIS2_PLACEMENT_3D ( 'NONE', #6359, #7474, #5687 ) ;
#4044 = ORIENTED_EDGE ( 'NONE', *, *, #2489, .T. ) ;
#4045 = VERTEX_POINT ( 'NONE', #2323 ) ;
#4046 = DIRECTION ( 'NONE',  ( 1.000000000000000000, 0.0000000000000000000, 2.449293598294706400E-016 ) ) ;
#4047 = DIRECTION ( 'NONE',  ( 1.000000000000000000, 0.0000000000000000000, 2.372876381782987800E-016 ) ) ;
#4048 = EDGE_CURVE ( 'NONE', #2393, #4698, #43, .T. ) ;
#4049 = FACE_OUTER_BOUND ( 'NONE', #627, .T. ) ;
#4050 = EDGE_LOOP ( 'NONE', ( #1082, #127, #4798, #1795 ) ) ;
#4051 = DIRECTION ( 'NONE',  ( 0.0000000000000000000, 1.000000000000000000, 0.0000000000000000000 ) ) ;
#4052 = ORIENTED_EDGE ( 'NONE', *, *, #6858, .T. ) ;
#4053 = CARTESIAN_POINT ( 'NONE',  ( 1.447527658732871600, -0.7266680502297835400, -1.250000000000002900 ) ) ;
#4054 = AXIS2_PLACEMENT_3D ( 'NONE', #7160, #1898, #4843 ) ;
#4055 = CARTESIAN_POINT ( 'NONE',  ( -1.053594130719925500, -0.1000000000000000100, -1.190489813122816800 ) ) ;
#4056 = CIRCLE ( 'NONE', #6491, 0.04197641010088325900 ) ;
#4057 = ADVANCED_FACE ( 'NONE', ( #6013 ), #5302, .T. ) ;
#4058 = DIRECTION ( 'NONE',  ( 6.151150412723322900E-016, 0.0000000000000000000, 1.000000000000000000 ) ) ;
#4059 = EDGE_LOOP ( 'NONE', ( #2768, #5845, #1549, #7165 ) ) ;
#4060 = CARTESIAN_POINT ( 'NONE',  ( 0.6603828416892078000, -0.1000000000000000100, -1.350000000000000100 ) ) ;
#4061 = CIRCLE ( 'NONE', #4856, 0.05876815157098477100 ) ;
#4062 = CARTESIAN_POINT ( 'NONE',  ( -1.053594130719925500, -0.4810162188969695500, -1.350000000000001900 ) ) ;
#4063 = CARTESIAN_POINT ( 'NONE',  ( 1.310011812126306500, -0.4913441754571615200, -1.250000000000002000 ) ) ;
#4064 = CARTESIAN_POINT ( 'NONE',  ( 0.9500000000000004000, -1.000000000000000000, -1.165301229036685800 ) ) ;
#4065 = VECTOR ( 'NONE', #2330, 1000.000000000000000 ) ;
#4066 = EDGE_CURVE ( 'NONE', #6927, #1203, #4432, .T. ) ;
#4067 = VERTEX_POINT ( 'NONE', #2374 ) ;
#4068 = AXIS2_PLACEMENT_3D ( 'NONE', #4412, #6192, #7323 ) ;
#4069 = DIRECTION ( 'NONE',  ( -1.000000000000000000, 0.0000000000000000000, 0.0000000000000000000 ) ) ;
#4070 = LINE ( 'NONE', #1642, #511 ) ;
#4071 = VERTEX_POINT ( 'NONE', #5899 ) ;
#4072 = EDGE_LOOP ( 'NONE', ( #6767, #1318, #5284, #6002 ) ) ;
#4073 = DIRECTION ( 'NONE',  ( 0.0000000000000000000, 1.000000000000000000, 0.0000000000000000000 ) ) ;
#4074 = CARTESIAN_POINT ( 'NONE',  ( 0.6092499729370461900, 0.0000000000000000000, -1.098665785637154700 ) ) ;
#4075 = CARTESIAN_POINT ( 'NONE',  ( 1.053594130719925500, -0.1499999999999998000, 1.250000000000000400 ) ) ;
#4076 = VERTEX_POINT ( 'NONE', #6488 ) ;
#4077 = VECTOR ( 'NONE', #4979, 1000.000000000000000 ) ;
#4078 = ORIENTED_EDGE ( 'NONE', *, *, #2836, .F. ) ;
#4079 = EDGE_CURVE ( 'NONE', #5811, #3723, #7570, .T. ) ;
#4080 = ORIENTED_EDGE ( 'NONE', *, *, #2736, .F. ) ;
#4081 = DIRECTION ( 'NONE',  ( 0.9986270958267121600, -0.05238247302969426000, 2.445930952892000900E-016 ) ) ;
#4082 = CARTESIAN_POINT ( 'NONE',  ( 1.749999999999999800, -0.8800000000000000000, 1.000000000000000000 ) ) ;
#4083 = EDGE_CURVE ( 'NONE', #3563, #3477, #5262, .T. ) ;
#4084 = VECTOR ( 'NONE', #6104, 1000.000000000000000 ) ;
#4085 = CARTESIAN_POINT ( 'NONE',  ( -1.096148662824762100, -0.9499999999999999600, 1.052476713040994000 ) ) ;
#4086 = ORIENTED_EDGE ( 'NONE', *, *, #1121, .T. ) ;
#4087 = DIRECTION ( 'NONE',  ( 0.0000000000000000000, 0.0000000000000000000, 1.000000000000000000 ) ) ;
#4088 = CARTESIAN_POINT ( 'NONE',  ( -1.096148662824762100, -0.4381199093104634600, 1.217574864917437800 ) ) ;
#4089 = ORIENTED_EDGE ( 'NONE', *, *, #42, .T. ) ;
#4090 = ORIENTED_EDGE ( 'NONE', *, *, #4857, .T. ) ;
#4091 = LINE ( 'NONE', #5415, #3183 ) ;
#4092 = CARTESIAN_POINT ( 'NONE',  ( 1.053594130719925500, -0.1499999999999999700, 1.250000000000000700 ) ) ;
#4093 = CARTESIAN_POINT ( 'NONE',  ( -1.388759507161886800, -0.7854362018007683400, 1.250000000000003100 ) ) ;
#4094 = VECTOR ( 'NONE', #4425, 1000.000000000000000 ) ;
#4095 = ORIENTED_EDGE ( 'NONE', *, *, #7063, .F. ) ;
#4096 = DIRECTION ( 'NONE',  ( 4.725111164402086400E-032, -1.000000000000000000, 3.491481338843133400E-015 ) ) ;
#4097 = CARTESIAN_POINT ( 'NONE',  ( -1.511371717397266700, -0.1966079410694897000, 0.4000000000000000200 ) ) ;
#4098 = ORIENTED_EDGE ( 'NONE', *, *, #4584, .T. ) ;
#4099 = ORIENTED_EDGE ( 'NONE', *, *, #3103, .F. ) ;
#4100 = ORIENTED_EDGE ( 'NONE', *, *, #7363, .T. ) ;
#4101 = DIRECTION ( 'NONE',  ( -0.0000000000000000000, -0.0000000000000000000, 1.000000000000000000 ) ) ;
#4102 = LINE ( 'NONE', #2327, #6315 ) ;
#4103 = ADVANCED_FACE ( 'NONE', ( #4720 ), #572, .T. ) ;
#4104 = PLANE ( 'NONE',  #954 ) ;
#4105 = SURFACE_STYLE_FILL_AREA ( #2110 ) ;
#4106 = CARTESIAN_POINT ( 'NONE',  ( 0.7010740004227079500, -0.1000000000000000100, 1.350000000000000300 ) ) ;
#4107 = ORIENTED_EDGE ( 'NONE', *, *, #7427, .T. ) ;
#4108 = EDGE_CURVE ( 'NONE', #7440, #5314, #233, .T. ) ;
#4109 = ADVANCED_BREP_SHAPE_REPRESENTATION ( 'SKSGAAE010', ( #5614, #842, #3539, #3689, #4582, #2524, #7342 ), #1255 ) ;
#4110 = DIRECTION ( 'NONE',  ( 0.0000000000000000000, 0.0000000000000000000, 1.000000000000000000 ) ) ;
#4111 = SURFACE_STYLE_USAGE ( .BOTH. , #1149 ) ;
#4112 = DIRECTION ( 'NONE',  ( 0.03706543680213364400, -0.7066208861173978200, 0.7066208861173936000 ) ) ;
#4113 = VERTEX_POINT ( 'NONE', #3113 ) ;
#4114 = CARTESIAN_POINT ( 'NONE',  ( -1.095778389361269400, -0.1000000000000000100, 1.350000000000000300 ) ) ;
#4115 = AXIS2_PLACEMENT_3D ( 'NONE', #3837, #4359, #2082 ) ;
#4116 = DIRECTION ( 'NONE',  ( 1.000000000000000000, 0.0000000000000000000, 0.0000000000000000000 ) ) ;
#4117 = CARTESIAN_POINT ( 'NONE',  ( -1.257582580033950400, -0.1000000000000000100, -1.039254521236307600 ) ) ;
#4118 = CARTESIAN_POINT ( 'NONE',  ( -1.316993844434797700, 0.0000000000000000000, 0.9733463376187478900 ) ) ;
#4119 = VECTOR ( 'NONE', #539, 1000.000000000000000 ) ;
#4120 = ORIENTED_EDGE ( 'NONE', *, *, #6251, .F. ) ;
#4121 = DIRECTION ( 'NONE',  ( 0.0000000000000000000, 1.000000000000000000, 0.0000000000000000000 ) ) ;
#4122 = VECTOR ( 'NONE', #6712, 1000.000000000000000 ) ;
#4123 = ORIENTED_EDGE ( 'NONE', *, *, #6264, .F. ) ;
#4124 = CARTESIAN_POINT ( 'NONE',  ( 0.6156878555317633100, -0.9499999999999999600, 1.217574864917437800 ) ) ;
#4125 = EDGE_CURVE ( 'NONE', #2847, #2229, #7382, .T. ) ;
#4126 = ORIENTED_EDGE ( 'NONE', *, *, #3619, .F. ) ;
#4127 = DIRECTION ( 'NONE',  ( -0.0000000000000000000, -1.000000000000000000, -0.0000000000000000000 ) ) ;
#4128 = VECTOR ( 'NONE', #5215, 1000.000000000000000 ) ;
#4129 = DIRECTION ( 'NONE',  ( -4.725111164402086400E-032, -1.000000000000000000, -3.491481338843133400E-015 ) ) ;
#4130 = LINE ( 'NONE', #5256, #7079 ) ;
#4131 = DIRECTION ( 'NONE',  ( 0.2776101958792883700, -0.9606938009292364000, -3.183482271190799100E-015 ) ) ;
#4132 = FACE_OUTER_BOUND ( 'NONE', #4059, .T. ) ;
#4133 = ORIENTED_EDGE ( 'NONE', *, *, #2417, .T. ) ;
#4134 = ORIENTED_EDGE ( 'NONE', *, *, #1100, .F. ) ;
#4135 = CARTESIAN_POINT ( 'NONE',  ( -1.456138752583288300, -0.2000000000000004300, -1.349999999999999900 ) ) ;
#4136 = CARTESIAN_POINT ( 'NONE',  ( -0.5165027480058550500, -0.1000000000000000100, -1.143289036108584800 ) ) ;
#4137 = FACE_OUTER_BOUND ( 'NONE', #3631, .T. ) ;
#4138 = VERTEX_POINT ( 'NONE', #7135 ) ;
#4139 = EDGE_CURVE ( 'NONE', #2847, #3546, #2604, .T. ) ;
#4140 = VERTEX_POINT ( 'NONE', #4823 ) ;
#4141 = DIRECTION ( 'NONE',  ( -0.0000000000000000000, -0.0000000000000000000, -1.000000000000000000 ) ) ;
#4142 = VECTOR ( 'NONE', #4734, 1000.000000000000000 ) ;
#4143 = ORIENTED_EDGE ( 'NONE', *, *, #4003, .F. ) ;
#4144 = VERTEX_POINT ( 'NONE', #4849 ) ;
#4145 = CARTESIAN_POINT ( 'NONE',  ( 0.6603828416892078000, -0.9499999999999999600, -1.350000000000000100 ) ) ;
#4146 = ADVANCED_FACE ( 'NONE', ( #1229 ), #1291, .F. ) ;
#4147 = PLANE ( 'NONE',  #2631 ) ;
#4148 = CARTESIAN_POINT ( 'NONE',  ( -1.500000000000000000, -0.1000000000000000100, 1.836970198721030200E-016 ) ) ;
#4149 = FACE_OUTER_BOUND ( 'NONE', #6487, .T. ) ;
#4150 = CARTESIAN_POINT ( 'NONE',  ( -1.450000000000000200, -1.000000000000000000, 1.836970198721030200E-016 ) ) ;
#4151 = ORIENTED_EDGE ( 'NONE', *, *, #3001, .F. ) ;
#4152 = VERTEX_POINT ( 'NONE', #3051 ) ;
#4153 = CARTESIAN_POINT ( 'NONE',  ( 1.580211397475753700, -0.01215624200168632600, -0.3473393961278734600 ) ) ;
#4154 = VECTOR ( 'NONE', #5328, 1000.000000000000000 ) ;
#4155 = DIRECTION ( 'NONE',  ( 0.0000000000000000000, 1.000000000000000000, 0.0000000000000000000 ) ) ;
#4156 = AXIS2_PLACEMENT_3D ( 'NONE', #6516, #92, #1371 ) ;
#4157 = ORIENTED_EDGE ( 'NONE', *, *, #5870, .F. ) ;
#4158 = CIRCLE ( 'NONE', #5731, 0.09182402748566186000 ) ;
#4159 = CARTESIAN_POINT ( 'NONE',  ( 0.7010740004227079500, 0.0000000000000000000, 1.200000000000000600 ) ) ;
#4160 = EDGE_CURVE ( 'NONE', #3085, #1064, #3325, .T. ) ;
#4161 = EDGE_CURVE ( 'NONE', #6675, #3162, #2140, .T. ) ;
#4162 = PLANE ( 'NONE',  #6341 ) ;
#4163 = VECTOR ( 'NONE', #395, 1000.000000000000000 ) ;
#4164 = PLANE ( 'NONE',  #4423 ) ;
#4165 = CARTESIAN_POINT ( 'NONE',  ( -1.316993844434797700, -0.1000000000000000100, 0.9733463376187478900 ) ) ;
#4166 = FACE_OUTER_BOUND ( 'NONE', #981, .T. ) ;
#4167 = AXIS2_PLACEMENT_3D ( 'NONE', #3768, #4934, #2008 ) ;
#4168 = CARTESIAN_POINT ( 'NONE',  ( 1.095778389361269800, -0.1000000000000000100, -1.350000000000000100 ) ) ;
#4169 = EDGE_CURVE ( 'NONE', #4393, #6450, #1137, .T. ) ;
#4170 = CARTESIAN_POINT ( 'NONE',  ( 1.500000000000000000, -0.9499999999999999600, 1.836970198721030200E-016 ) ) ;
#4171 = ORIENTED_EDGE ( 'NONE', *, *, #3382, .F. ) ;
#4172 = DIRECTION ( 'NONE',  ( 0.03706543680213364400, 0.7066208861173978200, -0.7066208861173936000 ) ) ;
#4173 = VECTOR ( 'NONE', #5147, 1000.000000000000000 ) ;
#4174 = PLANE ( 'NONE',  #320 ) ;
#4175 = EDGE_LOOP ( 'NONE', ( #4858, #93, #5797, #136 ) ) ;
#4176 = DIRECTION ( 'NONE',  ( 0.0000000000000000000, 0.0000000000000000000, 1.000000000000000000 ) ) ;
#4177 = ORIENTED_EDGE ( 'NONE', *, *, #3918, .T. ) ;
#4178 = AXIS2_PLACEMENT_3D ( 'NONE', #4001, #5169, #597 ) ;
#4179 = DIRECTION ( 'NONE',  ( 0.0000000000000000000, 0.0000000000000000000, 1.000000000000000000 ) ) ;
#4180 = ORIENTED_EDGE ( 'NONE', *, *, #5955, .F. ) ;
#4181 = ORIENTED_EDGE ( 'NONE', *, *, #1096, .T. ) ;
#4182 = ADVANCED_FACE ( 'NONE', ( #6649, #7475 ), #4772, .T. ) ;
#4183 = ADVANCED_FACE ( 'NONE', ( #7202 ), #5414, .F. ) ;
#4184 = DIRECTION ( 'NONE',  ( 0.9124114197061157200, -0.4092742371440823400, 1.990211349547696900E-015 ) ) ;
#4185 = DIRECTION ( 'NONE',  ( 0.0000000000000000000, -1.000000000000000000, -3.491481338843133400E-015 ) ) ;
#4186 = VECTOR ( 'NONE', #2408, 1000.000000000000000 ) ;
#4187 = EDGE_CURVE ( 'NONE', #6392, #6587, #4056, .T. ) ;
#4188 = LINE ( 'NONE', #438, #4932 ) ;
#4189 = ORIENTED_EDGE ( 'NONE', *, *, #2267, .T. ) ;
#4190 = AXIS2_PLACEMENT_3D ( 'NONE', #6208, #3275, #360 ) ;
#4191 = DIRECTION ( 'NONE',  ( 2.095348492642633200E-016, 0.5178177716736868100, -0.8554909440425991800 ) ) ;
#4192 = CARTESIAN_POINT ( 'NONE',  ( 0.6092499729370461900, -0.1000000000000000100, 1.217362676867157500 ) ) ;
#4193 = ORIENTED_EDGE ( 'NONE', *, *, #7538, .F. ) ;
#4194 = EDGE_CURVE ( 'NONE', #1655, #225, #1047, .T. ) ;
#4195 = VERTEX_POINT ( 'NONE', #702 ) ;
#4196 = ORIENTED_EDGE ( 'NONE', *, *, #1515, .F. ) ;
#4197 = CARTESIAN_POINT ( 'NONE',  ( 0.8890101095548962300, -0.1499999999999999700, -1.350000000000000800 ) ) ;
#4198 = LINE ( 'NONE', #4947, #6395 ) ;
#4199 = LINE ( 'NONE', #4358, #989 ) ;
#4200 = CIRCLE ( 'NONE', #2662, 0.04999999999999991300 ) ;
#4201 = PLANE ( 'NONE',  #5087 ) ;
#4202 = DIRECTION ( 'NONE',  ( -1.000000000000000000, 0.0000000000000000000, 0.0000000000000000000 ) ) ;
#4203 = ORIENTED_EDGE ( 'NONE', *, *, #6679, .F. ) ;
#4204 = AXIS2_PLACEMENT_3D ( 'NONE', #4472, #5648, #352 ) ;
#4205 = CARTESIAN_POINT ( 'NONE',  ( -0.8890101095548962300, -0.5975000926685795100, 1.350000000000002300 ) ) ;
#4206 = LINE ( 'NONE', #769, #5859 ) ;
#4207 = EDGE_CURVE ( 'NONE', #7372, #725, #4816, .T. ) ;
#4208 = DIRECTION ( 'NONE',  ( 6.151150412723322900E-016, -3.491481338843133400E-015, 1.000000000000000000 ) ) ;
#4209 = VECTOR ( 'NONE', #948, 1000.000000000000000 ) ;
#4210 = ORIENTED_EDGE ( 'NONE', *, *, #7314, .T. ) ;
#4211 = DIRECTION ( 'NONE',  ( -0.7071067811865474600, -0.0000000000000000000, -0.7071067811865474600 ) ) ;
#4212 = CARTESIAN_POINT ( 'NONE',  ( 1.749999999999999800, -0.9499999999999999600, 1.000000000000000000 ) ) ;
#4213 = AXIS2_PLACEMENT_3D ( 'NONE', #7200, #130, #3697 ) ;
#4214 = CARTESIAN_POINT ( 'NONE',  ( 0.0000000000000000000, 0.0000000000000000000, 0.0000000000000000000 ) ) ;
#4215 = EDGE_CURVE ( 'NONE', #5756, #2304, #3503, .T. ) ;
#4216 = VECTOR ( 'NONE', #5938, 1000.000000000000000 ) ;
#4217 = EDGE_CURVE ( 'NONE', #4897, #6591, #406, .T. ) ;
#4218 = VERTEX_POINT ( 'NONE', #2480 ) ;
#4219 = CARTESIAN_POINT ( 'NONE',  ( 1.599995384865360700, -0.1000000000000000100, 0.3459031131721494500 ) ) ;
#4220 = PLANE ( 'NONE',  #5246 ) ;
#4221 = DIRECTION ( 'NONE',  ( -0.0000000000000000000, -1.000000000000000000, 0.0000000000000000000 ) ) ;
#4222 = VECTOR ( 'NONE', #675, 1000.000000000000000 ) ;
#4223 = VERTEX_POINT ( 'NONE', #3736 ) ;
#4224 = CARTESIAN_POINT ( 'NONE',  ( 1.388759507161886800, -0.7266680502297835400, 1.250000000000002900 ) ) ;
#4225 = DIRECTION ( 'NONE',  ( -6.151150412723322900E-016, 0.0000000000000000000, 1.000000000000000000 ) ) ;
#4226 = ADVANCED_FACE ( 'NONE', ( #7001 ), #2134, .F. ) ;
#4227 = VECTOR ( 'NONE', #5061, 1000.000000000000000 ) ;
#4228 = CARTESIAN_POINT ( 'NONE',  ( -1.239179746653218400, -0.4913441754571611900, 1.350000000000002100 ) ) ;
#4229 = LINE ( 'NONE', #49, #7552 ) ;
#4230 = CARTESIAN_POINT ( 'NONE',  ( -1.499999999999999800, -0.1000000000000000100, 0.9138294609943661300 ) ) ;
#4231 = DIRECTION ( 'NONE',  ( 0.0000000000000000000, 0.0000000000000000000, 1.000000000000000000 ) ) ;
#4232 = VERTEX_POINT ( 'NONE', #7357 ) ;
#4233 = DIRECTION ( 'NONE',  ( -0.0000000000000000000, -1.000000000000000000, -0.0000000000000000000 ) ) ;
#4234 = LINE ( 'NONE', #3186, #5050 ) ;
#4235 = LINE ( 'NONE', #3552, #1116 ) ;
#4236 = EDGE_CURVE ( 'NONE', #5935, #3716, #1879, .T. ) ;
#4237 = LINE ( 'NONE', #3611, #576 ) ;
#4238 = VERTEX_POINT ( 'NONE', #1970 ) ;
#4239 = ORIENTED_EDGE ( 'NONE', *, *, #6211, .T. ) ;
#4240 = AXIS2_PLACEMENT_3D ( 'NONE', #1188, #1215, #3434 ) ;
#4241 = CARTESIAN_POINT ( 'NONE',  ( 0.7010740004227079500, -0.1499999999999999700, -1.350000000000000300 ) ) ;
#4242 = DIRECTION ( 'NONE',  ( 0.0000000000000000000, 0.0000000000000000000, -1.000000000000000000 ) ) ;
#4243 = EDGE_CURVE ( 'NONE', #5645, #6822, #3317, .T. ) ;
#4244 = LINE ( 'NONE', #1764, #5443 ) ;
#4245 = DIRECTION ( 'NONE',  ( -0.0000000000000000000, -0.0000000000000000000, -1.000000000000000000 ) ) ;
#4246 = ORIENTED_EDGE ( 'NONE', *, *, #6056, .F. ) ;
#4247 = ORIENTED_EDGE ( 'NONE', *, *, #2205, .F. ) ;
#4248 = ORIENTED_EDGE ( 'NONE', *, *, #3428, .T. ) ;
#4249 = CARTESIAN_POINT ( 'NONE',  ( 1.719998683103989700, -0.3697070418052864600, 0.2000000000000000400 ) ) ;
#4250 = VECTOR ( 'NONE', #6762, 1000.000000000000000 ) ;
#4251 = DIRECTION ( 'NONE',  ( 0.0000000000000000000, 1.000000000000000000, 0.0000000000000000000 ) ) ;
#4252 = ORIENTED_EDGE ( 'NONE', *, *, #5734, .F. ) ;
#4253 = DIRECTION ( 'NONE',  ( 5.165768915825848000E-015, -1.000000000000000000, -5.165768915825848000E-015 ) ) ;
#4254 = CARTESIAN_POINT ( 'NONE',  ( -1.533598421379602100, -0.001077145510261591100, 0.3704296527930452900 ) ) ;
#4255 = CARTESIAN_POINT ( 'NONE',  ( -1.095778389361269800, -0.1000000000000000100, -1.350000000000000100 ) ) ;
#4256 = VECTOR ( 'NONE', #3096, 1000.000000000000000 ) ;
#4257 = DIRECTION ( 'NONE',  ( -1.000000000000000000, 0.0000000000000000000, 0.0000000000000000000 ) ) ;
#4258 = UNCERTAINTY_MEASURE_WITH_UNIT (LENGTH_MEASURE( 1.000000000000000100E-005 ), #25, 'distance_accuracy_value', 'NONE');
#4259 = ORIENTED_EDGE ( 'NONE', *, *, #921, .F. ) ;
#4260 = FACE_OUTER_BOUND ( 'NONE', #7222, .T. ) ;
#4261 = AXIS2_PLACEMENT_3D ( 'NONE', #5048, #4385, #1520 ) ;
#4262 = ADVANCED_FACE ( 'NONE', ( #1686 ), #2065, .T. ) ;
#4263 = CARTESIAN_POINT ( 'NONE',  ( -1.511371717397266700, -0.09999999999999989500, 0.3459031131721495000 ) ) ;
#4264 = VERTEX_POINT ( 'NONE', #5504 ) ;
#4265 = CIRCLE ( 'NONE', #150, 0.05951687662438182700 ) ;
#4266 = ORIENTED_EDGE ( 'NONE', *, *, #6382, .T. ) ;
#4267 = CARTESIAN_POINT ( 'NONE',  ( 0.8890101095548962300, -0.4913441754571611900, 1.350000000000001900 ) ) ;
#4268 = VERTEX_POINT ( 'NONE', #1997 ) ;
#4269 = VERTEX_POINT ( 'NONE', #7254 ) ;
#4270 = AXIS2_PLACEMENT_3D ( 'NONE', #5981, #7234, #7188 ) ;
#4271 = LINE ( 'NONE', #1114, #6292 ) ;
#4272 = CARTESIAN_POINT ( 'NONE',  ( -1.053594130719925500, -0.1499999999999999700, 1.200000000000000600 ) ) ;
#4273 = VERTEX_POINT ( 'NONE', #4921 ) ;
#4274 = ORIENTED_EDGE ( 'NONE', *, *, #3423, .T. ) ;
#4275 = CARTESIAN_POINT ( 'NONE',  ( 1.511371717397266700, 0.0000000000000000000, -0.3995886713259301200 ) ) ;
#4276 = ORIENTED_EDGE ( 'NONE', *, *, #956, .F. ) ;
#4277 = DIRECTION ( 'NONE',  ( 0.0000000000000000000, -1.000000000000000000, 0.0000000000000000000 ) ) ;
#4278 = DIRECTION ( 'NONE',  ( 0.0000000000000000000, 1.000000000000000000, 0.0000000000000000000 ) ) ;
#4279 = CARTESIAN_POINT ( 'NONE',  ( -1.096148662824762300, -0.1000000000000000100, -1.217574864917437600 ) ) ;
#4280 = CARTESIAN_POINT ( 'NONE',  ( 1.682607193318285800, -0.1000000000000000100, -0.3459031131721494500 ) ) ;
#4281 = LINE ( 'NONE', #6774, #1253 ) ;
#4282 = EDGE_LOOP ( 'NONE', ( #6550, #6909, #6441, #5449, #2880, #1920, #3227, #1865, #5806, #2248, #637, #3923 ) ) ;
#4283 = EDGE_CURVE ( 'NONE', #5851, #5007, #3864, .T. ) ;
#4284 = CARTESIAN_POINT ( 'NONE',  ( 1.053594130719925500, -0.1499999999999999700, 1.200000000000000600 ) ) ;
#4285 = ORIENTED_EDGE ( 'NONE', *, *, #6483, .T. ) ;
#4286 = LINE ( 'NONE', #3167, #3643 ) ;
#4287 = VECTOR ( 'NONE', #7396, 1000.000000000000000 ) ;
#4288 = EDGE_LOOP ( 'NONE', ( #6268, #3277, #4354, #5102 ) ) ;
#4289 = ORIENTED_EDGE ( 'NONE', *, *, #1544, .T. ) ;
#4290 = CARTESIAN_POINT ( 'NONE',  ( 1.239179746653218400, -0.4913441754571615200, -1.250000000000002000 ) ) ;
#4291 = EDGE_CURVE ( 'NONE', #1534, #5207, #3496, .T. ) ;
#4292 = VERTEX_POINT ( 'NONE', #6145 ) ;
#4293 = PLANE ( 'NONE',  #804 ) ;
#4294 = CARTESIAN_POINT ( 'NONE',  ( 0.7010740004227079500, -0.09999999999999965900, -1.350000000000000300 ) ) ;
#4295 = FACE_OUTER_BOUND ( 'NONE', #2801, .T. ) ;
#4296 = CARTESIAN_POINT ( 'NONE',  ( -1.316993844434797900, -0.1000000000000000100, -0.9733463376187478900 ) ) ;
#4297 = DIRECTION ( 'NONE',  ( 5.165768915825848000E-015, -1.000000000000000000, 5.165768915825848000E-015 ) ) ;
#4298 = DIRECTION ( 'NONE',  ( -0.7813787199487143300, 0.0000000000000000000, -0.6240571255993386800 ) ) ;
#4299 = ORIENTED_EDGE ( 'NONE', *, *, #3638, .F. ) ;
#4300 = ADVANCED_FACE ( 'NONE', ( #873 ), #1414, .T. ) ;
#4301 = CARTESIAN_POINT ( 'NONE',  ( 0.5165027480058550500, -0.1000000000000000100, 1.143289036108584800 ) ) ;
#4302 = PLANE ( 'NONE',  #2956 ) ;
#4303 = CARTESIAN_POINT ( 'NONE',  ( 0.0000000000000000000, 0.4000000000000000200, 0.0000000000000000000 ) ) ;
#4304 = CARTESIAN_POINT ( 'NONE',  ( -1.376510721059179600, -0.1000000000000000100, 0.9733463376187478900 ) ) ;
#4305 = ORIENTED_EDGE ( 'NONE', *, *, #3526, .T. ) ;
#4307 = EDGE_CURVE ( 'NONE', #4152, #4619, #2314, .T. ) ;
#4306 = DIRECTION ( 'NONE',  ( -1.000000000000000000, -0.0000000000000000000, -0.0000000000000000000 ) ) ;
#4308 = EDGE_CURVE ( 'NONE', #6222, #5419, #4985, .T. ) ;
#4309 = VECTOR ( 'NONE', #4735, 1000.000000000000000 ) ;
#4310 = CARTESIAN_POINT ( 'NONE',  ( 1.450893303781768000, -0.1000000000000000100, 1.052476713040994000 ) ) ;
#4311 = ORIENTED_EDGE ( 'NONE', *, *, #6945, .F. ) ;
#4312 = DIRECTION ( 'NONE',  ( 0.0000000000000000000, 0.0000000000000000000, -1.000000000000000000 ) ) ;
#4313 = VECTOR ( 'NONE', #952, 1000.000000000000000 ) ;
#4314 = ORIENTED_EDGE ( 'NONE', *, *, #5543, .T. ) ;
#4315 = PLANE ( 'NONE',  #2601 ) ;
#4316 = VERTEX_POINT ( 'NONE', #285 ) ;
#4317 = CARTESIAN_POINT ( 'NONE',  ( 0.0000000000000000000, 0.0000000000000000000, 0.0000000000000000000 ) ) ;
#4318 = LINE ( 'NONE', #4255, #3484 ) ;
#4319 = CARTESIAN_POINT ( 'NONE',  ( 1.040949779275250100E-016, 3.204163056034261500, 0.8499999999999999800 ) ) ;
#4320 = LINE ( 'NONE', #3811, #6713 ) ;
#4321 = EDGE_LOOP ( 'NONE', ( #6201, #4501, #3083, #7197 ) ) ;
#4322 = CARTESIAN_POINT ( 'NONE',  ( 0.7010740004227079500, -0.1000000000000000100, -1.190489813122816500 ) ) ;
#4323 = EDGE_CURVE ( 'NONE', #3716, #690, #3789, .T. ) ;
#4324 = CARTESIAN_POINT ( 'NONE',  ( -1.096148662824762300, -0.9499999999999999600, -1.217574864917437600 ) ) ;
#4325 = LINE ( 'NONE', #132, #6634 ) ;
#4326 = DIRECTION ( 'NONE',  ( 0.0000000000000000000, -1.000000000000000000, 5.165768915825848000E-015 ) ) ;
#4327 = ORIENTED_EDGE ( 'NONE', *, *, #5617, .T. ) ;
#4328 = DIRECTION ( 'NONE',  ( 2.449293598294706400E-016, -0.0000000000000000000, 1.000000000000000000 ) ) ;
#4329 = ORIENTED_EDGE ( 'NONE', *, *, #4382, .T. ) ;
#4330 = ORIENTED_EDGE ( 'NONE', *, *, #644, .F. ) ;
#4331 = EDGE_LOOP ( 'NONE', ( #4210, #4480, #679, #6764, #5295, #5763, #6756, #5568 ) ) ;
#4332 = ORIENTED_EDGE ( 'NONE', *, *, #687, .F. ) ;
#4333 = EDGE_CURVE ( 'NONE', #3348, #7313, #6360, .T. ) ;
#4334 = ORIENTED_EDGE ( 'NONE', *, *, #1698, .T. ) ;
#4335 = AXIS2_PLACEMENT_3D ( 'NONE', #3556, #1265, #7084 ) ;
#4336 = ADVANCED_FACE ( 'NONE', ( #688 ), #264, .T. ) ;
#4337 = ORIENTED_EDGE ( 'NONE', *, *, #886, .F. ) ;
#4338 = EDGE_CURVE ( 'NONE', #3339, #1048, #6734, .T. ) ;
#4339 = CARTESIAN_POINT ( 'NONE',  ( -1.388759507161886800, -0.7266680502297832000, 1.350000000000003000 ) ) ;
#4340 = VECTOR ( 'NONE', #5921, 1000.000000000000100 ) ;
#4341 = VERTEX_POINT ( 'NONE', #879 ) ;
#4342 = CARTESIAN_POINT ( 'NONE',  ( 1.388759507161886800, -0.7266680502297832000, 1.350000000000003000 ) ) ;
#4343 = LINE ( 'NONE', #6050, #2784 ) ;
#4344 = DIRECTION ( 'NONE',  ( 0.9977699586006789600, -0.06674660825839379100, 0.0000000000000000000 ) ) ;
#4345 = DIRECTION ( 'NONE',  ( 0.9606938009292362900, -0.2776101958792883100, -1.560208025393783100E-015 ) ) ;
#4346 = DIRECTION ( 'NONE',  ( 0.0000000000000000000, 1.000000000000000000, 0.0000000000000000000 ) ) ;
#4347 =( BOUNDED_CURVE ( )  B_SPLINE_CURVE ( 3, ( #6625, #4878, #757, #1326 ),
 .UNSPECIFIED., .F., .F. ) 
 B_SPLINE_CURVE_WITH_KNOTS ( ( 4, 4 ),
 ( 4.198722860032425800, 4.645592711925855800 ),
 .UNSPECIFIED. ) 
 CURVE ( )  GEOMETRIC_REPRESENTATION_ITEM ( )  RATIONAL_B_SPLINE_CURVE ( ( 1.000000000000000000, 0.9834280606980728700, 0.9834280606980728700, 1.000000000000000000 ) ) 
 REPRESENTATION_ITEM ( '' )  );
#4348 = PLANE ( 'NONE',  #3851 ) ;
#4349 = EDGE_CURVE ( 'NONE', #4273, #2393, #589, .T. ) ;
#4350 = CARTESIAN_POINT ( 'NONE',  ( -1.181336235645685100, -0.5192282339237753700, -1.350000000000002300 ) ) ;
#4351 = PLANE ( 'NONE',  #296 ) ;
#4352 = CARTESIAN_POINT ( 'NONE',  ( -1.500000000000000000, 0.0000000000000000000, -1.836970198721030200E-016 ) ) ;
#4353 = CARTESIAN_POINT ( 'NONE',  ( -1.500000000000000200, -0.9499999999999999600, -1.052476713040993600 ) ) ;
#4354 = ORIENTED_EDGE ( 'NONE', *, *, #7039, .F. ) ;
#4355 = CYLINDRICAL_SURFACE ( 'NONE', #2486, 0.1879361091321884700 ) ;
#4356 = VERTEX_POINT ( 'NONE', #5555 ) ;
#4357 = ORIENTED_EDGE ( 'NONE', *, *, #1685, .F. ) ;
#4358 = CARTESIAN_POINT ( 'NONE',  ( 0.0000000000000000000, 3.204163056034261500, -0.8499999999999999800 ) ) ;
#4359 = DIRECTION ( 'NONE',  ( -0.0000000000000000000, 1.000000000000000000, -0.0000000000000000000 ) ) ;
#4360 = EDGE_CURVE ( 'NONE', #7540, #4893, #2683, .T. ) ;
#4361 = VECTOR ( 'NONE', #5099, 1000.000000000000000 ) ;
#4362 = ORIENTED_EDGE ( 'NONE', *, *, #6960, .F. ) ;
#4363 = DIRECTION ( 'NONE',  ( -6.151150412723322900E-016, -0.0000000000000000000, -1.000000000000000000 ) ) ;
#4364 = EDGE_CURVE ( 'NONE', #1655, #5351, #6641, .T. ) ;
#4365 = VERTEX_POINT ( 'NONE', #3267 ) ;
#4366 = CARTESIAN_POINT ( 'NONE',  ( 1.500000000000000200, -0.8800000000000000000, -0.6599999999999997000 ) ) ;
#4367 = VECTOR ( 'NONE', #6600, 1000.000000000000000 ) ;
#4368 = CARTESIAN_POINT ( 'NONE',  ( 1.040949779275250100E-016, -0.1000000000000000100, 0.8499999999999999800 ) ) ;
#4369 = CIRCLE ( 'NONE', #6088, 0.1499999999999999700 ) ;
#4370 = VERTEX_POINT ( 'NONE', #2731 ) ;
#4371 = ADVANCED_FACE ( 'NONE', ( #2414 ), #6266, .F. ) ;
#4372 = VERTEX_POINT ( 'NONE', #4447 ) ;
#4373 = VERTEX_POINT ( 'NONE', #1018 ) ;
#4374 = ORIENTED_EDGE ( 'NONE', *, *, #7384, .T. ) ;
#4375 = DIRECTION ( 'NONE',  ( 0.0000000000000000000, -0.0000000000000000000, -1.000000000000000000 ) ) ;
#4376 = EDGE_LOOP ( 'NONE', ( #6747, #367, #5882, #6524 ) ) ;
#4377 = VECTOR ( 'NONE', #4278, 1000.000000000000000 ) ;
#4378 = EDGE_CURVE ( 'NONE', #6637, #2091, #2047, .T. ) ;
#4379 = VECTOR ( 'NONE', #423, 1000.000000000000000 ) ;
#4380 = DIRECTION ( 'NONE',  ( 2.372876381782987800E-016, -1.092751075564479400E-016, -1.000000000000000000 ) ) ;
#4381 = VECTOR ( 'NONE', #4760, 1000.000000000000000 ) ;
#4382 = EDGE_CURVE ( 'NONE', #5421, #736, #7376, .T. ) ;
#4383 = ORIENTED_EDGE ( 'NONE', *, *, #7617, .F. ) ;
#4384 = ORIENTED_EDGE ( 'NONE', *, *, #6650, .F. ) ;
#4385 = DIRECTION ( 'NONE',  ( 0.0000000000000000000, 0.8554909440425991800, -0.5178177716736868100 ) ) ;
#4386 = CARTESIAN_POINT ( 'NONE',  ( 1.095778389361269400, -0.1000000000000000100, 1.866607263856683100 ) ) ;
#4387 = CARTESIAN_POINT ( 'NONE',  ( -1.456138752583287800, -0.2000000000000004300, 1.350000000000000300 ) ) ;
#4388 = LINE ( 'NONE', #7270, #2372 ) ;
#4389 = EDGE_LOOP ( 'NONE', ( #7397, #2287, #3379, #3949 ) ) ;
#4390 = CARTESIAN_POINT ( 'NONE',  ( 1.053594130719925500, 0.0000000000000000000, 1.190489813122816800 ) ) ;
#4391 = DIRECTION ( 'NONE',  ( 0.0000000000000000000, 0.0000000000000000000, -1.000000000000000000 ) ) ;
#4392 = LINE ( 'NONE', #2445, #5131 ) ;
#4393 = VERTEX_POINT ( 'NONE', #6300 ) ;
#4394 = DIRECTION ( 'NONE',  ( 0.7813787199487143300, 0.0000000000000000000, 0.6240571255993386800 ) ) ;
#4395 = B_SPLINE_CURVE_WITH_KNOTS ( 'NONE', 3,
 ( #1210, #7086, #4153, #1837, #658, #4729, #5931, #5907, #7116, #94, #4778, #5368, #1240 ),
 .UNSPECIFIED., .F., .F.,
 ( 4, 3, 3, 3, 4 ),
 ( 3.388131789017201400E-021, 3.231034989478935100E-005, 6.474271171772251500E-005, 9.577658122321243500E-005, 0.0001114974093898516700 ),
 .UNSPECIFIED. ) ;
#4396 = DIRECTION ( 'NONE',  ( 0.0000000000000000000, 1.000000000000000000, 0.0000000000000000000 ) ) ;
#4397 = CARTESIAN_POINT ( 'NONE',  ( 1.456138752583288300, -0.2000000000000004300, -1.349999999999999900 ) ) ;
#4398 = FACE_OUTER_BOUND ( 'NONE', #4465, .T. ) ;
#4399 = ORIENTED_EDGE ( 'NONE', *, *, #3103, .T. ) ;
#4400 = AXIS2_PLACEMENT_3D ( 'NONE', #1008, #3403, #2844 ) ;
#4401 = LINE ( 'NONE', #1823, #4770 ) ;
#4403 = EDGE_CURVE ( 'NONE', #2864, #1064, #6911, .T. ) ;
#4402 = DIRECTION ( 'NONE',  ( 6.151150412723322900E-016, -3.491481338843133400E-015, 1.000000000000000000 ) ) ;
#4404 = EDGE_CURVE ( 'NONE', #5320, #6719, #4895, .T. ) ;
#4405 = LINE ( 'NONE', #6452, #1317 ) ;
#4406 = VECTOR ( 'NONE', #4685, 1000.000000000000000 ) ;
#4407 = CLOSED_SHELL ( 'NONE', ( #2569, #7344, #2917, #6656, #2879, #1386 ) ) ;
#4408 = CARTESIAN_POINT ( 'NONE',  ( -1.090532940559749900, -0.2000000000000004300, -1.350000000000000100 ) ) ;
#4409 = ADVANCED_FACE ( 'NONE', ( #5538 ), #4426, .F. ) ;
#4410 = CIRCLE ( 'NONE', #2854, 0.1186968912300025000 ) ;
#4411 = AXIS2_PLACEMENT_3D ( 'NONE', #1136, #2922, #5877 ) ;
#4412 = CARTESIAN_POINT ( 'NONE',  ( 0.5165027480058550500, -0.1000000000000000100, -1.143289036108584800 ) ) ;
#4413 = EDGE_CURVE ( 'NONE', #2508, #2875, #6554, .T. ) ;
#4414 = LINE ( 'NONE', #5701, #488 ) ;
#4415 = ORIENTED_EDGE ( 'NONE', *, *, #7290, .F. ) ;
#4416 = CARTESIAN_POINT ( 'NONE',  ( -1.096148662824761900, -0.4810162188969698300, -1.250000000000002000 ) ) ;
#4417 = ORIENTED_EDGE ( 'NONE', *, *, #1080, .T. ) ;
#4418 = LINE ( 'NONE', #78, #4040 ) ;
#4419 = CARTESIAN_POINT ( 'NONE',  ( -0.5165027480058550500, 0.0000000000000000000, 1.143289036108584800 ) ) ;
#4420 = EDGE_LOOP ( 'NONE', ( #1290, #2439, #353, #3641 ) ) ;
#4421 = VERTEX_POINT ( 'NONE', #3894 ) ;
#4422 = ORIENTED_EDGE ( 'NONE', *, *, #2471, .T. ) ;
#4423 = AXIS2_PLACEMENT_3D ( 'NONE', #5379, #138, #671 ) ;
#4424 = CARTESIAN_POINT ( 'NONE',  ( 1.096148662824761900, -0.4810162188969698300, -1.250000000000002000 ) ) ;
#4425 = DIRECTION ( 'NONE',  ( -1.000000000000000000, -6.327147275692834200E-031, 6.151150412723322900E-016 ) ) ;
#4426 = CYLINDRICAL_SURFACE ( 'NONE', #1089, 0.1186968912300025000 ) ;
#4427 = ORIENTED_EDGE ( 'NONE', *, *, #5200, .T. ) ;
#4428 = PLANE ( 'NONE',  #2227 ) ;
#4429 = ORIENTED_EDGE ( 'NONE', *, *, #2366, .T. ) ;
#4430 = DIRECTION ( 'NONE',  ( 0.06674660825839352800, -0.9977699586006789600, 0.0000000000000000000 ) ) ;
#4431 = EDGE_CURVE ( 'NONE', #3690, #3438, #4806, .T. ) ;
#4432 = LINE ( 'NONE', #2351, #1507 ) ;
#4433 = DIRECTION ( 'NONE',  ( -2.449293598294706400E-016, 0.0000000000000000000, -1.000000000000000000 ) ) ;
#4434 = PLANE ( 'NONE',  #5452 ) ;
#4435 = CARTESIAN_POINT ( 'NONE',  ( -1.376510721059179600, -0.1000000000000000100, -0.9138294609943661300 ) ) ;
#4436 = ORIENTED_EDGE ( 'NONE', *, *, #7063, .T. ) ;
#4437 = EDGE_CURVE ( 'NONE', #4071, #7576, #5808, .T. ) ;
#4438 = CIRCLE ( 'NONE', #1859, 0.1966079410694898100 ) ;
#4439 = DIRECTION ( 'NONE',  ( 0.0000000000000000000, -0.0000000000000000000, 1.000000000000000000 ) ) ;
#4440 = SURFACE_SIDE_STYLE ('',( #4105 ) ) ;
#4441 = VERTEX_POINT ( 'NONE', #6199 ) ;
#4442 = CIRCLE ( 'NONE', #3804, 0.1499999999999999700 ) ;
#4443 = ORIENTED_EDGE ( 'NONE', *, *, #2721, .F. ) ;
#4444 = PLANE ( 'NONE',  #2921 ) ;
#4445 = EDGE_LOOP ( 'NONE', ( #5980, #2770, #3102 ) ) ;
#4446 = AXIS2_PLACEMENT_3D ( 'NONE', #7000, #2871, #7603 ) ;
#4447 = CARTESIAN_POINT ( 'NONE',  ( -1.257582580033950400, -0.1000000000000000100, -1.098665785637154700 ) ) ;
#4448 = ADVANCED_FACE ( 'NONE', ( #3602 ), #7486, .T. ) ;
#4449 = DIRECTION ( 'NONE',  ( -1.000000000000000000, 2.147662687844072100E-030, 6.151150412723322900E-016 ) ) ;
#4450 = EDGE_CURVE ( 'NONE', #5082, #313, #399, .T. ) ;
#4451 = VERTEX_POINT ( 'NONE', #3950 ) ;
#4452 = CARTESIAN_POINT ( 'NONE',  ( 1.557307507650953000, -0.005441558916786642200, 0.3554744059104262300 ) ) ;
#4453 = EDGE_CURVE ( 'NONE', #3730, #1860, #1132, .T. ) ;
#4454 = FACE_OUTER_BOUND ( 'NONE', #394, .T. ) ;
#4455 = ORIENTED_EDGE ( 'NONE', *, *, #6460, .T. ) ;
#4456 = ORIENTED_EDGE ( 'NONE', *, *, #5002, .F. ) ;
#4457 = DIRECTION ( 'NONE',  ( 1.731912112470991500E-016, 0.7071067811865454600, -0.7071067811865495700 ) ) ;
#4458 = ORIENTED_EDGE ( 'NONE', *, *, #6066, .F. ) ;
#4459 = DIRECTION ( 'NONE',  ( 0.0000000000000000000, 0.0000000000000000000, -1.000000000000000000 ) ) ;
#4460 = AXIS2_PLACEMENT_3D ( 'NONE', #3359, #2313, #2216 ) ;
#4461 = FACE_OUTER_BOUND ( 'NONE', #1526, .T. ) ;
#4462 = EDGE_LOOP ( 'NONE', ( #2774, #1908, #1433, #5906 ) ) ;
#4463 = CARTESIAN_POINT ( 'NONE',  ( 0.7010740004227081800, -0.1499999999999994400, -1.350000000000000500 ) ) ;
#4464 = ORIENTED_EDGE ( 'NONE', *, *, #5561, .T. ) ;
#4465 = EDGE_LOOP ( 'NONE', ( #6644, #4556, #1043, #2752 ) ) ;
#4466 = ORIENTED_EDGE ( 'NONE', *, *, #3224, .T. ) ;
#4467 = CARTESIAN_POINT ( 'NONE',  ( -1.257582580033950400, -0.1000000000000000100, -1.098665785637154700 ) ) ;
#4468 = VECTOR ( 'NONE', #2045, 1000.000000000000000 ) ;
#4469 = LINE ( 'NONE', #781, #2087 ) ;
#4470 = CARTESIAN_POINT ( 'NONE',  ( 1.500000000000000200, -0.8800000000000000000, -0.9999999999999995600 ) ) ;
#4471 = EDGE_LOOP ( 'NONE', ( #2738, #3334, #7047, #861 ) ) ;
#4472 = CARTESIAN_POINT ( 'NONE',  ( -1.600000000000000100, 0.0000000000000000000, 0.3459031131721502200 ) ) ;
#4473 = CARTESIAN_POINT ( 'NONE',  ( -1.145418158205587300, -0.1000000000000000100, -1.190489813122816800 ) ) ;
#4474 = ORIENTED_EDGE ( 'NONE', *, *, #6211, .F. ) ;
#4475 = DIRECTION ( 'NONE',  ( -0.0000000000000000000, 1.000000000000000000, 0.0000000000000000000 ) ) ;
#4476 = CARTESIAN_POINT ( 'NONE',  ( -0.9500000000000004000, -0.9499999999999999600, -1.165301229036685800 ) ) ;
#4477 = DIRECTION ( 'NONE',  ( 1.000000000000000000, 0.0000000000000000000, -0.0000000000000000000 ) ) ;
#4478 = EDGE_CURVE ( 'NONE', #985, #866, #142, .T. ) ;
#4479 = CARTESIAN_POINT ( 'NONE',  ( 1.450893303781768200, -0.1000000000000000100, -1.250000000000000000 ) ) ;
#4480 = ORIENTED_EDGE ( 'NONE', *, *, #4478, .F. ) ;
#4481 = AXIS2_PLACEMENT_3D ( 'NONE', #3584, #1349, #6602 ) ;
#4482 = CARTESIAN_POINT ( 'NONE',  ( 9.797174393178824900E-017, 0.3500000000000000300, -0.7999999999999999300 ) ) ;
#4483 = EDGE_CURVE ( 'NONE', #3673, #1166, #5619, .T. ) ;
#4484 = PLANE ( 'NONE',  #51 ) ;
#4485 = ADVANCED_FACE ( 'NONE', ( #4049 ), #3234, .F. ) ;
#4486 = DIRECTION ( 'NONE',  ( 4.725111164402086400E-032, -1.000000000000000000, 3.491481338843133400E-015 ) ) ;
#4487 = ORIENTED_EDGE ( 'NONE', *, *, #6133, .F. ) ;
#4488 = PLANE ( 'NONE',  #6246 ) ;
#4489 = AXIS2_PLACEMENT_3D ( 'NONE', #2609, #942, #3781 ) ;
#4490 = LINE ( 'NONE', #1990, #928 ) ;
#4491 = ORIENTED_EDGE ( 'NONE', *, *, #1307, .F. ) ;
#4492 = CARTESIAN_POINT ( 'NONE',  ( 0.7010740004227079500, -0.5975000926685796200, -1.350000000000002100 ) ) ;
#4493 = LINE ( 'NONE', #494, #1857 ) ;
#4494 = ORIENTED_EDGE ( 'NONE', *, *, #1440, .T. ) ;
#4495 = CARTESIAN_POINT ( 'NONE',  ( 0.7010740004227081800, -0.1499999999999999700, -1.200000000000000600 ) ) ;
#4496 = CARTESIAN_POINT ( 'NONE',  ( 0.6603828416892074700, -0.4241578738305969400, 1.350000000000000300 ) ) ;
#4497 = LINE ( 'NONE', #5142, #4032 ) ;
#4498 = CARTESIAN_POINT ( 'NONE',  ( 1.447527658732871800, -0.5310819161150366300, 1.350000000000002500 ) ) ;
#4499 = VECTOR ( 'NONE', #2514, 1000.000000000000000 ) ;
#4500 = CIRCLE ( 'NONE', #2126, 0.1186968912300025000 ) ;
#4501 = ORIENTED_EDGE ( 'NONE', *, *, #3109, .F. ) ;
#4502 = EDGE_LOOP ( 'NONE', ( #4337, #2885, #5573, #3990, #6988, #3488, #3893, #5091, #6556, #4443, #6766, #2332 ) ) ;
#4503 = DIRECTION ( 'NONE',  ( 0.0000000000000000000, -9.757819552369541500E-015, 1.000000000000000000 ) ) ;
#4505 = EDGE_CURVE ( 'NONE', #6451, #3411, #949, .T. ) ;
#4504 = DIRECTION ( 'NONE',  ( 0.0000000000000000000, 3.252606517456518800E-015, 1.000000000000000000 ) ) ;
#4506 = FACE_OUTER_BOUND ( 'NONE', #1162, .T. ) ;
#4507 = PLANE ( 'NONE',  #3362 ) ;
#4508 = VERTEX_POINT ( 'NONE', #2884 ) ;
#4509 = DIRECTION ( 'NONE',  ( -2.592963218374910500E-032, 1.000000000000000000, 1.092751075564479400E-016 ) ) ;
#4510 = CARTESIAN_POINT ( 'NONE',  ( -1.604184018788924200, -0.1366406250253999200, 0.3260816757191417600 ) ) ;
#4511 = EDGE_LOOP ( 'NONE', ( #1119, #7513, #4314, #3987 ) ) ;
#4512 = ORIENTED_EDGE ( 'NONE', *, *, #6541, .F. ) ;
#4513 = STYLED_ITEM ( 'NONE', ( #7248 ), #3539 ) ;
#4514 = CARTESIAN_POINT ( 'NONE',  ( -1.450893303781768000, -0.1000000000000000100, 1.052476713040994000 ) ) ;
#4515 = CARTESIAN_POINT ( 'NONE',  ( -1.511371717397266700, 0.0000000000000000000, -0.3995886713259301200 ) ) ;
#4516 = VECTOR ( 'NONE', #5212, 1000.000000000000000 ) ;
#4517 = ORIENTED_EDGE ( 'NONE', *, *, #5120, .T. ) ;
#4518 = ORIENTED_EDGE ( 'NONE', *, *, #6961, .F. ) ;
#4519 = CARTESIAN_POINT ( 'NONE',  ( -1.181336235645685100, -0.5192282339237753700, 1.350000000000002300 ) ) ;
#4520 = VERTEX_POINT ( 'NONE', #6396 ) ;
#4521 = DIRECTION ( 'NONE',  ( 0.0000000000000000000, 0.0000000000000000000, -1.000000000000000000 ) ) ;
#4522 = CARTESIAN_POINT ( 'NONE',  ( 0.6603828416892074700, -0.9499999999999999600, 1.217574864917437800 ) ) ;
#4523 = CIRCLE ( 'NONE', #3771, 0.9499999999999999600 ) ;
#4524 = DIRECTION ( 'NONE',  ( 1.000000000000000000, 0.0000000000000000000, 2.449293598294706400E-016 ) ) ;
#4525 = ADVANCED_FACE ( 'NONE', ( #773 ), #7564, .F. ) ;
#4526 = EDGE_CURVE ( 'NONE', #5893, #5222, #2504, .T. ) ;
#4527 = EDGE_LOOP ( 'NONE', ( #1901, #5454, #6723 ) ) ;
#4528 = LINE ( 'NONE', #420, #2968 ) ;
#4529 = CARTESIAN_POINT ( 'NONE',  ( -1.096148662824761900, -0.4810162188969695500, 1.350000000000001900 ) ) ;
#4530 = DIRECTION ( 'NONE',  ( 0.0000000000000000000, -0.0000000000000000000, -1.000000000000000000 ) ) ;
#4531 = LINE ( 'NONE', #335, #53 ) ;
#4532 = CARTESIAN_POINT ( 'NONE',  ( 0.7010740004227079500, 0.0000000000000000000, -1.190489813122816500 ) ) ;
#4533 = PLANE ( 'NONE',  #7507 ) ;
#4534 = EDGE_CURVE ( 'NONE', #495, #7494, #2677, .T. ) ;
#4535 = PLANE ( 'NONE',  #4400 ) ;
#4536 = ORIENTED_EDGE ( 'NONE', *, *, #2761, .F. ) ;
#4537 = CARTESIAN_POINT ( 'NONE',  ( 0.6603828416892079100, -0.4241578738305969400, -2.067574864917438100 ) ) ;
#4538 = DIRECTION ( 'NONE',  ( 1.000000000000000000, -4.386345538393100600E-016, -2.372876381782988300E-016 ) ) ;
#4539 = VECTOR ( 'NONE', #6856, 1000.000000000000000 ) ;
#4540 = VERTEX_POINT ( 'NONE', #5732 ) ;
#4541 = VERTEX_POINT ( 'NONE', #565 ) ;
#4542 = CARTESIAN_POINT ( 'NONE',  ( 1.450000000000000200, -0.9499999999999999600, 1.836970198721030200E-016 ) ) ;
#4543 = CARTESIAN_POINT ( 'NONE',  ( -1.750000000000000000, -0.8800000000000000000, -0.9999999999999995600 ) ) ;
#4544 = VECTOR ( 'NONE', #3962, 1000.000000000000000 ) ;
#4545 = VERTEX_POINT ( 'NONE', #2832 ) ;
#4546 = AXIS2_PLACEMENT_3D ( 'NONE', #2562, #5467, #7238 ) ;
#4547 = FILL_AREA_STYLE_COLOUR ( '', #5900 ) ;
#4548 = CARTESIAN_POINT ( 'NONE',  ( 1.096148662824761900, -0.4810162188969695500, 1.350000000000001900 ) ) ;
#4549 = EDGE_CURVE ( 'NONE', #4365, #2485, #869, .T. ) ;
#4550 = PLANE ( 'NONE',  #1429 ) ;
#4551 = EDGE_CURVE ( 'NONE', #622, #3085, #5159, .T. ) ;
#4552 = VECTOR ( 'NONE', #4695, 1000.000000000000000 ) ;
#4553 = VECTOR ( 'NONE', #1769, 1000.000000000000200 ) ;
#4554 = CARTESIAN_POINT ( 'NONE',  ( 0.9500000000000004000, -1.000000000000000000, -1.165301229036685800 ) ) ;
#4555 = ORIENTED_EDGE ( 'NONE', *, *, #5075, .T. ) ;
#4556 = ORIENTED_EDGE ( 'NONE', *, *, #4549, .F. ) ;
#4557 = ORIENTED_EDGE ( 'NONE', *, *, #716, .T. ) ;
#4558 = ORIENTED_EDGE ( 'NONE', *, *, #3764, .T. ) ;
#4559 = AXIS2_PLACEMENT_3D ( 'NONE', #6385, #6281, #6814 ) ;
#4560 = CARTESIAN_POINT ( 'NONE',  ( -1.310011812126306500, -0.4913441754571611900, -1.350000000000002300 ) ) ;
#4561 = EDGE_CURVE ( 'NONE', #5833, #4441, #1411, .T. ) ;
#4562 = VECTOR ( 'NONE', #2299, 1000.000000000000000 ) ;
#4563 = CARTESIAN_POINT ( 'NONE',  ( -1.447527658732871600, -0.5310819161150369700, 1.250000000000002400 ) ) ;
#4564 = DIRECTION ( 'NONE',  ( 0.0000000000000000000, 0.0000000000000000000, 1.000000000000000000 ) ) ;
#4565 = ADVANCED_FACE ( 'NONE', ( #2041 ), #6934, .F. ) ;
#4566 = LINE ( 'NONE', #6314, #4379 ) ;
#4567 = DIRECTION ( 'NONE',  ( -0.0000000000000000000, -1.000000000000000000, -0.0000000000000000000 ) ) ;
#4568 = CYLINDRICAL_SURFACE ( 'NONE', #4240, 0.9499999999999999600 ) ;
#4569 = ORIENTED_EDGE ( 'NONE', *, *, #4821, .T. ) ;
#4570 = EDGE_CURVE ( 'NONE', #3770, #3916, #6547, .T. ) ;
#4571 = AXIS2_PLACEMENT_3D ( 'NONE', #6510, #1226, #5976 ) ;
#4572 = CARTESIAN_POINT ( 'NONE',  ( -0.5000000000000000000, -1.000000000000000000, -1.300000000000000300 ) ) ;
#4573 = VECTOR ( 'NONE', #306, 1000.000000000000000 ) ;
#4574 = DIRECTION ( 'NONE',  ( -0.6240571255993386800, 0.0000000000000000000, 0.7813787199487143300 ) ) ;
#4575 = LINE ( 'NONE', #5571, #198 ) ;
#4576 = ORIENTED_EDGE ( 'NONE', *, *, #1307, .T. ) ;
#4577 = DIRECTION ( 'NONE',  ( -0.7813787199487143300, 0.0000000000000000000, 0.6240571255993386800 ) ) ;
#4578 = CARTESIAN_POINT ( 'NONE',  ( 1.181336235645685100, -0.5192282339237756000, -1.250000000000002200 ) ) ;
#4579 = EDGE_CURVE ( 'NONE', #5805, #7277, #1124, .T. ) ;
#4580 = CARTESIAN_POINT ( 'NONE',  ( 0.9500000000000004000, -1.000000000000000000, -1.165301229036685800 ) ) ;
#4581 = CIRCLE ( 'NONE', #6046, 0.1879361091321884200 ) ;
#4582 = MANIFOLD_SOLID_BREP ( 'Fillet1', #2716 ) ;
#4583 = EDGE_LOOP ( 'NONE', ( #1388, #4687, #1715, #6497 ) ) ;
#4584 = EDGE_CURVE ( 'NONE', #6802, #7318, #3779, .T. ) ;
#4585 = DIRECTION ( 'NONE',  ( 0.0000000000000000000, 0.0000000000000000000, -1.000000000000000000 ) ) ;
#4586 = COLOUR_RGB ( '',0.7921568627450980000, 0.8196078431372548800, 0.9333333333333333500 ) ;
#4587 = ORIENTED_EDGE ( 'NONE', *, *, #461, .F. ) ;
#4588 = CARTESIAN_POINT ( 'NONE',  ( 1.053594130719925500, -0.1499999999999999700, -1.200000000000000600 ) ) ;
#4589 = CARTESIAN_POINT ( 'NONE',  ( 0.5000000000000000000, -1.000000000000000000, -1.300000000000000300 ) ) ;
#4590 = VERTEX_POINT ( 'NONE', #4627 ) ;
#4591 = VECTOR ( 'NONE', #3133, 1000.000000000000000 ) ;
#4592 = CARTESIAN_POINT ( 'NONE',  ( 1.388759507161886800, -0.7854362018007680100, 1.350000000000003200 ) ) ;
#4593 = VECTOR ( 'NONE', #1867, 1000.000000000000000 ) ;
#4594 = VECTOR ( 'NONE', #1614, 1000.000000000000200 ) ;
#4595 = ORIENTED_EDGE ( 'NONE', *, *, #2862, .T. ) ;
#4596 = CARTESIAN_POINT ( 'NONE',  ( -1.500000000000000000, 0.0000000000000000000, 1.836970198721030200E-016 ) ) ;
#4597 = VECTOR ( 'NONE', #1572, 1000.000000000000000 ) ;
#4598 = CARTESIAN_POINT ( 'NONE',  ( -1.660223004139932000, -0.9743463534909069200, 0.2000000000000000100 ) ) ;
#4599 = EDGE_CURVE ( 'NONE', #1180, #5254, #1040, .T. ) ;
#4600 = EDGE_CURVE ( 'NONE', #807, #3657, #5609, .T. ) ;
#4601 = CARTESIAN_POINT ( 'NONE',  ( 1.145418158205587300, -0.1000000000000000100, 1.190489813122816800 ) ) ;
#4602 = ADVANCED_FACE ( 'NONE', ( #7283 ), #7158, .F. ) ;
#4603 = LINE ( 'NONE', #4572, #5152 ) ;
#4604 = ORIENTED_EDGE ( 'NONE', *, *, #5165, .T. ) ;
#4605 = ORIENTED_EDGE ( 'NONE', *, *, #2958, .F. ) ;
#4606 = CARTESIAN_POINT ( 'NONE',  ( -1.468629210512393500, -0.4381199093104634100, 1.866607263856683100 ) ) ;
#4607 = LINE ( 'NONE', #1842, #2497 ) ;
#4608 = AXIS2_PLACEMENT_3D ( 'NONE', #6583, #5996, #2496 ) ;
#4609 = PLANE ( 'NONE',  #5218 ) ;
#4610 = ORIENTED_EDGE ( 'NONE', *, *, #4307, .F. ) ;
#4611 = ADVANCED_FACE ( 'NONE', ( #4149 ), #1283, .F. ) ;
#4612 = EDGE_CURVE ( 'NONE', #3158, #2797, #6992, .T. ) ;
#4613 = CARTESIAN_POINT ( 'NONE',  ( -1.500000000000000000, -0.8800000000000000000, 1.000000000000000000 ) ) ;
#4614 = VERTEX_POINT ( 'NONE', #5941 ) ;
#4615 = EDGE_CURVE ( 'NONE', #2894, #3499, #34, .T. ) ;
#4616 = EDGE_LOOP ( 'NONE', ( #4660, #3589, #5533, #6878, #3000, #5560, #6490, #6135, #1266, #1332, #1621, #7460, #4830, #1965, #5086, #990, #709, #3802, #4939, #266, #3747, #4018, #2274, #4641, #1214, #2704, #332, #2546, #5512, #5809, #7448, #3728, #5378, #2029, #1061, #6972, #4595, #2697, #6237, #1232, #5127, #5740, #7557, #6048, #1360, #346, #5206, #3701, #2321, #3993, #2966, #3265, #888, #2598, #6788, #6345, #5579, #2755, #2764, #1750, #5616, #7579, #3844, #28 ) ) ;
#4617 = VECTOR ( 'NONE', #6672, 1000.000000000000000 ) ;
#4618 = VERTEX_POINT ( 'NONE', #4739 ) ;
#4619 = VERTEX_POINT ( 'NONE', #5888 ) ;
#4620 = EDGE_CURVE ( 'NONE', #856, #7453, #2406, .T. ) ;
#4621 = CARTESIAN_POINT ( 'NONE',  ( 0.6092499729370461900, -0.1000000000000000100, 1.098665785637154700 ) ) ;
#4622 = LINE ( 'NONE', #630, #3147 ) ;
#4623 = CARTESIAN_POINT ( 'NONE',  ( 1.316993844434797700, -0.1000000000000000100, -1.039254521236307600 ) ) ;
#4624 = CARTESIAN_POINT ( 'NONE',  ( -1.053594130719925500, -0.1499999999999999700, 1.350000000000000800 ) ) ;
#4625 = FACE_OUTER_BOUND ( 'NONE', #4710, .T. ) ;
#4626 = DIRECTION ( 'NONE',  ( -1.000000000000000000, -0.0000000000000000000, 2.449293598294706400E-016 ) ) ;
#4627 = CARTESIAN_POINT ( 'NONE',  ( 1.500000000000000000, -0.9499999999999999600, 1.000000000000000000 ) ) ;
#4628 = EDGE_CURVE ( 'NONE', #228, #6675, #4244, .T. ) ;
#4629 = AXIS2_PLACEMENT_3D ( 'NONE', #3688, #4233, #223 ) ;
#4630 = ORIENTED_EDGE ( 'NONE', *, *, #1753, .T. ) ;
#4631 = DIRECTION ( 'NONE',  ( -6.151150412723353400E-016, -3.491481338843133000E-015, 1.000000000000000000 ) ) ;
#4632 = CARTESIAN_POINT ( 'NONE',  ( 0.6092499729370461900, -0.1000000000000000100, 1.190489813122816500 ) ) ;
#4633 = LINE ( 'NONE', #979, #7393 ) ;
#4634 = VERTEX_POINT ( 'NONE', #3622 ) ;
#4635 = DIRECTION ( 'NONE',  ( -1.000000000000000000, 0.0000000000000000000, 2.449293598294706400E-016 ) ) ;
#4636 = VERTEX_POINT ( 'NONE', #1249 ) ;
#4637 = SURFACE_STYLE_USAGE ( .BOTH. , #3957 ) ;
#4638 = ORIENTED_EDGE ( 'NONE', *, *, #109, .F. ) ;
#4639 = CARTESIAN_POINT ( 'NONE',  ( 1.500000000000000200, -0.9499999999999999600, -1.052476713040993600 ) ) ;
#4640 = VECTOR ( 'NONE', #607, 1000.000000000000000 ) ;
#4641 = ORIENTED_EDGE ( 'NONE', *, *, #3526, .F. ) ;
#4642 = ORIENTED_EDGE ( 'NONE', *, *, #2322, .T. ) ;
#4643 = DIRECTION ( 'NONE',  ( 0.0000000000000000000, 3.252606517456518800E-015, -1.000000000000000000 ) ) ;
#4644 = ADVANCED_FACE ( 'NONE', ( #6086 ), #5318, .F. ) ;
#4645 = ORIENTED_EDGE ( 'NONE', *, *, #3248, .F. ) ;
#4646 = DIRECTION ( 'NONE',  ( 0.0000000000000000000, 0.0000000000000000000, -1.000000000000000000 ) ) ;
#4647 = LINE ( 'NONE', #5411, #1263 ) ;
#4648 = CARTESIAN_POINT ( 'NONE',  ( -1.499999999999999800, -0.1000000000000000100, -0.9138294609943661300 ) ) ;
#4649 = VERTEX_POINT ( 'NONE', #1222 ) ;
#4650 = ADVANCED_FACE ( 'NONE', ( #2959 ), #4162, .F. ) ;
#4651 = EDGE_LOOP ( 'NONE', ( #481, #176, #5824, #2630 ) ) ;
#4652 = ORIENTED_EDGE ( 'NONE', *, *, #6792, .T. ) ;
#4653 = CARTESIAN_POINT ( 'NONE',  ( -1.565010397521423300, -0.09999999999999989500, -0.3459031131721495600 ) ) ;
#4654 = VERTEX_POINT ( 'NONE', #593 ) ;
#4655 = DIRECTION ( 'NONE',  ( 6.151150412723322900E-016, -3.491481338843133400E-015, -1.000000000000000000 ) ) ;
#4656 = VECTOR ( 'NONE', #4749, 1000.000000000000000 ) ;
#4657 = AXIS2_PLACEMENT_3D ( 'NONE', #6495, #5849, #7081 ) ;
#4658 = DIRECTION ( 'NONE',  ( 0.0000000000000000000, 1.000000000000000000, 0.0000000000000000000 ) ) ;
#4659 = CIRCLE ( 'NONE', #735, 0.8499999999999999800 ) ;
#4660 = ORIENTED_EDGE ( 'NONE', *, *, #1225, .F. ) ;
#4661 = LINE ( 'NONE', #3412, #6862 ) ;
#4662 = DIRECTION ( 'NONE',  ( 1.000000000000000000, 0.0000000000000000000, 0.0000000000000000000 ) ) ;
#4663 = EDGE_LOOP ( 'NONE', ( #2100, #4044, #4714, #2349 ) ) ;
#4664 = CARTESIAN_POINT ( 'NONE',  ( -1.051315431986535200, -0.9476482958303136300, -1.217574864917437600 ) ) ;
#4665 = ORIENTED_EDGE ( 'NONE', *, *, #4283, .T. ) ;
#4666 = CIRCLE ( 'NONE', #1299, 0.09182402748566186000 ) ;
#4667 = AXIS2_PLACEMENT_3D ( 'NONE', #1342, #5954, #6055 ) ;
#4668 = CARTESIAN_POINT ( 'NONE',  ( 1.376510721059179600, -0.1000000000000000100, -0.9138294609943661300 ) ) ;
#4669 = CARTESIAN_POINT ( 'NONE',  ( 0.8890101095548962300, -0.4913441754571611900, -1.350000000000001900 ) ) ;
#4670 = DIRECTION ( 'NONE',  ( 0.0000000000000000000, 0.0000000000000000000, -1.000000000000000000 ) ) ;
#4671 = ORIENTED_EDGE ( 'NONE', *, *, #4882, .T. ) ;
#4672 = CARTESIAN_POINT ( 'NONE',  ( 0.5165027480058548300, -0.1000000000000000100, 1.143289036108584800 ) ) ;
#4673 = EDGE_CURVE ( 'NONE', #7170, #6587, #2223, .T. ) ;
#4674 = FACE_OUTER_BOUND ( 'NONE', #3143, .T. ) ;
#4675 = ORIENTED_EDGE ( 'NONE', *, *, #2779, .T. ) ;
#4676 = AXIS2_PLACEMENT_3D ( 'NONE', #36, #4724, #1781 ) ;
#4677 = CARTESIAN_POINT ( 'NONE',  ( -1.239179746653218400, -0.4913441754571611900, -1.350000000000002100 ) ) ;
#4678 = CARTESIAN_POINT ( 'NONE',  ( 1.447527658732871600, -0.5310819161150366300, -1.350000000000002300 ) ) ;
#4679 = CIRCLE ( 'NONE', #4054, 0.09999999999999999200 ) ;
#4680 = UNCERTAINTY_MEASURE_WITH_UNIT (LENGTH_MEASURE( 1.000000000000000100E-005 ), #2706, 'distance_accuracy_value', 'NONE');
#4681 = ORIENTED_EDGE ( 'NONE', *, *, #1713, .F. ) ;
#4682 = CARTESIAN_POINT ( 'NONE',  ( -0.5165027480058550500, -0.1000000000000000100, 1.143289036108584800 ) ) ;
#4683 = DIRECTION ( 'NONE',  ( 0.0000000000000000000, 0.0000000000000000000, 1.000000000000000000 ) ) ;
#4684 = EDGE_CURVE ( 'NONE', #992, #4618, #1220, .T. ) ;
#4685 = DIRECTION ( 'NONE',  ( 1.000000000000000000, 0.0000000000000000000, 0.0000000000000000000 ) ) ;
#4686 = VECTOR ( 'NONE', #1125, 1000.000000000000100 ) ;
#4687 = ORIENTED_EDGE ( 'NONE', *, *, #4909, .F. ) ;
#4688 = ADVANCED_FACE ( 'NONE', ( #6905 ), #6508, .F. ) ;
#4689 =( NAMED_UNIT ( * ) SI_UNIT ( $, .STERADIAN. ) SOLID_ANGLE_UNIT ( ) );
#4690 = ADVANCED_FACE ( 'NONE', ( #6355 ), #2982, .T. ) ;
#4691 = VECTOR ( 'NONE', #3900, 1000.000000000000000 ) ;
#4692 = CARTESIAN_POINT ( 'NONE',  ( 1.053594130719925500, -0.1499999999999999700, -1.200000000000000600 ) ) ;
#4693 = VECTOR ( 'NONE', #6494, 1000.000000000000000 ) ;
#4694 = CARTESIAN_POINT ( 'NONE',  ( -1.500000000000000200, -0.8800000000000000000, -0.9999999999999995600 ) ) ;
#4695 = DIRECTION ( 'NONE',  ( 0.0000000000000000000, -0.0000000000000000000, -1.000000000000000000 ) ) ;
#4696 = FACE_OUTER_BOUND ( 'NONE', #7292, .T. ) ;
#4697 = ORIENTED_EDGE ( 'NONE', *, *, #697, .T. ) ;
#4698 = VERTEX_POINT ( 'NONE', #102 ) ;
#4699 = CARTESIAN_POINT ( 'NONE',  ( 0.8890101095548962300, -0.7854362018007680100, 1.350000000000003000 ) ) ;
#4700 = LINE ( 'NONE', #3863, #4597 ) ;
#4701 = ORIENTED_EDGE ( 'NONE', *, *, #2596, .F. ) ;
#4702 = CARTESIAN_POINT ( 'NONE',  ( -1.053594130719925500, -5.421010862427522200E-017, 1.200000000000000600 ) ) ;
#4703 = AXIS2_PLACEMENT_3D ( 'NONE', #5306, #6379, #6492 ) ;
#4704 = ORIENTED_EDGE ( 'NONE', *, *, #5904, .F. ) ;
#4705 = ORIENTED_EDGE ( 'NONE', *, *, #1768, .F. ) ;
#4706 = DIRECTION ( 'NONE',  ( 0.0000000000000000000, -1.000000000000000000, -5.165768915825848000E-015 ) ) ;
#4707 = CARTESIAN_POINT ( 'NONE',  ( 1.096148662824762300, -0.9499999999999999600, -1.052476713040993800 ) ) ;
#4708 = EDGE_CURVE ( 'NONE', #4421, #1452, #4801, .T. ) ;
#4709 = VECTOR ( 'NONE', #5479, 1000.000000000000000 ) ;
#4710 = EDGE_LOOP ( 'NONE', ( #31, #5726, #5040, #7367 ) ) ;
#4711 = EDGE_LOOP ( 'NONE', ( #849, #3191, #6638, #4962 ) ) ;
#4712 = CARTESIAN_POINT ( 'NONE',  ( -1.053594130719925500, -0.4810162188969695500, 1.350000000000001900 ) ) ;
#4713 = ORIENTED_EDGE ( 'NONE', *, *, #1544, .F. ) ;
#4714 = ORIENTED_EDGE ( 'NONE', *, *, #6633, .F. ) ;
#4715 = CARTESIAN_POINT ( 'NONE',  ( 0.6092499729370461900, -0.1000000000000000100, -1.190489813122816500 ) ) ;
#4716 = CARTESIAN_POINT ( 'NONE',  ( -1.053594130719925500, -0.1499999999999999700, -1.350000000000000800 ) ) ;
#4717 = AXIS2_PLACEMENT_3D ( 'NONE', #4294, #4818, #795 ) ;
#4718 = DIRECTION ( 'NONE',  ( 0.0000000000000000000, 0.0000000000000000000, 1.000000000000000000 ) ) ;
#4719 = EDGE_CURVE ( 'NONE', #6802, #361, #4418, .T. ) ;
#4720 = FACE_OUTER_BOUND ( 'NONE', #982, .T. ) ;
#4721 = VERTEX_POINT ( 'NONE', #7041 ) ;
#4722 = DIRECTION ( 'NONE',  ( 1.000000000000000000, 0.0000000000000000000, 2.449293598294706400E-016 ) ) ;
#4723 = CIRCLE ( 'NONE', #97, 0.1499999999999999700 ) ;
#4724 = DIRECTION ( 'NONE',  ( 0.0000000000000000000, -1.000000000000000000, 3.491481338843133400E-015 ) ) ;
#4725 = DIRECTION ( 'NONE',  ( 0.0000000000000000000, 0.0000000000000000000, 1.000000000000000000 ) ) ;
#4726 = VECTOR ( 'NONE', #6445, 999.9999999999998900 ) ;
#4727 = EDGE_CURVE ( 'NONE', #1452, #1829, #4607, .T. ) ;
#4728 = AXIS2_PLACEMENT_3D ( 'NONE', #6936, #6964, #2243 ) ;
#4729 = CARTESIAN_POINT ( 'NONE',  ( 1.550679665661946100, -0.003767330401057717100, -0.3582550420588457300 ) ) ;
#4730 = VECTOR ( 'NONE', #4112, 1000.000000000000000 ) ;
#4731 = ORIENTED_EDGE ( 'NONE', *, *, #5194, .F. ) ;
#4732 = ADVANCED_FACE ( 'NONE', ( #6169 ), #2573, .T. ) ;
#4733 = ADVANCED_FACE ( 'NONE', ( #3954 ), #1919, .F. ) ;
#4734 = DIRECTION ( 'NONE',  ( 0.0000000000000000000, 0.0000000000000000000, 1.000000000000000000 ) ) ;
#4735 = DIRECTION ( 'NONE',  ( -1.000000000000000000, 0.0000000000000000000, 0.0000000000000000000 ) ) ;
#4736 = ORIENTED_EDGE ( 'NONE', *, *, #1955, .F. ) ;
#4737 = VECTOR ( 'NONE', #4433, 1000.000000000000000 ) ;
#4738 = VERTEX_POINT ( 'NONE', #4290 ) ;
#4739 = CARTESIAN_POINT ( 'NONE',  ( -1.096148662824762100, -0.9499999999999999600, 1.217574864917437800 ) ) ;
#4740 = EDGE_CURVE ( 'NONE', #6553, #3170, #7556, .T. ) ;
#4741 = ORIENTED_EDGE ( 'NONE', *, *, #3121, .T. ) ;
#4742 = AXIS2_PLACEMENT_3D ( 'NONE', #5316, #6477, #3507 ) ;
#4743 = CARTESIAN_POINT ( 'NONE',  ( -0.6092499729370461900, 0.0000000000000000000, 1.098665785637154700 ) ) ;
#4744 = DIRECTION ( 'NONE',  ( -6.377659838150025700E-016, 0.0000000000000000000, 1.000000000000000000 ) ) ;
#4745 = EDGE_CURVE ( 'NONE', #1270, #7036, #5998, .T. ) ;
#4746 = ORIENTED_EDGE ( 'NONE', *, *, #1730, .F. ) ;
#4747 = DIRECTION ( 'NONE',  ( 0.0000000000000000000, 0.0000000000000000000, -1.000000000000000000 ) ) ;
#4748 = VERTEX_POINT ( 'NONE', #3726 ) ;
#4749 = DIRECTION ( 'NONE',  ( 1.000000000000000000, -0.0000000000000000000, -0.0000000000000000000 ) ) ;
#4750 = LINE ( 'NONE', #608, #4552 ) ;
#4751 = DIRECTION ( 'NONE',  ( -1.000000000000000000, -2.100411576200051200E-030, -6.151150412723322900E-016 ) ) ;
#4752 = CIRCLE ( 'NONE', #1870, 0.09999999999999999200 ) ;
#4753 = ORIENTED_EDGE ( 'NONE', *, *, #2395, .F. ) ;
#4754 = AXIS2_PLACEMENT_3D ( 'NONE', #2817, #4031, #3983 ) ;
#4755 = CARTESIAN_POINT ( 'NONE',  ( -0.7010740004227080700, -0.1000000000000000100, -1.250000000000000200 ) ) ;
#4756 = DIRECTION ( 'NONE',  ( -2.449293598294706400E-016, 0.0000000000000000000, 1.000000000000000000 ) ) ;
#4757 = CARTESIAN_POINT ( 'NONE',  ( -0.3514106528891460800, -0.1000000000000000100, -1.350000000000000300 ) ) ;
#4758 = EDGE_CURVE ( 'NONE', #4144, #2961, #1578, .T. ) ;
#4759 = LINE ( 'NONE', #5534, #6040 ) ;
#4760 = DIRECTION ( 'NONE',  ( 0.0000000000000000000, 0.0000000000000000000, -1.000000000000000000 ) ) ;
#4761 = FACE_OUTER_BOUND ( 'NONE', #4331, .T. ) ;
#4762 = FACE_OUTER_BOUND ( 'NONE', #742, .T. ) ;
#4763 = DIRECTION ( 'NONE',  ( 0.0000000000000000000, -0.0000000000000000000, 1.000000000000000000 ) ) ;
#4764 = AXIS2_PLACEMENT_3D ( 'NONE', #1184, #4670, #5874 ) ;
#4765 = VERTEX_POINT ( 'NONE', #7274 ) ;
#4766 = EDGE_CURVE ( 'NONE', #5388, #6217, #5801, .T. ) ;
#4767 = DIRECTION ( 'NONE',  ( 1.469354956161540100E-031, 1.000000000000000000, 3.491481338843133400E-015 ) ) ;
#4768 = PLANE ( 'NONE',  #7300 ) ;
#4769 = DIRECTION ( 'NONE',  ( 1.000000000000000000, 0.0000000000000000000, 0.0000000000000000000 ) ) ;
#4770 = VECTOR ( 'NONE', #722, 1000.000000000000000 ) ;
#4771 = ORIENTED_EDGE ( 'NONE', *, *, #4708, .F. ) ;
#4772 = PLANE ( 'NONE',  #2653 ) ;
#4773 = ADVANCED_FACE ( 'NONE', ( #1587 ), #4889, .T. ) ;
#4774 = DIRECTION ( 'NONE',  ( 0.0000000000000000000, -1.000000000000000000, 0.0000000000000000000 ) ) ;
#4775 = DIRECTION ( 'NONE',  ( -0.0000000000000000000, -1.000000000000000000, -0.0000000000000000000 ) ) ;
#4776 = CYLINDRICAL_SURFACE ( 'NONE', #2939, 0.05951687662438182700 ) ;
#4777 = ORIENTED_EDGE ( 'NONE', *, *, #3793, .F. ) ;
#4778 = CARTESIAN_POINT ( 'NONE',  ( 1.516660431640320100, -4.563273420487941500E-005, -0.3903824650529441600 ) ) ;
#4779 = CARTESIAN_POINT ( 'NONE',  ( -1.468629210512393500, -0.4381199093104634100, 1.350000000000000300 ) ) ;
#4780 = VECTOR ( 'NONE', #1365, 1000.000000000000000 ) ;
#4781 = ORIENTED_EDGE ( 'NONE', *, *, #5194, .T. ) ;
#4782 = PLANE ( 'NONE',  #2023 ) ;
#4783 = EDGE_CURVE ( 'NONE', #5222, #3521, #123, .T. ) ;
#4784 = EDGE_LOOP ( 'NONE', ( #6837, #145, #6435, #4311 ) ) ;
#4785 = DIRECTION ( 'NONE',  ( -0.08469159160178413300, -0.9964072130971135500, 0.0000000000000000000 ) ) ;
#4786 = FACE_OUTER_BOUND ( 'NONE', #1406, .T. ) ;
#4787 = CARTESIAN_POINT ( 'NONE',  ( -1.511371717397266700, -0.1966079410694897000, 0.4000000000000000200 ) ) ;
#4788 = DIRECTION ( 'NONE',  ( -1.000000000000000000, 0.0000000000000000000, -2.449293598294706400E-016 ) ) ;
#4789 = EDGE_CURVE ( 'NONE', #375, #1975, #1669, .T. ) ;
#4790 = FACE_OUTER_BOUND ( 'NONE', #6735, .T. ) ;
#4791 = CARTESIAN_POINT ( 'NONE',  ( 1.096148662824762100, -0.5900400513188783800, 1.052476713040994000 ) ) ;
#4792 = VECTOR ( 'NONE', #3877, 1000.000000000000000 ) ;
#4793 = ORIENTED_EDGE ( 'NONE', *, *, #863, .F. ) ;
#4794 = LINE ( 'NONE', #1379, #1029 ) ;
#4795 = CARTESIAN_POINT ( 'NONE',  ( -0.6092499729370461900, 0.0000000000000000000, 1.217362676867157500 ) ) ;
#4796 = CARTESIAN_POINT ( 'NONE',  ( 1.376510721059179600, -0.1000000000000000100, 0.9138294609943661300 ) ) ;
#4797 = FACE_OUTER_BOUND ( 'NONE', #6804, .T. ) ;
#4798 = ORIENTED_EDGE ( 'NONE', *, *, #4338, .T. ) ;
#4799 = ORIENTED_EDGE ( 'NONE', *, *, #1582, .T. ) ;
#4800 = CARTESIAN_POINT ( 'NONE',  ( -1.447527658732871600, -0.5310819161150366300, -1.350000000000002300 ) ) ;
#4801 = LINE ( 'NONE', #7065, #131 ) ;
#4802 = CARTESIAN_POINT ( 'NONE',  ( -1.145418158205587300, -0.1000000000000000100, 1.190489813122816800 ) ) ;
#4803 = CARTESIAN_POINT ( 'NONE',  ( 1.090532940559749500, -0.2000000000000004300, 1.350000000000000300 ) ) ;
#4804 = ORIENTED_EDGE ( 'NONE', *, *, #1917, .T. ) ;
#4805 = ORIENTED_EDGE ( 'NONE', *, *, #5764, .T. ) ;
#4806 = LINE ( 'NONE', #5115, #5069 ) ;
#4807 = CARTESIAN_POINT ( 'NONE',  ( 1.500000000000000200, -0.8800000000000000000, -0.9999999999999995600 ) ) ;
#4808 = EDGE_LOOP ( 'NONE', ( #1393, #3173, #4276, #4415 ) ) ;
#4809 = ORIENTED_EDGE ( 'NONE', *, *, #540, .F. ) ;
#4810 = ADVANCED_FACE ( 'NONE', ( #6806 ), #2470, .T. ) ;
#4811 = VECTOR ( 'NONE', #2277, 1000.000000000000000 ) ;
#4812 = CARTESIAN_POINT ( 'NONE',  ( 0.8890101095548962300, -0.7854362018007680100, -1.350000000000003000 ) ) ;
#4813 = EDGE_CURVE ( 'NONE', #4508, #5961, #1404, .T. ) ;
#4814 = EDGE_CURVE ( 'NONE', #7233, #6527, #4794, .T. ) ;
#4815 = DIRECTION ( 'NONE',  ( 1.000000000000000000, 0.0000000000000000000, 0.0000000000000000000 ) ) ;
#4816 = LINE ( 'NONE', #2509, #5076 ) ;
#4817 = DIRECTION ( 'NONE',  ( 0.0000000000000000000, 0.0000000000000000000, 1.000000000000000000 ) ) ;
#4818 = DIRECTION ( 'NONE',  ( 1.000000000000000000, 2.000727192227918000E-030, -6.151150412723322900E-016 ) ) ;
#4819 = LINE ( 'NONE', #5817, #1973 ) ;
#4820 = AXIS2_PLACEMENT_3D ( 'NONE', #7108, #3, #5819 ) ;
#4821 = EDGE_CURVE ( 'NONE', #2961, #217, #2308, .T. ) ;
#4822 = CARTESIAN_POINT ( 'NONE',  ( 1.500000000000000200, -0.1000000000000000100, -1.052476713040993600 ) ) ;
#4823 = CARTESIAN_POINT ( 'NONE',  ( -1.239179746653218400, -0.4913441754571615200, 1.250000000000002000 ) ) ;
#4824 = ORIENTED_EDGE ( 'NONE', *, *, #7418, .F. ) ;
#4825 = CARTESIAN_POINT ( 'NONE',  ( -1.511371717397266700, 0.0000000000000000000, 0.3995886713259308400 ) ) ;
#4826 = LINE ( 'NONE', #7416, #6929 ) ;
#4827 = DIRECTION ( 'NONE',  ( -1.000000000000000000, -4.386345538393100600E-016, 2.372876381782988300E-016 ) ) ;
#4828 = EDGE_LOOP ( 'NONE', ( #1735, #5620, #5469, #2160, #3855, #2352 ) ) ;
#4829 = PLANE ( 'NONE',  #7172 ) ;
#4830 = ORIENTED_EDGE ( 'NONE', *, *, #4570, .T. ) ;
#4831 = EDGE_CURVE ( 'NONE', #361, #6509, #580, .T. ) ;
#4832 = EDGE_CURVE ( 'NONE', #7213, #3305, #4325, .T. ) ;
#4833 = VECTOR ( 'NONE', #6875, 1000.000000000000000 ) ;
#4834 = ORIENTED_EDGE ( 'NONE', *, *, #7379, .F. ) ;
#4835 = ORIENTED_EDGE ( 'NONE', *, *, #1068, .T. ) ;
#4836 = ORIENTED_EDGE ( 'NONE', *, *, #5966, .T. ) ;
#4837 = CARTESIAN_POINT ( 'NONE',  ( 0.9672050998856720500, -0.4231768744776132100, 1.350000000000001600 ) ) ;
#4838 = CARTESIAN_POINT ( 'NONE',  ( -1.599995384854493700, -0.1000000000000000100, -0.3459031131721495000 ) ) ;
#4839 = DIRECTION ( 'NONE',  ( 0.0000000000000000000, 0.0000000000000000000, -1.000000000000000000 ) ) ;
#4840 = EDGE_CURVE ( 'NONE', #6674, #3459, #3490, .T. ) ;
#4841 = VERTEX_POINT ( 'NONE', #2085 ) ;
#4842 = DIRECTION ( 'NONE',  ( 1.000000000000000000, 0.0000000000000000000, 2.372876381782987800E-016 ) ) ;
#4843 = DIRECTION ( 'NONE',  ( 0.0000000000000000000, 0.0000000000000000000, 1.000000000000000000 ) ) ;
#4844 = EDGE_CURVE ( 'NONE', #4264, #135, #3945, .T. ) ;
#4845 = ORIENTED_EDGE ( 'NONE', *, *, #760, .T. ) ;
#4846 = CARTESIAN_POINT ( 'NONE',  ( -0.7010740004227079500, -0.1000000000000000100, -1.350000000000000300 ) ) ;
#4847 = FACE_OUTER_BOUND ( 'NONE', #6089, .T. ) ;
#4848 = CYLINDRICAL_SURFACE ( 'NONE', #5041, 0.09182402748566186000 ) ;
#4849 = CARTESIAN_POINT ( 'NONE',  ( 1.456138752583287800, -0.2000000000000004300, 1.350000000000000300 ) ) ;
#4850 = ADVANCED_FACE ( 'NONE', ( #4506 ), #3182, .F. ) ;
#4851 = VECTOR ( 'NONE', #4101, 1000.000000000000000 ) ;
#4852 = CARTESIAN_POINT ( 'NONE',  ( 1.447527658732871600, -0.7266680502297832000, -1.350000000000003200 ) ) ;
#4853 = ORIENTED_EDGE ( 'NONE', *, *, #7566, .F. ) ;
#4854 = DIRECTION ( 'NONE',  ( 1.000000000000000000, 0.0000000000000000000, -0.0000000000000000000 ) ) ;
#4855 = VERTEX_POINT ( 'NONE', #5030 ) ;
#4856 = AXIS2_PLACEMENT_3D ( 'NONE', #6053, #2535, #800 ) ;
#4857 = EDGE_CURVE ( 'NONE', #3305, #4614, #1211, .T. ) ;
#4858 = ORIENTED_EDGE ( 'NONE', *, *, #4961, .F. ) ;
#4859 = CARTESIAN_POINT ( 'NONE',  ( 1.500000000000000200, -0.9499999999999999600, -0.9999999999999995600 ) ) ;
#4860 = EDGE_CURVE ( 'NONE', #3419, #2478, #2766, .T. ) ;
#4861 = VECTOR ( 'NONE', #2624, 1000.000000000000000 ) ;
#4862 = ORIENTED_EDGE ( 'NONE', *, *, #5191, .F. ) ;
#4863 = PLANE ( 'NONE',  #7483 ) ;
#4864 = DIRECTION ( 'NONE',  ( -6.151150412723322900E-016, -3.491481338843133400E-015, 1.000000000000000000 ) ) ;
#4865 = CARTESIAN_POINT ( 'NONE',  ( -1.257582580033950400, 0.0000000000000000000, -1.098665785637154700 ) ) ;
#4866 = LINE ( 'NONE', #7207, #4122 ) ;
#4867 = VERTEX_POINT ( 'NONE', #2602 ) ;
#4868 = PLANE ( 'NONE',  #2048 ) ;
#4869 = DIRECTION ( 'NONE',  ( 0.9606938009292362900, -0.2776101958792883100, 1.560208025393783100E-015 ) ) ;
#4870 = EDGE_CURVE ( 'NONE', #6045, #2894, #6895, .T. ) ;
#4871 = VECTOR ( 'NONE', #5675, 1000.000000000000000 ) ;
#4872 = VERTEX_POINT ( 'NONE', #4937 ) ;
#4873 = CARTESIAN_POINT ( 'NONE',  ( 1.604184018788924200, -0.1366406250253999200, -0.3260816757191417600 ) ) ;
#4874 = CARTESIAN_POINT ( 'NONE',  ( 1.697118630955986300, -0.1257212078291005100, -0.3319887404820847100 ) ) ;
#4875 = FACE_OUTER_BOUND ( 'NONE', #1376, .T. ) ;
#4876 = ORIENTED_EDGE ( 'NONE', *, *, #2520, .F. ) ;
#4877 = EDGE_CURVE ( 'NONE', #622, #4223, #5519, .T. ) ;
#4878 = CARTESIAN_POINT ( 'NONE',  ( 1.697118630955986300, -0.1257212078291005100, 0.3319887404820847100 ) ) ;
#4879 = EDGE_LOOP ( 'NONE', ( #7107, #2461, #7307, #5520 ) ) ;
#4880 = FACE_OUTER_BOUND ( 'NONE', #6244, .T. ) ;
#4881 = FACE_OUTER_BOUND ( 'NONE', #1612, .T. ) ;
#4882 = EDGE_CURVE ( 'NONE', #3411, #6451, #3127, .T. ) ;
#4883 = CIRCLE ( 'NONE', #817, 0.1966079410694898100 ) ;
#4884 = ORIENTED_EDGE ( 'NONE', *, *, #5090, .T. ) ;
#4885 = VERTEX_POINT ( 'NONE', #6164 ) ;
#4886 = ADVANCED_FACE ( 'NONE', ( #4137 ), #26, .T. ) ;
#4887 = EDGE_CURVE ( 'NONE', #3137, #2605, #2033, .T. ) ;
#4888 = VECTOR ( 'NONE', #3650, 1000.000000000000000 ) ;
#4889 = PLANE ( 'NONE',  #171 ) ;
#4890 = ORIENTED_EDGE ( 'NONE', *, *, #4139, .F. ) ;
#4891 = VERTEX_POINT ( 'NONE', #1456 ) ;
#4892 = CARTESIAN_POINT ( 'NONE',  ( -1.239179746653218400, -0.4913441754571615200, 1.250000000000002000 ) ) ;
#4893 = VERTEX_POINT ( 'NONE', #5592 ) ;
#4894 = DIRECTION ( 'NONE',  ( 0.0000000000000000000, 1.000000000000000000, 3.461396037702079100E-015 ) ) ;
#4895 = LINE ( 'NONE', #3314, #3961 ) ;
#4896 = VERTEX_POINT ( 'NONE', #3820 ) ;
#4897 = VERTEX_POINT ( 'NONE', #2107 ) ;
#4898 = DIRECTION ( 'NONE',  ( 1.000000000000000000, -6.327147275692834200E-031, 6.151150412723322900E-016 ) ) ;
#4899 = EDGE_LOOP ( 'NONE', ( #3262, #4835, #5773, #425 ) ) ;
#4900 = DIRECTION ( 'NONE',  ( -0.0000000000000000000, -1.000000000000000000, 0.0000000000000000000 ) ) ;
#4901 = EDGE_LOOP ( 'NONE', ( #3235, #3984, #1084, #1782 ) ) ;
#4902 = CARTESIAN_POINT ( 'NONE',  ( 1.511371717397266700, -0.09999999999999867300, 0.3459031131721502200 ) ) ;
#4903 = VECTOR ( 'NONE', #3585, 1000.000000000000200 ) ;
#4904 = DIRECTION ( 'NONE',  ( 1.000000000000000000, -0.0000000000000000000, -0.0000000000000000000 ) ) ;
#4905 = ORIENTED_EDGE ( 'NONE', *, *, #7492, .T. ) ;
#4906 = LINE ( 'NONE', #2821, #6278 ) ;
#4907 = VECTOR ( 'NONE', #1559, 999.9999999999998900 ) ;
#4908 = PLANE ( 'NONE',  #392 ) ;
#4909 = EDGE_CURVE ( 'NONE', #1104, #4045, #5060, .T. ) ;
#4910 = VECTOR ( 'NONE', #601, 1000.000000000000000 ) ;
#4911 = VERTEX_POINT ( 'NONE', #6218 ) ;
#4912 = ORIENTED_EDGE ( 'NONE', *, *, #2339, .T. ) ;
#4913 = CARTESIAN_POINT ( 'NONE',  ( 1.499999999999999800, -0.1000000000000000100, -0.9138294609943661300 ) ) ;
#4914 = DIRECTION ( 'NONE',  ( 0.0000000000000000000, 1.000000000000000000, 0.0000000000000000000 ) ) ;
#4915 = EDGE_LOOP ( 'NONE', ( #6848, #5258, #1531, #3131 ) ) ;
#4916 = LINE ( 'NONE', #7241, #975 ) ;
#4917 =( NAMED_UNIT ( * ) SI_UNIT ( $, .STERADIAN. ) SOLID_ANGLE_UNIT ( ) );
#4918 = ORIENTED_EDGE ( 'NONE', *, *, #5886, .T. ) ;
#4919 = CARTESIAN_POINT ( 'NONE',  ( 0.6603828416892074700, -0.1000000000000000100, 1.217574864917437800 ) ) ;
#4920 = VERTEX_POINT ( 'NONE', #1476 ) ;
#4921 = CARTESIAN_POINT ( 'NONE',  ( 1.468629210512393700, -0.4381199093104634100, -1.303465212886776100 ) ) ;
#4922 = ADVANCED_FACE ( 'NONE', ( #673 ), #255, .T. ) ;
#4923 = CARTESIAN_POINT ( 'NONE',  ( 0.6603828416892074700, -0.4241578738305969400, 2.067574864917438100 ) ) ;
#4924 = DIRECTION ( 'NONE',  ( -6.151150412723322900E-016, 3.491481338843133400E-015, 1.000000000000000000 ) ) ;
#4925 = CARTESIAN_POINT ( 'NONE',  ( 0.6603828416892078000, -0.9499999999999999600, -1.217574864917437600 ) ) ;
#4926 = VECTOR ( 'NONE', #2078, 1000.000000000000000 ) ;
#4927 = ORIENTED_EDGE ( 'NONE', *, *, #4599, .F. ) ;
#4928 = EDGE_CURVE ( 'NONE', #4920, #1687, #2128, .T. ) ;
#4929 = DIRECTION ( 'NONE',  ( 0.0000000000000000000, 0.0000000000000000000, -1.000000000000000000 ) ) ;
#4930 = EDGE_CURVE ( 'NONE', #2201, #1038, #2587, .T. ) ;
#4931 = LINE ( 'NONE', #1133, #268 ) ;
#4932 = VECTOR ( 'NONE', #1052, 1000.000000000000200 ) ;
#4933 = ORIENTED_EDGE ( 'NONE', *, *, #4928, .F. ) ;
#4934 = DIRECTION ( 'NONE',  ( 2.592963218374910500E-032, 1.000000000000000000, 1.092751075564479400E-016 ) ) ;
#4935 = ORIENTED_EDGE ( 'NONE', *, *, #2990, .T. ) ;
#4936 = VERTEX_POINT ( 'NONE', #4387 ) ;
#4937 = CARTESIAN_POINT ( 'NONE',  ( 1.500000000000000000, -0.1000000000000000100, 0.4459031131721502000 ) ) ;
#4938 = EDGE_CURVE ( 'NONE', #225, #7218, #2397, .T. ) ;
#4939 = ORIENTED_EDGE ( 'NONE', *, *, #4561, .T. ) ;
#4940 = FACE_OUTER_BOUND ( 'NONE', #1755, .T. ) ;
#4941 = DIRECTION ( 'NONE',  ( 0.0000000000000000000, -0.0000000000000000000, -1.000000000000000000 ) ) ;
#4942 = FACE_OUTER_BOUND ( 'NONE', #3288, .T. ) ;
#4943 = CARTESIAN_POINT ( 'NONE',  ( 0.7010740004227079500, 0.0000000000000000000, -1.350000000000000300 ) ) ;
#4944 = DIRECTION ( 'NONE',  ( 0.0000000000000000000, 1.000000000000000000, 0.0000000000000000000 ) ) ;
#4945 = ORIENTED_EDGE ( 'NONE', *, *, #6560, .T. ) ;
#4946 = CARTESIAN_POINT ( 'NONE',  ( 0.8890101095548962300, -0.1499999999999999700, 1.350000000000000800 ) ) ;
#4947 = CARTESIAN_POINT ( 'NONE',  ( -1.145418158205587300, -0.1000000000000000100, 1.098665785637154900 ) ) ;
#4948 = CARTESIAN_POINT ( 'NONE',  ( -1.682607193318285800, -0.1000000000000000100, -0.3459031131721494500 ) ) ;
#4949 = CARTESIAN_POINT ( 'NONE',  ( 1.096148662824761900, -0.4810162188969698300, 1.250000000000002000 ) ) ;
#4950 = LINE ( 'NONE', #5078, #5499 ) ;
#4951 = ORIENTED_EDGE ( 'NONE', *, *, #3031, .T. ) ;
#4952 = EDGE_CURVE ( 'NONE', #319, #4268, #7088, .T. ) ;
#4953 = EDGE_CURVE ( 'NONE', #2136, #4113, #1950, .T. ) ;
#4954 = ADVANCED_FACE ( 'NONE', ( #3310 ), #2133, .F. ) ;
#4955 = LINE ( 'NONE', #5518, #4017 ) ;
#4956 = DIRECTION ( 'NONE',  ( 1.000000000000000000, 0.0000000000000000000, 2.449293598294706400E-016 ) ) ;
#4957 = ORIENTED_EDGE ( 'NONE', *, *, #3516, .T. ) ;
#4958 = AXIS2_PLACEMENT_3D ( 'NONE', #2098, #7387, #7014 ) ;
#4959 = DIRECTION ( 'NONE',  ( 0.0000000000000000000, 0.0000000000000000000, 1.000000000000000000 ) ) ;
#4960 = LINE ( 'NONE', #4366, #1847 ) ;
#4961 = EDGE_CURVE ( 'NONE', #1860, #3678, #3217, .T. ) ;
#4962 = ORIENTED_EDGE ( 'NONE', *, *, #5495, .T. ) ;
#4963 = ORIENTED_EDGE ( 'NONE', *, *, #5734, .T. ) ;
#4964 = VECTOR ( 'NONE', #771, 1000.000000000000000 ) ;
#4965 = LINE ( 'NONE', #6528, #1216 ) ;
#4966 = LINE ( 'NONE', #4973, #7443 ) ;
#4967 = VERTEX_POINT ( 'NONE', #7450 ) ;
#4968 = CARTESIAN_POINT ( 'NONE',  ( 1.750000000000000200, -0.8800000000000000000, -0.6599999999999995900 ) ) ;
#4969 = EDGE_CURVE ( 'NONE', #1529, #2409, #7457, .T. ) ;
#4970 = AXIS2_PLACEMENT_3D ( 'NONE', #4913, #7204, #3729 ) ;
#4971 = VECTOR ( 'NONE', #1524, 1000.000000000000200 ) ;
#4972 = CARTESIAN_POINT ( 'NONE',  ( 1.499999999999999800, 0.0000000000000000000, 0.9138294609943661300 ) ) ;
#4973 = CARTESIAN_POINT ( 'NONE',  ( 1.450893303781768200, -0.1000000000000000100, -1.052476713040993600 ) ) ;
#4974 = LINE ( 'NONE', #664, #677 ) ;
#4975 = ORIENTED_EDGE ( 'NONE', *, *, #3019, .F. ) ;
#4976 = ORIENTED_EDGE ( 'NONE', *, *, #6665, .F. ) ;
#4977 = EDGE_CURVE ( 'NONE', #6616, #4144, #6348, .T. ) ;
#4978 = ORIENTED_EDGE ( 'NONE', *, *, #7432, .T. ) ;
#4979 = DIRECTION ( 'NONE',  ( 0.0000000000000000000, 1.000000000000000000, 0.0000000000000000000 ) ) ;
#4980 = AXIS2_PLACEMENT_3D ( 'NONE', #610, #4756, #6552 ) ;
#4981 = CARTESIAN_POINT ( 'NONE',  ( 1.500000000000000000, -0.1000000000000000600, 0.4459031131721502000 ) ) ;
#4982 = EDGE_LOOP ( 'NONE', ( #2208, #1631, #6570, #5121 ) ) ;
#4983 = EDGE_CURVE ( 'NONE', #791, #1829, #4700, .T. ) ;
#4984 = DIRECTION ( 'NONE',  ( -6.151150412723322900E-016, -3.491481338843133400E-015, -1.000000000000000000 ) ) ;
#4985 = LINE ( 'NONE', #1487, #1502 ) ;
#4986 = ORIENTED_EDGE ( 'NONE', *, *, #7217, .T. ) ;
#4987 = VECTOR ( 'NONE', #3909, 999.9999999999998900 ) ;
#4988 = FILL_AREA_STYLE ('',( #237 ) ) ;
#4989 = DIRECTION ( 'NONE',  ( 0.03706543680213381800, 0.7066208861173978200, 0.7066208861173936000 ) ) ;
#4990 = AXIS2_PLACEMENT_3D ( 'NONE', #7051, #3518, #4769 ) ;
#4991 = ADVANCED_FACE ( 'NONE', ( #3857 ), #6238, .T. ) ;
#4992 = PLANE ( 'NONE',  #6274 ) ;
#4993 = EDGE_CURVE ( 'NONE', #3323, #5250, #765, .T. ) ;
#4994 = CARTESIAN_POINT ( 'NONE',  ( -1.096148662824762300, -0.9499999999999999600, -1.217574864917437600 ) ) ;
#4995 = PLANE ( 'NONE',  #211 ) ;
#4996 = EDGE_CURVE ( 'NONE', #4721, #3826, #1770, .T. ) ;
#4997 = CARTESIAN_POINT ( 'NONE',  ( -1.500000000000000000, -0.8800000000000000000, 0.6600000000000000300 ) ) ;
#4998 = ORIENTED_EDGE ( 'NONE', *, *, #4870, .T. ) ;
#4999 = VECTOR ( 'NONE', #7353, 1000.000000000000000 ) ;
#5000 = ORIENTED_EDGE ( 'NONE', *, *, #4857, .F. ) ;
#5001 = AXIS2_PLACEMENT_3D ( 'NONE', #6023, #4864, #3112 ) ;
#5002 = EDGE_CURVE ( 'NONE', #4372, #7618, #859, .T. ) ;
#5003 = DIRECTION ( 'NONE',  ( 0.0000000000000000000, 0.0000000000000000000, 1.000000000000000000 ) ) ;
#5004 = CYLINDRICAL_SURFACE ( 'NONE', #2036, 0.04197641010088331400 ) ;
#5005 = ORIENTED_EDGE ( 'NONE', *, *, #3061, .F. ) ;
#5006 = ORIENTED_EDGE ( 'NONE', *, *, #5347, .T. ) ;
#5007 = VERTEX_POINT ( 'NONE', #426 ) ;
#5008 = DIRECTION ( 'NONE',  ( 0.0000000000000000000, 1.000000000000000000, 3.689761013415303100E-015 ) ) ;
#5009 = VECTOR ( 'NONE', #6329, 1000.000000000000000 ) ;
#5010 = VERTEX_POINT ( 'NONE', #6265 ) ;
#5011 = CARTESIAN_POINT ( 'NONE',  ( 1.096148662824762100, -0.1000000000000000100, 1.217574864917437800 ) ) ;
#5012 = CARTESIAN_POINT ( 'NONE',  ( 1.447527658732871600, -0.5310819161150369700, -1.250000000000002400 ) ) ;
#5013 = VERTEX_POINT ( 'NONE', #963 ) ;
#5014 = CARTESIAN_POINT ( 'NONE',  ( 1.181336235645685100, -0.5192282339237753700, 1.350000000000002300 ) ) ;
#5015 =( NAMED_UNIT ( * ) PLANE_ANGLE_UNIT ( ) SI_UNIT ( $, .RADIAN. ) );
#5016 = PLANE ( 'NONE',  #6770 ) ;
#5017 = VECTOR ( 'NONE', #3117, 1000.000000000000000 ) ;
#5018 = EDGE_CURVE ( 'NONE', #2910, #3898, #2388, .T. ) ;
#5019 = LINE ( 'NONE', #7343, #2823 ) ;
#5020 = DIRECTION ( 'NONE',  ( 0.08469159160178413300, 0.9964072130971135500, 2.074345731396396100E-017 ) ) ;
#5021 = DIRECTION ( 'NONE',  ( -0.0000000000000000000, 1.000000000000000000, -0.0000000000000000000 ) ) ;
#5022 = LINE ( 'NONE', #2440, #4381 ) ;
#5023 = EDGE_CURVE ( 'NONE', #725, #930, #6071, .T. ) ;
#5024 = EDGE_LOOP ( 'NONE', ( #6375, #4248, #6196, #2518 ) ) ;
#5025 = ORIENTED_EDGE ( 'NONE', *, *, #2734, .F. ) ;
#5026 = CARTESIAN_POINT ( 'NONE',  ( -1.388759507161886800, -0.7854362018007680100, 1.350000000000003200 ) ) ;
#5027 = ADVANCED_FACE ( 'NONE', ( #3937 ), #1548, .T. ) ;
#5028 = CARTESIAN_POINT ( 'NONE',  ( -1.750000000000000000, -0.9499999999999999600, -0.9999999999999995600 ) ) ;
#5029 = VECTOR ( 'NONE', #965, 1000.000000000000000 ) ;
#5030 = CARTESIAN_POINT ( 'NONE',  ( -0.7010740004227079500, -0.5975000926685796200, -1.350000000000002100 ) ) ;
#5031 = EDGE_LOOP ( 'NONE', ( #5834, #4976, #7374, #5506 ) ) ;
#5032 = CARTESIAN_POINT ( 'NONE',  ( -0.8890101095548962300, -0.7854362018007679000, 1.350000000000003000 ) ) ;
#5033 = CARTESIAN_POINT ( 'NONE',  ( -0.6092499729370461900, -0.1000000000000000100, 1.217362676867157500 ) ) ;
#5034 = LINE ( 'NONE', #6316, #462 ) ;
#5035 = ORIENTED_EDGE ( 'NONE', *, *, #4977, .F. ) ;
#5036 = CARTESIAN_POINT ( 'NONE',  ( -1.500000000000000200, -0.8800000000000000000, -0.6599999999999997000 ) ) ;
#5037 = CARTESIAN_POINT ( 'NONE',  ( 1.750000000000000000, -0.8800000000000000000, -0.9999999999999995600 ) ) ;
#5038 = CARTESIAN_POINT ( 'NONE',  ( 0.5000000000000000000, -0.9499999999999999600, 0.0000000000000000000 ) ) ;
#5039 = FACE_OUTER_BOUND ( 'NONE', #3858, .T. ) ;
#5040 = ORIENTED_EDGE ( 'NONE', *, *, #3416, .T. ) ;
#5041 = AXIS2_PLACEMENT_3D ( 'NONE', #5638, #2669, #2130 ) ;
#5042 = CARTESIAN_POINT ( 'NONE',  ( 1.500000000000000000, -0.1000000000000000100, 1.836970198721030200E-016 ) ) ;
#5043 = CARTESIAN_POINT ( 'NONE',  ( 0.8890101095548962300, -0.5975000926685795100, -1.350000000000002300 ) ) ;
#5044 = LINE ( 'NONE', #6242, #3209 ) ;
#5045 = EDGE_CURVE ( 'NONE', #7318, #6509, #5433, .T. ) ;
#5046 = FACE_OUTER_BOUND ( 'NONE', #7210, .T. ) ;
#5047 = ORIENTED_EDGE ( 'NONE', *, *, #540, .T. ) ;
#5048 = CARTESIAN_POINT ( 'NONE',  ( -1.766200667084217200, -0.5900400513188783800, 1.052476713040994000 ) ) ;
#5049 = CARTESIAN_POINT ( 'NONE',  ( 1.096148662824762300, -0.4901082429140811700, -1.217574864917437600 ) ) ;
#5050 = VECTOR ( 'NONE', #983, 1000.000000000000000 ) ;
#5051 = AXIS2_PLACEMENT_3D ( 'NONE', #2874, #4036, #555 ) ;
#5052 = DIRECTION ( 'NONE',  ( -0.4092742371440823400, -0.9124114197061157200, -2.933916705978688800E-015 ) ) ;
#5053 = EDGE_CURVE ( 'NONE', #503, #3407, #5790, .T. ) ;
#5054 = VECTOR ( 'NONE', #922, 1000.000000000000000 ) ;
#5055 = FACE_OUTER_BOUND ( 'NONE', #1213, .T. ) ;
#5056 = ORIENTED_EDGE ( 'NONE', *, *, #1527, .T. ) ;
#5057 = CARTESIAN_POINT ( 'NONE',  ( -1.750000000000000000, -0.9499999999999999600, -0.9999999999999995600 ) ) ;
#5058 = EDGE_LOOP ( 'NONE', ( #2835, #1858, #3149, #3530 ) ) ;
#5059 = APPLICATION_PROTOCOL_DEFINITION ( 'draft international standard', 'automotive_design', 1998, #6143 ) ;
#5060 = LINE ( 'NONE', #5547, #3402 ) ;
#5061 = DIRECTION ( 'NONE',  ( -1.000000000000000000, 2.147662687844072100E-030, -6.151150412723322900E-016 ) ) ;
#5062 = EDGE_LOOP ( 'NONE', ( #846, #1397, #7401, #5446 ) ) ;
#5063 = ADVANCED_FACE ( 'NONE', ( #3847 ), #3380, .T. ) ;
#5064 = EDGE_CURVE ( 'NONE', #5082, #6591, #4234, .T. ) ;
#5065 = ORIENTED_EDGE ( 'NONE', *, *, #4483, .T. ) ;
#5066 = VERTEX_POINT ( 'NONE', #316 ) ;
#5067 = PLANE ( 'NONE',  #783 ) ;
#5068 = PLANE ( 'NONE',  #1186 ) ;
#5069 = VECTOR ( 'NONE', #3845, 1000.000000000000000 ) ;
#5070 = ORIENTED_EDGE ( 'NONE', *, *, #3142, .F. ) ;
#5071 = DIRECTION ( 'NONE',  ( -0.9124114197061157200, 0.4092742371440823400, 0.0000000000000000000 ) ) ;
#5072 = EDGE_LOOP ( 'NONE', ( #970, #3777, #2827, #4824 ) ) ;
#5073 = CARTESIAN_POINT ( 'NONE',  ( -1.450893303781768000, -0.1000000000000000100, 1.250000000000000400 ) ) ;
#5074 = ORIENTED_EDGE ( 'NONE', *, *, #62, .F. ) ;
#5075 = EDGE_CURVE ( 'NONE', #4634, #6579, #6124, .T. ) ;
#5076 = VECTOR ( 'NONE', #749, 1000.000000000000000 ) ;
#5077 =( GEOMETRIC_REPRESENTATION_CONTEXT ( 3 ) GLOBAL_UNCERTAINTY_ASSIGNED_CONTEXT ( ( #3307 ) ) GLOBAL_UNIT_ASSIGNED_CONTEXT ( ( #6758, #6830, #1482 ) ) REPRESENTATION_CONTEXT ( 'NONE', 'WORKASPACE' ) );
#5078 = CARTESIAN_POINT ( 'NONE',  ( 0.6603828416892079100, -0.4241578738305969400, -2.067574864917438100 ) ) ;
#5079 = VERTEX_POINT ( 'NONE', #947 ) ;
#5080 = CYLINDRICAL_SURFACE ( 'NONE', #5625, 0.09182402748566186000 ) ;
#5081 = VECTOR ( 'NONE', #1733, 1000.000000000000000 ) ;
#5082 = VERTEX_POINT ( 'NONE', #4498 ) ;
#5083 = VECTOR ( 'NONE', #60, 1000.000000000000000 ) ;
#5084 = CARTESIAN_POINT ( 'NONE',  ( 0.0000000000000000000, -0.09999999999999999200, -0.3459031131721494500 ) ) ;
#5085 = ORIENTED_EDGE ( 'NONE', *, *, #1577, .F. ) ;
#5086 = ORIENTED_EDGE ( 'NONE', *, *, #2603, .T. ) ;
#5087 = AXIS2_PLACEMENT_3D ( 'NONE', #4301, #4394, #7332 ) ;
#5088 = DIRECTION ( 'NONE',  ( 0.0000000000000000000, 0.0000000000000000000, -1.000000000000000000 ) ) ;
#5089 = DIRECTION ( 'NONE',  ( -0.0000000000000000000, -1.000000000000000000, 0.0000000000000000000 ) ) ;
#5090 = EDGE_CURVE ( 'NONE', #2063, #4341, #2757, .T. ) ;
#5091 = ORIENTED_EDGE ( 'NONE', *, *, #5455, .F. ) ;
#5092 = CARTESIAN_POINT ( 'NONE',  ( -1.660223004139932000, -0.9743463534909069200, 0.4000000000000000200 ) ) ;
#5093 = EDGE_CURVE ( 'NONE', #3348, #5645, #2579, .T. ) ;
#5094 = FACE_OUTER_BOUND ( 'NONE', #5855, .T. ) ;
#5095 = ORIENTED_EDGE ( 'NONE', *, *, #1978, .F. ) ;
#5096 = DIRECTION ( 'NONE',  ( -1.000000000000000000, 0.0000000000000000000, 2.449293598294706400E-016 ) ) ;
#5097 = ORIENTED_EDGE ( 'NONE', *, *, #2462, .F. ) ;
#5098 = DIRECTION ( 'NONE',  ( -6.151150412723322900E-016, 3.491481338843133400E-015, -1.000000000000000000 ) ) ;
#5099 = DIRECTION ( 'NONE',  ( 0.0000000000000000000, 1.000000000000000000, 0.0000000000000000000 ) ) ;
#5100 = AXIS2_PLACEMENT_3D ( 'NONE', #4522, #848, #3921 ) ;
#5101 = CARTESIAN_POINT ( 'NONE',  ( -0.6092499729370461900, 0.0000000000000000000, 1.190489813122816500 ) ) ;
#5102 = ORIENTED_EDGE ( 'NONE', *, *, #62, .T. ) ;
#5103 = VERTEX_POINT ( 'NONE', #5711 ) ;
#5104 = ADVANCED_FACE ( 'NONE', ( #4880 ), #1537, .F. ) ;
#5105 = ORIENTED_EDGE ( 'NONE', *, *, #4083, .F. ) ;
#5106 = DIRECTION ( 'NONE',  ( -0.08469159160178413300, -0.9964072130971135500, -2.074345731396396100E-017 ) ) ;
#5107 = VECTOR ( 'NONE', #6152, 1000.000000000000000 ) ;
#5108 = ORIENTED_EDGE ( 'NONE', *, *, #6095, .T. ) ;
#5109 = CARTESIAN_POINT ( 'NONE',  ( 1.450893303781768400, -0.2000000000000004300, -1.349999999999999900 ) ) ;
#5110 = AXIS2_PLACEMENT_3D ( 'NONE', #3489, #4081, #5410 ) ;
#5111 = CARTESIAN_POINT ( 'NONE',  ( 1.660223004139932000, -0.9743463534909069200, 0.4000000000000000200 ) ) ;
#5112 = CARTESIAN_POINT ( 'NONE',  ( 1.447527658732871800, -0.5310819161150366300, -1.350000000000002500 ) ) ;
#5113 = ORIENTED_EDGE ( 'NONE', *, *, #101, .T. ) ;
#5114 = ORIENTED_EDGE ( 'NONE', *, *, #7360, .F. ) ;
#5115 = CARTESIAN_POINT ( 'NONE',  ( -1.450000000000000400, -1.000000000000000000, -0.6653012290366856500 ) ) ;
#5116 = VECTOR ( 'NONE', #1208, 1000.000000000000000 ) ;
#5117 = CARTESIAN_POINT ( 'NONE',  ( -0.4999999999999998900, -0.1000000000000000500, -1.350000000000000300 ) ) ;
#5118 = LINE ( 'NONE', #1065, #3745 ) ;
#5119 = DIRECTION ( 'NONE',  ( 0.0000000000000000000, 0.5178177716736868100, 0.8554909440425992900 ) ) ;
#5120 = EDGE_CURVE ( 'NONE', #7548, #7565, #2671, .T. ) ;
#5121 = ORIENTED_EDGE ( 'NONE', *, *, #6024, .T. ) ;
#5122 = AXIS2_PLACEMENT_3D ( 'NONE', #4284, #4904, #784 ) ;
#5123 = CARTESIAN_POINT ( 'NONE',  ( -1.500000000000000200, -0.9499999999999999600, -0.9999999999999995600 ) ) ;
#5124 = DIRECTION ( 'NONE',  ( 0.0000000000000000000, 1.000000000000000000, 0.0000000000000000000 ) ) ;
#5125 = VECTOR ( 'NONE', #7526, 1000.000000000000000 ) ;
#5126 = CARTESIAN_POINT ( 'NONE',  ( -1.749999999999999800, -0.9499999999999999600, 1.000000000000000000 ) ) ;
#5127 = ORIENTED_EDGE ( 'NONE', *, *, #3196, .T. ) ;
#5128 = DIRECTION ( 'NONE',  ( -0.08469159160178413300, 0.9964072130971135500, 2.074345731396396100E-017 ) ) ;
#5129 = CARTESIAN_POINT ( 'NONE',  ( -1.145418158205587300, -0.1000000000000000100, -1.098665785637154900 ) ) ;
#5130 = AXIS2_PLACEMENT_3D ( 'NONE', #2935, #29, #5842 ) ;
#5131 = VECTOR ( 'NONE', #4129, 1000.000000000000000 ) ;
#5132 = ORIENTED_EDGE ( 'NONE', *, *, #2083, .T. ) ;
#5133 = DIRECTION ( 'NONE',  ( 0.0000000000000000000, 0.0000000000000000000, -1.000000000000000000 ) ) ;
#5134 = EDGE_CURVE ( 'NONE', #5811, #2851, #7180, .T. ) ;
#5135 = CIRCLE ( 'NONE', #2472, 0.04197641010088325900 ) ;
#5136 = ORIENTED_EDGE ( 'NONE', *, *, #1440, .F. ) ;
#5137 = CARTESIAN_POINT ( 'NONE',  ( -1.053594130719925500, -0.1000000000000000100, 1.190489813122816800 ) ) ;
#5138 = ADVANCED_FACE ( 'NONE', ( #5234 ), #5601, .F. ) ;
#5139 = ORIENTED_EDGE ( 'NONE', *, *, #4291, .F. ) ;
#5140 = DIRECTION ( 'NONE',  ( 0.0000000000000000000, 0.0000000000000000000, 1.000000000000000000 ) ) ;
#5141 = VECTOR ( 'NONE', #7485, 1000.000000000000200 ) ;
#5142 = CARTESIAN_POINT ( 'NONE',  ( -1.078042482630643800, -0.4381199093104634100, 1.866607263856683100 ) ) ;
#5143 = CARTESIAN_POINT ( 'NONE',  ( -1.096148662824762100, -0.5900400513188783800, 1.052476713040994000 ) ) ;
#5144 = LINE ( 'NONE', #7080, #6437 ) ;
#5145 = AXIS2_PLACEMENT_3D ( 'NONE', #2718, #3859, #6777 ) ;
#5146 = EDGE_LOOP ( 'NONE', ( #6636, #5471, #3055, #5668 ) ) ;
#5147 = DIRECTION ( 'NONE',  ( -1.000000000000000000, 0.0000000000000000000, 0.0000000000000000000 ) ) ;
#5148 = LINE ( 'NONE', #698, #1375 ) ;
#5149 = EDGE_LOOP ( 'NONE', ( #5105, #527, #2220, #5641 ) ) ;
#5150 = CARTESIAN_POINT ( 'NONE',  ( 0.5000000000000000000, -0.9499999999999999600, -1.350000000000000100 ) ) ;
#5151 = DIRECTION ( 'NONE',  ( -0.9986270958267121600, -0.05238247302969426000, 0.0000000000000000000 ) ) ;
#5152 = VECTOR ( 'NONE', #4020, 1000.000000000000000 ) ;
#5153 = PLANE ( 'NONE',  #1383 ) ;
#5154 = ORIENTED_EDGE ( 'NONE', *, *, #322, .T. ) ;
#5155 = ORIENTED_EDGE ( 'NONE', *, *, #6532, .T. ) ;
#5156 = EDGE_CURVE ( 'NONE', #3477, #1676, #4497, .T. ) ;
#5157 = PRESENTATION_LAYER_ASSIGNMENT (  '', '', ( #2256 ) ) ;
#5158 = CARTESIAN_POINT ( 'NONE',  ( -0.7010740004227079500, -0.1000000000000000100, 1.190489813122816500 ) ) ;
#5159 = LINE ( 'NONE', #7010, #7468 ) ;
#5160 = ORIENTED_EDGE ( 'NONE', *, *, #2796, .T. ) ;
#5161 = DIRECTION ( 'NONE',  ( 0.0000000000000000000, -0.0000000000000000000, -1.000000000000000000 ) ) ;
#5162 = ORIENTED_EDGE ( 'NONE', *, *, #2796, .F. ) ;
#5163 = DIRECTION ( 'NONE',  ( 4.336808689942017700E-015, 0.0000000000000000000, 1.000000000000000000 ) ) ;
#5164 = VECTOR ( 'NONE', #3285, 1000.000000000000000 ) ;
#5165 = EDGE_CURVE ( 'NONE', #443, #793, #4410, .T. ) ;
#5166 = ORIENTED_EDGE ( 'NONE', *, *, #6502, .F. ) ;
#5167 = AXIS2_PLACEMENT_3D ( 'NONE', #241, #833, #2614 ) ;
#5168 = FACE_OUTER_BOUND ( 'NONE', #1135, .T. ) ;
#5169 = DIRECTION ( 'NONE',  ( -0.0000000000000000000, -1.000000000000000000, -0.0000000000000000000 ) ) ;
#5170 = CARTESIAN_POINT ( 'NONE',  ( 1.094272957940848300, -0.1286997638788319200, -1.278699763878832000 ) ) ;
#5171 = CARTESIAN_POINT ( 'NONE',  ( -0.3514106528891460800, 0.0000000000000000000, -1.350000000000000300 ) ) ;
#5172 = LINE ( 'NONE', #1187, #4065 ) ;
#5173 = CARTESIAN_POINT ( 'NONE',  ( 1.660223004139932000, -0.9743463534909069200, 0.2000000000000000100 ) ) ;
#5174 = VECTOR ( 'NONE', #7106, 1000.000000000000000 ) ;
#5175 = CARTESIAN_POINT ( 'NONE',  ( 0.7010740004227081800, -0.1499999999999999700, 1.200000000000000600 ) ) ;
#5176 = CARTESIAN_POINT ( 'NONE',  ( 1.053594130719925500, -0.1000000000000000100, 1.200000000000000600 ) ) ;
#5177 = ADVANCED_FACE ( 'NONE', ( #2938 ), #2705, .F. ) ;
#5178 = CARTESIAN_POINT ( 'NONE',  ( 1.310011812126306500, -0.4913441754571611900, -1.350000000000002100 ) ) ;
#5179 = VERTEX_POINT ( 'NONE', #6888 ) ;
#5180 = VECTOR ( 'NONE', #7130, 1000.000000000000000 ) ;
#5181 = ORIENTED_EDGE ( 'NONE', *, *, #3030, .F. ) ;
#5182 = EDGE_LOOP ( 'NONE', ( #3982, #2678, #5818, #7535, #2011, #1153 ) ) ;
#5183 = DIRECTION ( 'NONE',  ( -0.0000000000000000000, -1.000000000000000000, -0.0000000000000000000 ) ) ;
#5184 = ADVANCED_FACE ( 'NONE', ( #5885, #6983 ), #5068, .F. ) ;
#5185 = DIRECTION ( 'NONE',  ( 0.0000000000000000000, -0.0000000000000000000, -1.000000000000000000 ) ) ;
#5186 = CARTESIAN_POINT ( 'NONE',  ( 1.078042482630644300, -0.4381199093104634100, -1.866607263856682900 ) ) ;
#5187 = VECTOR ( 'NONE', #4344, 1000.000000000000000 ) ;
#5188 = VERTEX_POINT ( 'NONE', #4476 ) ;
#5189 = CARTESIAN_POINT ( 'NONE',  ( -1.096148662824762300, -0.9499999999999999600, -1.052476713040993800 ) ) ;
#5190 = ORIENTED_EDGE ( 'NONE', *, *, #1330, .T. ) ;
#5191 = EDGE_CURVE ( 'NONE', #4071, #2125, #759, .T. ) ;
#5192 = CARTESIAN_POINT ( 'NONE',  ( -1.053594130719925500, -0.4810162188969695500, 1.350000000000001900 ) ) ;
#5193 = CARTESIAN_POINT ( 'NONE',  ( -1.257582580033950400, 0.0000000000000000000, 1.039254521236307600 ) ) ;
#5194 = EDGE_CURVE ( 'NONE', #5578, #5756, #7449, .T. ) ;
#5195 = CARTESIAN_POINT ( 'NONE',  ( -1.500000000000000000, -0.9499999999999999600, 1.052476713040994000 ) ) ;
#5196 = ORIENTED_EDGE ( 'NONE', *, *, #4821, .F. ) ;
#5197 = CARTESIAN_POINT ( 'NONE',  ( -0.7010740004227079500, -0.09999999999999965900, 1.350000000000000300 ) ) ;
#5198 = ORIENTED_EDGE ( 'NONE', *, *, #3665, .F. ) ;
#5199 = CARTESIAN_POINT ( 'NONE',  ( 1.096148662824762100, -0.5900400513188783800, 1.052476713040994000 ) ) ;
#5200 = EDGE_CURVE ( 'NONE', #3770, #7187, #2117, .T. ) ;
#5201 = VECTOR ( 'NONE', #3068, 999.9999999999998900 ) ;
#5202 = VECTOR ( 'NONE', #2531, 1000.000000000000000 ) ;
#5203 = DIRECTION ( 'NONE',  ( -5.165768915825848000E-015, -1.000000000000000000, 5.165768915825848000E-015 ) ) ;
#5204 = LINE ( 'NONE', #2385, #7327 ) ;
#5205 = CARTESIAN_POINT ( 'NONE',  ( -1.053594130719925500, -0.1000000000000000100, 1.190489813122816800 ) ) ;
#5206 = ORIENTED_EDGE ( 'NONE', *, *, #3617, .T. ) ;
#5207 = VERTEX_POINT ( 'NONE', #1661 ) ;
#5208 = EDGE_CURVE ( 'NONE', #6577, #6413, #2488, .T. ) ;
#5209 = AXIS2_PLACEMENT_3D ( 'NONE', #7619, #2292, #6372 ) ;
#5210 = DIRECTION ( 'NONE',  ( 3.928366239855319300E-016, 0.0000000000000000000, -1.000000000000000000 ) ) ;
#5211 = EDGE_CURVE ( 'NONE', #5179, #4356, #5693, .T. ) ;
#5212 = DIRECTION ( 'NONE',  ( 0.0000000000000000000, 1.000000000000000000, 0.0000000000000000000 ) ) ;
#5213 = ADVANCED_FACE ( 'NONE', ( #3674 ), #5813, .T. ) ;
#5214 = ORIENTED_EDGE ( 'NONE', *, *, #4403, .F. ) ;
#5215 = DIRECTION ( 'NONE',  ( 1.000000000000000000, 0.0000000000000000000, -2.449293598294706400E-016 ) ) ;
#5216 = CARTESIAN_POINT ( 'NONE',  ( -1.095778389361269600, -0.1000000000000000100, -1.250000000000000200 ) ) ;
#5217 = EDGE_CURVE ( 'NONE', #4195, #7233, #16, .T. ) ;
#5218 = AXIS2_PLACEMENT_3D ( 'NONE', #7049, #5815, #2273 ) ;
#5219 = ADVANCED_FACE ( 'NONE', ( #1571 ), #7542, .F. ) ;
#5220 = CARTESIAN_POINT ( 'NONE',  ( -1.499999999999999800, -0.1000000000000000100, -0.9138294609943661300 ) ) ;
#5221 = VECTOR ( 'NONE', #3014, 1000.000000000000000 ) ;
#5222 = VERTEX_POINT ( 'NONE', #6991 ) ;
#5223 = CARTESIAN_POINT ( 'NONE',  ( -0.8890101095548963400, -0.5975000926685797300, 1.250000000000002200 ) ) ;
#5224 = DIRECTION ( 'NONE',  ( 0.0000000000000000000, 0.0000000000000000000, -1.000000000000000000 ) ) ;
#5225 = FACE_OUTER_BOUND ( 'NONE', #6913, .T. ) ;
#5226 = ORIENTED_EDGE ( 'NONE', *, *, #5548, .T. ) ;
#5227 = CARTESIAN_POINT ( 'NONE',  ( 0.5000000000000000000, -0.9499999999999999600, -1.350000000000000100 ) ) ;
#5228 = DIRECTION ( 'NONE',  ( -3.928366239855319300E-016, 0.0000000000000000000, 1.000000000000000000 ) ) ;
#5229 = FACE_OUTER_BOUND ( 'NONE', #3077, .T. ) ;
#5230 = DIRECTION ( 'NONE',  ( -1.000000000000000000, 0.0000000000000000000, 0.0000000000000000000 ) ) ;
#5231 = VECTOR ( 'NONE', #339, 1000.000000000000000 ) ;
#5232 = ORIENTED_EDGE ( 'NONE', *, *, #7271, .F. ) ;
#5233 = DIRECTION ( 'NONE',  ( 0.0000000000000000000, -1.000000000000000000, 3.491481338843133400E-015 ) ) ;
#5234 = FACE_OUTER_BOUND ( 'NONE', #7050, .T. ) ;
#5235 = DIRECTION ( 'NONE',  ( -0.0000000000000000000, -0.0000000000000000000, -1.000000000000000000 ) ) ;
#5236 = EDGE_CURVE ( 'NONE', #4654, #4393, #1020, .T. ) ;
#5237 = EDGE_CURVE ( 'NONE', #4218, #319, #933, .T. ) ;
#5238 = LINE ( 'NONE', #6786, #7451 ) ;
#5239 = CARTESIAN_POINT ( 'NONE',  ( -1.145418158205587300, -0.1000000000000000100, -1.190489813122816800 ) ) ;
#5240 = FACE_OUTER_BOUND ( 'NONE', #3886, .T. ) ;
#5241 = ORIENTED_EDGE ( 'NONE', *, *, #6390, .F. ) ;
#5242 = ORIENTED_EDGE ( 'NONE', *, *, #4360, .F. ) ;
#5243 = DIRECTION ( 'NONE',  ( 2.449293598294706400E-016, -0.0000000000000000000, 1.000000000000000000 ) ) ;
#5244 = DIRECTION ( 'NONE',  ( 1.000000000000000000, 0.0000000000000000000, -2.449293598294706400E-016 ) ) ;
#5245 = VECTOR ( 'NONE', #2649, 1000.000000000000000 ) ;
#5246 = AXIS2_PLACEMENT_3D ( 'NONE', #6070, #2557, #1312 ) ;
#5247 = ORIENTED_EDGE ( 'NONE', *, *, #20, .F. ) ;
#5248 = CARTESIAN_POINT ( 'NONE',  ( -0.6603828416892074700, -0.4241578738305969400, 1.217574864917437800 ) ) ;
#5249 = ORIENTED_EDGE ( 'NONE', *, *, #5480, .F. ) ;
#5250 = VERTEX_POINT ( 'NONE', #3444 ) ;
#5251 = DIRECTION ( 'NONE',  ( 1.000000000000000000, 0.0000000000000000000, 2.449293598294706400E-016 ) ) ;
#5252 = DIRECTION ( 'NONE',  ( 1.000000000000000000, 0.0000000000000000000, 2.449293598294706400E-016 ) ) ;
#5253 = VECTOR ( 'NONE', #2266, 1000.000000000000000 ) ;
#5254 = VERTEX_POINT ( 'NONE', #2861 ) ;
#5255 = VERTEX_POINT ( 'NONE', #516 ) ;
#5256 = CARTESIAN_POINT ( 'NONE',  ( 1.499999999999999800, -0.1000000000000000100, 0.9138294609943661300 ) ) ;
#5257 = CARTESIAN_POINT ( 'NONE',  ( 1.053594130719925500, -0.1499999999999999700, -1.200000000000000600 ) ) ;
#5258 = ORIENTED_EDGE ( 'NONE', *, *, #4378, .T. ) ;
#5259 = VERTEX_POINT ( 'NONE', #5863 ) ;
#5260 = AXIS2_PLACEMENT_3D ( 'NONE', #3214, #802, #6100 ) ;
#5261 = DIRECTION ( 'NONE',  ( 0.0000000000000000000, 0.0000000000000000000, -1.000000000000000000 ) ) ;
#5262 = LINE ( 'NONE', #4114, #4340 ) ;
#5263 = ADVANCED_FACE ( 'NONE', ( #5329 ), #2856, .F. ) ;
#5264 = ORIENTED_EDGE ( 'NONE', *, *, #1589, .F. ) ;
#5265 = DIRECTION ( 'NONE',  ( 0.0000000000000000000, 0.0000000000000000000, -1.000000000000000000 ) ) ;
#5266 = ADVANCED_FACE ( 'NONE', ( #3762 ), #1489, .F. ) ;
#5267 = VECTOR ( 'NONE', #5412, 1000.000000000000000 ) ;
#5268 = CARTESIAN_POINT ( 'NONE',  ( -1.096148662824762100, -0.4381199093104634100, 1.303465212886776700 ) ) ;
#5269 = CARTESIAN_POINT ( 'NONE',  ( 1.239179746653218400, -0.4913441754571611900, -1.350000000000002100 ) ) ;
#5270 = DIRECTION ( 'NONE',  ( -1.000000000000000000, 0.0000000000000000000, 0.0000000000000000000 ) ) ;
#5271 = EDGE_CURVE ( 'NONE', #1347, #7264, #6626, .T. ) ;
#5272 = AXIS2_PLACEMENT_3D ( 'NONE', #458, #7456, #1683 ) ;
#5273 = VERTEX_POINT ( 'NONE', #7567 ) ;
#5274 = CARTESIAN_POINT ( 'NONE',  ( 1.053594130719925500, -0.1000000000000000500, 1.200000000000000600 ) ) ;
#5275 = EDGE_CURVE ( 'NONE', #3723, #6037, #573, .T. ) ;
#5276 = VECTOR ( 'NONE', #2113, 1000.000000000000000 ) ;
#5277 = VERTEX_POINT ( 'NONE', #6399 ) ;
#5278 = DIRECTION ( 'NONE',  ( -0.0000000000000000000, -0.0000000000000000000, 1.000000000000000000 ) ) ;
#5279 = ORIENTED_EDGE ( 'NONE', *, *, #3152, .F. ) ;
#5280 = CARTESIAN_POINT ( 'NONE',  ( 1.500000000000000200, -0.9499999999999999600, -0.6599999999999997000 ) ) ;
#5281 = ORIENTED_EDGE ( 'NONE', *, *, #6604, .T. ) ;
#5282 = FACE_OUTER_BOUND ( 'NONE', #4321, .T. ) ;
#5283 = CARTESIAN_POINT ( 'NONE',  ( -1.750000000000000000, -0.8800000000000000000, -0.9999999999999995600 ) ) ;
#5284 = ORIENTED_EDGE ( 'NONE', *, *, #2476, .F. ) ;
#5285 = CARTESIAN_POINT ( 'NONE',  ( -0.6603828416892074700, -0.4241578738305969400, 2.067574864917438100 ) ) ;
#5286 = ORIENTED_EDGE ( 'NONE', *, *, #4291, .T. ) ;
#5287 = DIRECTION ( 'NONE',  ( -6.151150412723322900E-016, -3.491481338843133400E-015, 1.000000000000000000 ) ) ;
#5288 = CARTESIAN_POINT ( 'NONE',  ( 0.7010740004227079500, -0.1000000000000000100, 1.190489813122816500 ) ) ;
#5289 = EDGE_LOOP ( 'NONE', ( #6599, #5065, #434, #5559 ) ) ;
#5290 = VERTEX_POINT ( 'NONE', #5192 ) ;
#5291 = ORIENTED_EDGE ( 'NONE', *, *, #2121, .F. ) ;
#5292 = ORIENTED_EDGE ( 'NONE', *, *, #5798, .F. ) ;
#5293 = CARTESIAN_POINT ( 'NONE',  ( -1.053594130719925500, -0.1499999999999998000, -1.250000000000000400 ) ) ;
#5294 = VECTOR ( 'NONE', #5354, 1000.000000000000000 ) ;
#5295 = ORIENTED_EDGE ( 'NONE', *, *, #5134, .T. ) ;
#5296 = DIRECTION ( 'NONE',  ( -6.151150412723322900E-016, -3.491481338843133400E-015, -1.000000000000000000 ) ) ;
#5297 = CARTESIAN_POINT ( 'NONE',  ( -0.7010740004227080700, -0.1499999999999999700, -1.250000000000000400 ) ) ;
#5298 = VERTEX_POINT ( 'NONE', #568 ) ;
#5299 = ADVANCED_FACE ( 'NONE', ( #6887 ), #1148, .F. ) ;
#5300 = DIRECTION ( 'NONE',  ( 0.0000000000000000000, -9.757819552369541500E-015, -1.000000000000000000 ) ) ;
#5301 = FACE_OUTER_BOUND ( 'NONE', #6082, .T. ) ;
#5302 = PLANE ( 'NONE',  #1924 ) ;
#5303 = ADVANCED_FACE ( 'NONE', ( #7551 ), #5891, .F. ) ;
#5304 = FACE_OUTER_BOUND ( 'NONE', #5396, .T. ) ;
#5305 = AXIS2_PLACEMENT_3D ( 'NONE', #2723, #6928, #1649 ) ;
#5306 = CARTESIAN_POINT ( 'NONE',  ( 1.468629210512393500, -0.4381199093104634100, 1.866607263856683100 ) ) ;
#5307 = DIRECTION ( 'NONE',  ( -1.000000000000000000, -0.0000000000000000000, 2.282530889443167000E-016 ) ) ;
#5308 = ORIENTED_EDGE ( 'NONE', *, *, #6188, .T. ) ;
#5309 = DIRECTION ( 'NONE',  ( -1.000000000000000000, 0.0000000000000000000, 0.0000000000000000000 ) ) ;
#5310 = CARTESIAN_POINT ( 'NONE',  ( 1.053594130719925500, -0.1000000000000000100, 1.190489813122816800 ) ) ;
#5311 = CARTESIAN_POINT ( 'NONE',  ( -1.576394759256916500, -0.01077505122844488200, -0.3482487252757458500 ) ) ;
#5312 = EDGE_CURVE ( 'NONE', #3716, #1413, #1943, .T. ) ;
#5313 = LINE ( 'NONE', #6537, #957 ) ;
#5314 = VERTEX_POINT ( 'NONE', #4743 ) ;
#5315 = AXIS2_PLACEMENT_3D ( 'NONE', #3245, #6202, #6103 ) ;
#5316 = CARTESIAN_POINT ( 'NONE',  ( 0.6092499729370461900, -0.1000000000000000100, 1.217362676867157500 ) ) ;
#5317 = EDGE_CURVE ( 'NONE', #165, #2434, #210, .T. ) ;
#5318 = PLANE ( 'NONE',  #1623 ) ;
#5319 = LINE ( 'NONE', #6453, #4309 ) ;
#5320 = VERTEX_POINT ( 'NONE', #1285 ) ;
#5321 = CARTESIAN_POINT ( 'NONE',  ( 0.6603828416892074700, -0.4241578738305969400, 1.217574864917437800 ) ) ;
#5322 = FILL_AREA_STYLE_COLOUR ( '', #6120 ) ;
#5323 = EDGE_CURVE ( 'NONE', #1250, #421, #5989, .T. ) ;
#5324 = LINE ( 'NONE', #3601, #1016 ) ;
#5325 = EDGE_LOOP ( 'NONE', ( #1223, #6995, #4436, #2007 ) ) ;
#5326 = CARTESIAN_POINT ( 'NONE',  ( 1.511371717397266700, 0.4000000000000000200, 0.4000000000000000200 ) ) ;
#5327 = ORIENTED_EDGE ( 'NONE', *, *, #3651, .T. ) ;
#5328 = DIRECTION ( 'NONE',  ( 1.000000000000000000, -0.0000000000000000000, 0.0000000000000000000 ) ) ;
#5329 = FACE_OUTER_BOUND ( 'NONE', #7002, .T. ) ;
#5330 = LINE ( 'NONE', #7111, #4693 ) ;
#5331 = DIRECTION ( 'NONE',  ( 0.0000000000000000000, 1.000000000000000000, 0.0000000000000000000 ) ) ;
#5332 = LINE ( 'NONE', #4699, #2028 ) ;
#5333 = VERTEX_POINT ( 'NONE', #4135 ) ;
#5334 = CARTESIAN_POINT ( 'NONE',  ( 1.257582580033950400, 0.0000000000000000000, 1.039254521236307600 ) ) ;
#5335 = CARTESIAN_POINT ( 'NONE',  ( -1.749999999999999800, -0.8800000000000000000, 1.000000000000000000 ) ) ;
#5336 = DIRECTION ( 'NONE',  ( 6.151150412723322900E-016, -3.491481338843133400E-015, 1.000000000000000000 ) ) ;
#5337 = VECTOR ( 'NONE', #206, 1000.000000000000000 ) ;
#5338 = ORIENTED_EDGE ( 'NONE', *, *, #3168, .F. ) ;
#5339 = AXIS2_PLACEMENT_3D ( 'NONE', #1608, #2808, #5140 ) ;
#5340 = ADVANCED_FACE ( 'NONE', ( #3482 ), #4164, .T. ) ;
#5341 = VECTOR ( 'NONE', #1045, 1000.000000000000000 ) ;
#5342 = ORIENTED_EDGE ( 'NONE', *, *, #3910, .F. ) ;
#5343 = EDGE_LOOP ( 'NONE', ( #2021, #875, #110, #2255, #966, #1176 ) ) ;
#5344 = ADVANCED_FACE ( 'NONE', ( #380 ), #7102, .T. ) ;
#5345 = DIRECTION ( 'NONE',  ( -0.0000000000000000000, -0.0000000000000000000, -1.000000000000000000 ) ) ;
#5346 = EDGE_CURVE ( 'NONE', #1948, #4144, #1314, .T. ) ;
#5347 = EDGE_CURVE ( 'NONE', #4765, #1270, #4401, .T. ) ;
#5348 = PRESENTATION_STYLE_ASSIGNMENT (( #5758 ) ) ;
#5349 = ORIENTED_EDGE ( 'NONE', *, *, #6443, .T. ) ;
#5350 = DIRECTION ( 'NONE',  ( 0.0000000000000000000, 1.000000000000000000, 0.0000000000000000000 ) ) ;
#5351 = VERTEX_POINT ( 'NONE', #4219 ) ;
#5352 = CARTESIAN_POINT ( 'NONE',  ( 1.450000000000000400, -0.9499999999999999600, -0.6653012290366856500 ) ) ;
#5353 = ORIENTED_EDGE ( 'NONE', *, *, #133, .F. ) ;
#5354 = DIRECTION ( 'NONE',  ( 6.151150412723322900E-016, -3.491481338843133400E-015, -1.000000000000000000 ) ) ;
#5355 = AXIS2_PLACEMENT_3D ( 'NONE', #4097, #4039, #4069 ) ;
#5356 = CARTESIAN_POINT ( 'NONE',  ( 1.257582580033950400, -0.1000000000000000100, 1.098665785637154900 ) ) ;
#5357 = EDGE_CURVE ( 'NONE', #3546, #2, #5584, .T. ) ;
#5358 = VECTOR ( 'NONE', #1439, 1000.000000000000000 ) ;
#5359 = CARTESIAN_POINT ( 'NONE',  ( -1.450000000000000200, -0.9499999999999999600, 1.836970198721030200E-016 ) ) ;
#5360 = VERTEX_POINT ( 'NONE', #3570 ) ;
#5361 = DIRECTION ( 'NONE',  ( 6.151150412723322900E-016, -3.491481338843133400E-015, 1.000000000000000000 ) ) ;
#5362 = VECTOR ( 'NONE', #3338, 1000.000000000000000 ) ;
#5363 = DIRECTION ( 'NONE',  ( -2.449293598294706400E-016, 0.0000000000000000000, 1.000000000000000000 ) ) ;
#5364 = DIRECTION ( 'NONE',  ( -0.0000000000000000000, 0.0000000000000000000, -1.000000000000000000 ) ) ;
#5365 = LINE ( 'NONE', #4621, #7005 ) ;
#5366 = DIRECTION ( 'NONE',  ( 0.0000000000000000000, 0.0000000000000000000, 1.000000000000000000 ) ) ;
#5367 = AXIS2_PLACEMENT_3D ( 'NONE', #2932, #3394, #1099 ) ;
#5368 = CARTESIAN_POINT ( 'NONE',  ( 1.513824396574103200, 1.543242397052650900E-014, -0.3948951732669543400 ) ) ;
#5369 = LINE ( 'NONE', #4319, #3798 ) ;
#5370 = DIRECTION ( 'NONE',  ( -6.151150412723322900E-016, -3.491481338843133400E-015, -1.000000000000000000 ) ) ;
#5371 = CARTESIAN_POINT ( 'NONE',  ( -1.316993844434797700, -0.1000000000000000100, -1.039254521236307600 ) ) ;
#5372 = CARTESIAN_POINT ( 'NONE',  ( 1.053594130719925500, -0.1499999999999999700, -1.350000000000000800 ) ) ;
#5373 = ORIENTED_EDGE ( 'NONE', *, *, #5665, .T. ) ;
#5374 = VECTOR ( 'NONE', #5716, 1000.000000000000000 ) ;
#5375 = ORIENTED_EDGE ( 'NONE', *, *, #4027, .T. ) ;
#5376 = DIRECTION ( 'NONE',  ( 6.151150412723322900E-016, 0.0000000000000000000, 1.000000000000000000 ) ) ;
#5377 = EDGE_CURVE ( 'NONE', #2125, #4545, #3045, .T. ) ;
#5378 = ORIENTED_EDGE ( 'NONE', *, *, #7363, .F. ) ;
#5379 = CARTESIAN_POINT ( 'NONE',  ( -1.760000000000000000, -0.9676716926650675800, 0.4000000000000000200 ) ) ;
#5380 = DIRECTION ( 'NONE',  ( -0.0000000000000000000, 1.000000000000000000, -0.0000000000000000000 ) ) ;
#5381 = EDGE_CURVE ( 'NONE', #5811, #2441, #7337, .T. ) ;
#5382 = ORIENTED_EDGE ( 'NONE', *, *, #596, .F. ) ;
#5383 = DIRECTION ( 'NONE',  ( -0.05238247302969425300, -0.9986270958267120500, -1.283000558544752400E-017 ) ) ;
#5384 = ORIENTED_EDGE ( 'NONE', *, *, #412, .T. ) ;
#5385 = PLANE ( 'NONE',  #4990 ) ;
#5386 = CARTESIAN_POINT ( 'NONE',  ( -1.096148662824762100, 0.0000000000000000000, 2.684789902635992100E-016 ) ) ;
#5387 = ADVANCED_FACE ( 'NONE', ( #788 ), #680, .T. ) ;
#5388 = VERTEX_POINT ( 'NONE', #2426 ) ;
#5389 = CARTESIAN_POINT ( 'NONE',  ( -1.526008717353241100, -0.0004479103374829780700, 0.3778416262797839600 ) ) ;
#5390 = CARTESIAN_POINT ( 'NONE',  ( -0.6603828416892074700, -0.9499999999999999600, 1.217574864917437800 ) ) ;
#5391 = SURFACE_STYLE_FILL_AREA ( #672 ) ;
#5392 = ORIENTED_EDGE ( 'NONE', *, *, #2552, .F. ) ;
#5393 = AXIS2_PLACEMENT_3D ( 'NONE', #6434, #7018, #5300 ) ;
#5394 = PLANE ( 'NONE',  #4980 ) ;
#5395 = ORIENTED_EDGE ( 'NONE', *, *, #3324, .F. ) ;
#5396 = EDGE_LOOP ( 'NONE', ( #7171, #137, #4177, #1159, #4555, #485, #3232, #2819 ) ) ;
#5397 = EDGE_CURVE ( 'NONE', #1835, #2960, #6006, .T. ) ;
#5398 = EDGE_CURVE ( 'NONE', #2467, #2170, #391, .T. ) ;
#5399 = LINE ( 'NONE', #3805, #7040 ) ;
#5400 = DIRECTION ( 'NONE',  ( -1.000000000000000000, 0.0000000000000000000, 0.0000000000000000000 ) ) ;
#5401 = CIRCLE ( 'NONE', #1221, 0.04999999999999991300 ) ;
#5402 = PLANE ( 'NONE',  #5916 ) ;
#5403 = LINE ( 'NONE', #6517, #2088 ) ;
#5404 = CARTESIAN_POINT ( 'NONE',  ( 1.600000000000000100, 0.0000000000000000000, 0.4459031131721502000 ) ) ;
#5405 = EDGE_LOOP ( 'NONE', ( #1333, #4099, #4518, #2034 ) ) ;
#5406 = AXIS2_PLACEMENT_3D ( 'NONE', #5404, #203, #3648 ) ;
#5407 = CARTESIAN_POINT ( 'NONE',  ( -1.053594130719925500, -0.1000000000000000500, 1.200000000000000600 ) ) ;
#5408 = ORIENTED_EDGE ( 'NONE', *, *, #3966, .T. ) ;
#5409 = EDGE_CURVE ( 'NONE', #4867, #5898, #5313, .T. ) ;
#5410 = DIRECTION ( 'NONE',  ( -0.05238247302969425300, -0.9986270958267120500, -1.283000558544752400E-017 ) ) ;
#5411 = CARTESIAN_POINT ( 'NONE',  ( -0.9672050998856720500, -0.4231768744776132100, 1.350000000000001600 ) ) ;
#5412 = DIRECTION ( 'NONE',  ( 1.000000000000000000, -0.0000000000000000000, -0.0000000000000000000 ) ) ;
#5413 = EDGE_LOOP ( 'NONE', ( #2816, #2979, #5281, #1224 ) ) ;
#5414 = PLANE ( 'NONE',  #3189 ) ;
#5415 = CARTESIAN_POINT ( 'NONE',  ( 0.6603828416892078000, -0.1000000000000000100, -1.217574864917437600 ) ) ;
#5416 = PLANE ( 'NONE',  #2567 ) ;
#5417 = DIRECTION ( 'NONE',  ( -0.9964072130971135500, -0.08469159160178413300, 2.440493808333430000E-016 ) ) ;
#5418 = VECTOR ( 'NONE', #666, 1000.000000000000000 ) ;
#5419 = VERTEX_POINT ( 'NONE', #2450 ) ;
#5420 = LINE ( 'NONE', #5356, #5979 ) ;
#5421 = VERTEX_POINT ( 'NONE', #6612 ) ;
#5422 = EDGE_CURVE ( 'NONE', #4649, #4268, #5148, .T. ) ;
#5423 = AXIS2_PLACEMENT_3D ( 'NONE', #3056, #7168, #1979 ) ;
#5424 = ADVANCED_FACE ( 'NONE', ( #1465 ), #5501, .F. ) ;
#5425 = CARTESIAN_POINT ( 'NONE',  ( 1.053594130719925500, -0.4810162188969698300, -1.250000000000002000 ) ) ;
#5426 = FACE_OUTER_BOUND ( 'NONE', #1772, .T. ) ;
#5427 = DIRECTION ( 'NONE',  ( -0.0000000000000000000, 1.000000000000000000, -0.0000000000000000000 ) ) ;
#5428 = EDGE_CURVE ( 'NONE', #3459, #4897, #1001, .T. ) ;
#5429 = DIRECTION ( 'NONE',  ( -1.000000000000000000, 0.0000000000000000000, 0.0000000000000000000 ) ) ;
#5430 = LINE ( 'NONE', #1025, #4792 ) ;
#5431 = EDGE_LOOP ( 'NONE', ( #6153, #536, #1033, #4853 ) ) ;
#5432 = DIRECTION ( 'NONE',  ( 1.000000000000000000, 0.0000000000000000000, 0.0000000000000000000 ) ) ;
#5433 = LINE ( 'NONE', #456, #1398 ) ;
#5434 = CARTESIAN_POINT ( 'NONE',  ( 1.500000000000000200, -0.9499999999999999600, -1.052476713040993600 ) ) ;
#5435 = DIRECTION ( 'NONE',  ( 1.000000000000000000, 0.0000000000000000000, -6.151150412723322900E-016 ) ) ;
#5436 = VECTOR ( 'NONE', #147, 1000.000000000000000 ) ;
#5437 = DIRECTION ( 'NONE',  ( -0.0000000000000000000, -1.000000000000000000, -0.0000000000000000000 ) ) ;
#5438 = LINE ( 'NONE', #1296, #1400 ) ;
#5439 = EDGE_LOOP ( 'NONE', ( #2316, #3741, #1309, #2262 ) ) ;
#5440 = ORIENTED_EDGE ( 'NONE', *, *, #7583, .T. ) ;
#5441 = DIRECTION ( 'NONE',  ( 0.0000000000000000000, -0.0000000000000000000, -1.000000000000000000 ) ) ;
#5442 = CARTESIAN_POINT ( 'NONE',  ( -1.600000000000000100, -0.02110947949653460600, 0.3459031131721502200 ) ) ;
#5443 = VECTOR ( 'NONE', #1871, 999.9999999999998900 ) ;
#5444 = DIRECTION ( 'NONE',  ( 0.0000000000000000000, -1.000000000000000000, 0.0000000000000000000 ) ) ;
#5445 = PLANE ( 'NONE',  #200 ) ;
#5446 = ORIENTED_EDGE ( 'NONE', *, *, #7593, .F. ) ;
#5447 = DIRECTION ( 'NONE',  ( 0.0000000000000000000, 1.000000000000000000, 0.0000000000000000000 ) ) ;
#5448 = VERTEX_POINT ( 'NONE', #2012 ) ;
#5449 = ORIENTED_EDGE ( 'NONE', *, *, #1634, .F. ) ;
#5450 = VECTOR ( 'NONE', #3363, 1000.000000000000200 ) ;
#5451 = EDGE_LOOP ( 'NONE', ( #2637, #7149, #1504, #623 ) ) ;
#5452 = AXIS2_PLACEMENT_3D ( 'NONE', #6752, #5569, #2054 ) ;
#5453 = EDGE_LOOP ( 'NONE', ( #4362, #6042, #733, #767, #2206, #6232, #7198 ) ) ;
#5454 = ORIENTED_EDGE ( 'NONE', *, *, #6551, .F. ) ;
#5455 = EDGE_CURVE ( 'NONE', #4140, #4045, #2365, .T. ) ;
#5456 = CARTESIAN_POINT ( 'NONE',  ( -1.766200667084217400, -0.5900400513188783800, -1.052476713040993600 ) ) ;
#5457 = LINE ( 'NONE', #4757, #5816 ) ;
#5458 = ORIENTED_EDGE ( 'NONE', *, *, #2249, .T. ) ;
#5459 = DIRECTION ( 'NONE',  ( 6.151150412723353400E-016, -3.491481338843133000E-015, -1.000000000000000000 ) ) ;
#5460 = CIRCLE ( 'NONE', #2442, 0.09182402748566186000 ) ;
#5461 = DIRECTION ( 'NONE',  ( -1.000000000000000000, 0.0000000000000000000, 0.0000000000000000000 ) ) ;
#5462 = EDGE_CURVE ( 'NONE', #1516, #620, #3281, .T. ) ;
#5463 = DIRECTION ( 'NONE',  ( 1.000000000000000000, 0.0000000000000000000, 0.0000000000000000000 ) ) ;
#5464 = VECTOR ( 'NONE', #12, 1000.000000000000000 ) ;
#5465 = ADVANCED_FACE ( 'NONE', ( #2733 ), #1362, .T. ) ;
#5466 = ORIENTED_EDGE ( 'NONE', *, *, #787, .F. ) ;
#5467 = DIRECTION ( 'NONE',  ( -2.449293598294706400E-016, 0.0000000000000000000, 1.000000000000000000 ) ) ;
#5468 = VECTOR ( 'NONE', #5553, 1000.000000000000100 ) ;
#5469 = ORIENTED_EDGE ( 'NONE', *, *, #4003, .T. ) ;
#5470 = CARTESIAN_POINT ( 'NONE',  ( 1.705570027418666000, -0.1540184913088140400, -0.3166807910627079700 ) ) ;
#5471 = ORIENTED_EDGE ( 'NONE', *, *, #76, .F. ) ;
#5472 = EDGE_CURVE ( 'NONE', #4885, #443, #4666, .T. ) ;
#5473 = DIRECTION ( 'NONE',  ( -1.469354956161540100E-031, 1.000000000000000000, 3.491481338843133400E-015 ) ) ;
#5474 = ORIENTED_EDGE ( 'NONE', *, *, #2001, .T. ) ;
#5475 = LINE ( 'NONE', #6170, #2163 ) ;
#5476 = ORIENTED_EDGE ( 'NONE', *, *, #5064, .T. ) ;
#5477 = ORIENTED_EDGE ( 'NONE', *, *, #7616, .T. ) ;
#5478 = CARTESIAN_POINT ( 'NONE',  ( -0.8890101095548962300, -0.7854362018007680100, 1.350000000000003000 ) ) ;
#5479 = DIRECTION ( 'NONE',  ( 6.151150412723318900E-016, -3.491481338843133400E-015, -1.000000000000000000 ) ) ;
#5480 = EDGE_CURVE ( 'NONE', #5188, #1442, #1547, .T. ) ;
#5481 = VECTOR ( 'NONE', #4402, 1000.000000000000000 ) ;
#5482 = VERTEX_POINT ( 'NONE', #1941 ) ;
#5483 = CARTESIAN_POINT ( 'NONE',  ( 0.6603828416892074700, -0.9499999999999999600, 1.350000000000000300 ) ) ;
#5484 = ORIENTED_EDGE ( 'NONE', *, *, #6633, .T. ) ;
#5485 = LINE ( 'NONE', #7078, #4562 ) ;
#5486 = LINE ( 'NONE', #1468, #1635 ) ;
#5487 = ORIENTED_EDGE ( 'NONE', *, *, #5346, .F. ) ;
#5488 = DIRECTION ( 'NONE',  ( 0.02715185207516016300, -0.5176268628776525800, 0.8551755420709414900 ) ) ;
#5489 = DIRECTION ( 'NONE',  ( 0.0000000000000000000, 0.0000000000000000000, -1.000000000000000000 ) ) ;
#5490 = VERTEX_POINT ( 'NONE', #7278 ) ;
#5491 = EDGE_LOOP ( 'NONE', ( #3497, #2184, #5606, #6474 ) ) ;
#5492 = ORIENTED_EDGE ( 'NONE', *, *, #4953, .T. ) ;
#5493 = VECTOR ( 'NONE', #4011, 1000.000000000000000 ) ;
#5494 = VECTOR ( 'NONE', #6663, 1000.000000000000000 ) ;
#5495 = EDGE_CURVE ( 'NONE', #5893, #7101, #3020, .T. ) ;
#5496 = ORIENTED_EDGE ( 'NONE', *, *, #2660, .T. ) ;
#5497 = ADVANCED_FACE ( 'NONE', ( #734 ), #4293, .F. ) ;
#5498 = DIRECTION ( 'NONE',  ( 0.0000000000000000000, 1.000000000000000000, 0.0000000000000000000 ) ) ;
#5499 = VECTOR ( 'NONE', #3427, 1000.000000000000000 ) ;
#5500 = ORIENTED_EDGE ( 'NONE', *, *, #4844, .T. ) ;
#5501 = PLANE ( 'NONE',  #122 ) ;
#5502 = DIRECTION ( 'NONE',  ( 0.0000000000000000000, 0.0000000000000000000, -1.000000000000000000 ) ) ;
#5503 = CARTESIAN_POINT ( 'NONE',  ( 0.3514106528891460800, 0.0000000000000000000, 1.350000000000000300 ) ) ;
#5504 = CARTESIAN_POINT ( 'NONE',  ( 1.310011812126306500, -0.4913441754571611900, -1.350000000000002300 ) ) ;
#5505 = CIRCLE ( 'NONE', #1031, 0.1186968912300025000 ) ;
#5506 = ORIENTED_EDGE ( 'NONE', *, *, #4308, .T. ) ;
#5507 = CARTESIAN_POINT ( 'NONE',  ( -0.6092499729370461900, -0.1000000000000000100, -1.098665785637154700 ) ) ;
#5508 = CARTESIAN_POINT ( 'NONE',  ( -1.705570027418666000, -0.1540184913088140400, -0.3166807910627079700 ) ) ;
#5509 = FACE_OUTER_BOUND ( 'NONE', #6902, .T. ) ;
#5510 = ORIENTED_EDGE ( 'NONE', *, *, #7033, .F. ) ;
#5511 = PLANE ( 'NONE',  #1986 ) ;
#5512 = ORIENTED_EDGE ( 'NONE', *, *, #3416, .F. ) ;
#5513 = VECTOR ( 'NONE', #4631, 1000.000000000000000 ) ;
#5514 = LINE ( 'NONE', #4994, #3939 ) ;
#5515 = EDGE_CURVE ( 'NONE', #6700, #3139, #4206, .T. ) ;
#5516 = FACE_OUTER_BOUND ( 'NONE', #4651, .T. ) ;
#5517 = EDGE_LOOP ( 'NONE', ( #1545, #4487, #5291, #2634 ) ) ;
#5518 = CARTESIAN_POINT ( 'NONE',  ( -1.499999999999999800, 0.0000000000000000000, 0.9138294609943661300 ) ) ;
#5519 = LINE ( 'NONE', #3772, #5245 ) ;
#5520 = ORIENTED_EDGE ( 'NONE', *, *, #2205, .T. ) ;
#5521 = ORIENTED_EDGE ( 'NONE', *, *, #5997, .F. ) ;
#5522 = FACE_OUTER_BOUND ( 'NONE', #662, .T. ) ;
#5523 = VERTEX_POINT ( 'NONE', #1338 ) ;
#5524 = ORIENTED_EDGE ( 'NONE', *, *, #182, .T. ) ;
#5525 = DIRECTION ( 'NONE',  ( 0.0000000000000000000, 1.000000000000000000, 0.0000000000000000000 ) ) ;
#5526 = ORIENTED_EDGE ( 'NONE', *, *, #4413, .F. ) ;
#5527 = DIRECTION ( 'NONE',  ( -1.000000000000000000, 0.0000000000000000000, 0.0000000000000000000 ) ) ;
#5528 = ORIENTED_EDGE ( 'NONE', *, *, #4745, .F. ) ;
#5529 = ORIENTED_EDGE ( 'NONE', *, *, #4877, .T. ) ;
#5530 = AXIS2_PLACEMENT_3D ( 'NONE', #5326, #6513, #4087 ) ;
#5531 = DIRECTION ( 'NONE',  ( 0.0000000000000000000, 1.000000000000000000, 0.0000000000000000000 ) ) ;
#5532 = ADVANCED_FACE ( 'NONE', ( #1094 ), #4863, .F. ) ;
#5533 = ORIENTED_EDGE ( 'NONE', *, *, #4938, .F. ) ;
#5534 = CARTESIAN_POINT ( 'NONE',  ( 1.388759507161886800, -0.7854362018007683400, -1.250000000000003100 ) ) ;
#5535 = EDGE_CURVE ( 'NONE', #1583, #4140, #7243, .T. ) ;
#5536 = DIRECTION ( 'NONE',  ( -2.592963218374910500E-032, -1.000000000000000000, 1.092751075564479400E-016 ) ) ;
#5537 = CARTESIAN_POINT ( 'NONE',  ( 0.7010740004227079500, -0.5975000926685796200, 1.350000000000002100 ) ) ;
#5538 = FACE_OUTER_BOUND ( 'NONE', #1112, .T. ) ;
#5539 = VERTEX_POINT ( 'NONE', #2530 ) ;
#5540 = VECTOR ( 'NONE', #525, 1000.000000000000000 ) ;
#5541 = AXIS2_PLACEMENT_3D ( 'NONE', #1450, #299, #1497 ) ;
#5542 = FACE_OUTER_BOUND ( 'NONE', #3761, .T. ) ;
#5543 = EDGE_CURVE ( 'NONE', #313, #6684, #1181, .T. ) ;
#5544 = CARTESIAN_POINT ( 'NONE',  ( -0.3514106528891460800, 0.0000000000000000000, 1.350000000000000300 ) ) ;
#5545 = EDGE_CURVE ( 'NONE', #4005, #5255, #1923, .T. ) ;
#5546 = LINE ( 'NONE', #2429, #5174 ) ;
#5547 = CARTESIAN_POINT ( 'NONE',  ( -1.310011812126306500, -0.4913441754571611900, 1.350000000000002100 ) ) ;
#5548 = EDGE_CURVE ( 'NONE', #4451, #6392, #4008, .T. ) ;
#5549 = EDGE_LOOP ( 'NONE', ( #4126, #2800, #2000, #515 ) ) ;
#5550 = CIRCLE ( 'NONE', #684, 0.1879361091321885000 ) ;
#5551 = CARTESIAN_POINT ( 'NONE',  ( -0.5165027480058550500, 0.0000000000000000000, -1.143289036108584800 ) ) ;
#5552 = VERTEX_POINT ( 'NONE', #6689 ) ;
#5553 = DIRECTION ( 'NONE',  ( -0.05238247302969425300, -0.9986270958267120500, 0.0000000000000000000 ) ) ;
#5554 = EDGE_LOOP ( 'NONE', ( #3160, #1421, #143, #4086 ) ) ;
#5555 = CARTESIAN_POINT ( 'NONE',  ( -1.500000000000000200, -0.8800000000000000000, -0.6599999999999997000 ) ) ;
#5556 = DIRECTION ( 'NONE',  ( -0.08469159160178413300, 0.9964072130971135500, 0.0000000000000000000 ) ) ;
#5557 = CARTESIAN_POINT ( 'NONE',  ( 1.096148662824762300, -0.4381199093104634100, -1.303465212886776300 ) ) ;
#5558 = DIRECTION ( 'NONE',  ( 0.0000000000000000000, 1.000000000000000000, 0.0000000000000000000 ) ) ;
#5559 = ORIENTED_EDGE ( 'NONE', *, *, #2337, .T. ) ;
#5560 = ORIENTED_EDGE ( 'NONE', *, *, #4000, .T. ) ;
#5561 = EDGE_CURVE ( 'NONE', #1250, #242, #6137, .T. ) ;
#5562 = DIRECTION ( 'NONE',  ( 1.000000000000000000, 1.792225197726105700E-015, 2.757269534963239800E-016 ) ) ;
#5563 = ORIENTED_EDGE ( 'NONE', *, *, #4600, .T. ) ;
#5564 = EDGE_CURVE ( 'NONE', #3357, #5994, #6229, .T. ) ;
#5565 = VECTOR ( 'NONE', #1161, 1000.000000000000000 ) ;
#5566 = LINE ( 'NONE', #3926, #175 ) ;
#5567 = CARTESIAN_POINT ( 'NONE',  ( -0.8890101095548963400, -0.7854362018007682300, -1.250000000000002900 ) ) ;
#5568 = ORIENTED_EDGE ( 'NONE', *, *, #3466, .T. ) ;
#5569 = DIRECTION ( 'NONE',  ( 0.9986270958267121600, -0.05238247302969426000, 0.0000000000000000000 ) ) ;
#5570 = ADVANCED_FACE ( 'NONE', ( #7523 ), #2652, .T. ) ;
#5571 = CARTESIAN_POINT ( 'NONE',  ( 1.447527658732871600, -0.5975000926685795100, -1.350000000000002800 ) ) ;
#5572 = ORIENTED_EDGE ( 'NONE', *, *, #4027, .F. ) ;
#5573 = ORIENTED_EDGE ( 'NONE', *, *, #3959, .F. ) ;
#5574 = LINE ( 'NONE', #731, #1538 ) ;
#5575 = VECTOR ( 'NONE', #324, 1000.000000000000000 ) ;
#5576 = DIRECTION ( 'NONE',  ( 6.151150412723322900E-016, -3.491481338843133400E-015, 1.000000000000000000 ) ) ;
#5577 = VECTOR ( 'NONE', #1207, 1000.000000000000000 ) ;
#5578 = VERTEX_POINT ( 'NONE', #3776 ) ;
#5579 = ORIENTED_EDGE ( 'NONE', *, *, #2291, .F. ) ;
#5580 = CARTESIAN_POINT ( 'NONE',  ( -1.500000000000000000, -0.8800000000000000000, 0.6600000000000000300 ) ) ;
#5581 = DIRECTION ( 'NONE',  ( 0.0000000000000000000, 0.0000000000000000000, 1.000000000000000000 ) ) ;
#5582 = DIRECTION ( 'NONE',  ( 6.151150412723322900E-016, 3.491481338843133400E-015, 1.000000000000000000 ) ) ;
#5583 = AXIS2_PLACEMENT_3D ( 'NONE', #4639, #7055, #2969 ) ;
#5584 = LINE ( 'NONE', #7044, #5771 ) ;
#5585 = ORIENTED_EDGE ( 'NONE', *, *, #7175, .T. ) ;
#5586 = EDGE_CURVE ( 'NONE', #3282, #2619, #6778, .T. ) ;
#5587 = DIRECTION ( 'NONE',  ( 0.0000000000000000000, 0.0000000000000000000, 1.000000000000000000 ) ) ;
#5588 = PLANE ( 'NONE',  #4261 ) ;
#5589 = VECTOR ( 'NONE', #3748, 1000.000000000000000 ) ;
#5590 = CARTESIAN_POINT ( 'NONE',  ( -0.6156878555317636400, -0.9499999999999999600, -1.350000000000000100 ) ) ;
#5591 = ORIENTED_EDGE ( 'NONE', *, *, #4930, .T. ) ;
#5592 = CARTESIAN_POINT ( 'NONE',  ( -1.719998683103989700, -0.3697070418052864600, -0.2000000000000000400 ) ) ;
#5593 = EDGE_CURVE ( 'NONE', #7428, #4370, #2648, .T. ) ;
#5594 = ORIENTED_EDGE ( 'NONE', *, *, #5275, .F. ) ;
#5595 = FACE_OUTER_BOUND ( 'NONE', #2418, .T. ) ;
#5596 = DIRECTION ( 'NONE',  ( 0.0000000000000000000, 0.0000000000000000000, -1.000000000000000000 ) ) ;
#5597 = LINE ( 'NONE', #1771, #4686 ) ;
#5598 = ORIENTED_EDGE ( 'NONE', *, *, #5422, .T. ) ;
#5599 = ADVANCED_FACE ( 'NONE', ( #5769 ), #350, .T. ) ;
#5600 = CARTESIAN_POINT ( 'NONE',  ( -0.6092499729370461900, -0.1000000000000000100, 1.217362676867157500 ) ) ;
#5601 = CYLINDRICAL_SURFACE ( 'NONE', #1044, 0.09182402748566186000 ) ;
#5602 = PLANE ( 'NONE',  #5167 ) ;
#5603 = VECTOR ( 'NONE', #3076, 1000.000000000000000 ) ;
#5604 = DIRECTION ( 'NONE',  ( 1.000000000000000000, 0.0000000000000000000, 0.0000000000000000000 ) ) ;
#5605 = CIRCLE ( 'NONE', #4629, 0.05941126440084723600 ) ;
#5606 = ORIENTED_EDGE ( 'NONE', *, *, #6866, .T. ) ;
#5607 = ORIENTED_EDGE ( 'NONE', *, *, #2348, .F. ) ;
#5608 = DIRECTION ( 'NONE',  ( 1.000000000000000000, 0.0000000000000000000, 0.0000000000000000000 ) ) ;
#5609 = LINE ( 'NONE', #7590, #7370 ) ;
#5610 = EDGE_CURVE ( 'NONE', #1048, #7494, #6409, .T. ) ;
#5611 = ORIENTED_EDGE ( 'NONE', *, *, #1881, .F. ) ;
#5612 = DIRECTION ( 'NONE',  ( 0.0000000000000000000, -3.491481338843133400E-015, 1.000000000000000000 ) ) ;
#5613 = CARTESIAN_POINT ( 'NONE',  ( 1.388759507161886800, -0.7854362018007680100, -1.350000000000003200 ) ) ;
#5614 = MANIFOLD_SOLID_BREP ( 'Boss-Extrude4', #1218 ) ;
#5615 = EDGE_LOOP ( 'NONE', ( #4671, #457 ) ) ;
#5616 = ORIENTED_EDGE ( 'NONE', *, *, #1431, .F. ) ;
#5617 = EDGE_CURVE ( 'NONE', #7372, #4076, #1286, .T. ) ;
#5618 = DIRECTION ( 'NONE',  ( 0.0000000000000000000, -1.000000000000000000, 0.0000000000000000000 ) ) ;
#5619 = CIRCLE ( 'NONE', #3577, 0.8499999999999999800 ) ;
#5620 = ORIENTED_EDGE ( 'NONE', *, *, #6551, .T. ) ;
#5621 = VERTEX_POINT ( 'NONE', #3799 ) ;
#5622 =( LENGTH_UNIT ( ) NAMED_UNIT ( * ) SI_UNIT ( .MILLI., .METRE. ) );
#5623 = DIRECTION ( 'NONE',  ( 6.151150412723322900E-016, -3.491481338843133400E-015, 1.000000000000000000 ) ) ;
#5624 = VECTOR ( 'NONE', #194, 1000.000000000000000 ) ;
#5625 = AXIS2_PLACEMENT_3D ( 'NONE', #4473, #3424, #6643 ) ;
#5626 = ORIENTED_EDGE ( 'NONE', *, *, #5023, .F. ) ;
#5627 = LINE ( 'NONE', #3676, #6654 ) ;
#5628 = EDGE_CURVE ( 'NONE', #1160, #3095, #7161, .T. ) ;
#5629 = CARTESIAN_POINT ( 'NONE',  ( 1.566534003254535000, -0.007658613830156010700, 0.3511184651379414800 ) ) ;
#5630 = DIRECTION ( 'NONE',  ( -0.0000000000000000000, 1.000000000000000000, -0.0000000000000000000 ) ) ;
#5631 = CARTESIAN_POINT ( 'NONE',  ( 1.600000000000000100, -1.092751075564479500E-017, -0.4459031131721494200 ) ) ;
#5632 = CARTESIAN_POINT ( 'NONE',  ( -1.257582580033950400, 0.0000000000000000000, 1.098665785637154700 ) ) ;
#5633 = ORIENTED_EDGE ( 'NONE', *, *, #6574, .T. ) ;
#5634 = VECTOR ( 'NONE', #284, 1000.000000000000000 ) ;
#5635 = ORIENTED_EDGE ( 'NONE', *, *, #2489, .F. ) ;
#5636 = AXIS2_PLACEMENT_3D ( 'NONE', #2906, #3483, #17 ) ;
#5637 = ORIENTED_EDGE ( 'NONE', *, *, #5814, .F. ) ;
#5638 = CARTESIAN_POINT ( 'NONE',  ( 0.6092499729370461900, -0.1000000000000000100, -1.190489813122816500 ) ) ;
#5639 = ADVANCED_FACE ( 'NONE', ( #4295 ), #2465, .T. ) ;
#5640 = CARTESIAN_POINT ( 'NONE',  ( -1.450893303781768000, -0.1000000000000000100, 1.350000000000000300 ) ) ;
#5641 = ORIENTED_EDGE ( 'NONE', *, *, #3187, .F. ) ;
#5642 = DIRECTION ( 'NONE',  ( -0.05238247302969425300, -0.9986270958267120500, 0.0000000000000000000 ) ) ;
#5643 = FACE_OUTER_BOUND ( 'NONE', #5840, .T. ) ;
#5644 = ORIENTED_EDGE ( 'NONE', *, *, #3594, .F. ) ;
#5645 = VERTEX_POINT ( 'NONE', #3207 ) ;
#5646 = VERTEX_POINT ( 'NONE', #1505 ) ;
#5647 = DIRECTION ( 'NONE',  ( -1.000000000000000000, 0.0000000000000000000, 0.0000000000000000000 ) ) ;
#5648 = DIRECTION ( 'NONE',  ( 2.372876381782987800E-016, -1.092751075564479400E-016, 1.000000000000000000 ) ) ;
#5649 = AXIS2_PLACEMENT_3D ( 'NONE', #3302, #5052, #6342 ) ;
#5650 = DIRECTION ( 'NONE',  ( 0.0000000000000000000, 1.000000000000000000, 0.0000000000000000000 ) ) ;
#5651 = DIRECTION ( 'NONE',  ( 0.0000000000000000000, 1.000000000000000000, 0.0000000000000000000 ) ) ;
#5652 = LINE ( 'NONE', #2026, #1620 ) ;
#5653 = ORIENTED_EDGE ( 'NONE', *, *, #6604, .F. ) ;
#5654 = DIRECTION ( 'NONE',  ( -0.0000000000000000000, -1.000000000000000000, -0.0000000000000000000 ) ) ;
#5655 = ORIENTED_EDGE ( 'NONE', *, *, #566, .T. ) ;
#5656 = DIRECTION ( 'NONE',  ( -6.377659838150025700E-016, 0.0000000000000000000, -1.000000000000000000 ) ) ;
#5657 = CARTESIAN_POINT ( 'NONE',  ( 0.6156878555317633100, -0.9499999999999999600, 1.350000000000000300 ) ) ;
#5658 = CIRCLE ( 'NONE', #486, 0.04999999999999991300 ) ;
#5659 = EDGE_CURVE ( 'NONE', #3139, #2305, #913, .T. ) ;
#5660 = LINE ( 'NONE', #2690, #4287 ) ;
#5661 = DIRECTION ( 'NONE',  ( -0.02715185207516016300, -0.5176268628776525800, 0.8551755420709414900 ) ) ;
#5662 = ORIENTED_EDGE ( 'NONE', *, *, #4758, .T. ) ;
#5663 = AXIS2_PLACEMENT_3D ( 'NONE', #7291, #3790, #864 ) ;
#5664 = DIRECTION ( 'NONE',  ( 0.0000000000000000000, 0.0000000000000000000, 1.000000000000000000 ) ) ;
#5665 = EDGE_CURVE ( 'NONE', #690, #6577, #2830, .T. ) ;
#5666 = EDGE_LOOP ( 'NONE', ( #4905, #5074, #3136, #2680 ) ) ;
#5667 = ORIENTED_EDGE ( 'NONE', *, *, #2813, .T. ) ;
#5668 = ORIENTED_EDGE ( 'NONE', *, *, #2224, .T. ) ;
#5669 = DIRECTION ( 'NONE',  ( -0.0000000000000000000, 1.000000000000000000, -0.0000000000000000000 ) ) ;
#5670 = CARTESIAN_POINT ( 'NONE',  ( 1.239179746653218400, -0.4913441754571615200, 1.250000000000002000 ) ) ;
#5671 = DIRECTION ( 'NONE',  ( 0.0000000000000000000, -1.000000000000000000, 3.461396037702079900E-015 ) ) ;
#5672 = ORIENTED_EDGE ( 'NONE', *, *, #3337, .F. ) ;
#5673 = DIRECTION ( 'NONE',  ( 0.0000000000000000000, 0.0000000000000000000, 1.000000000000000000 ) ) ;
#5674 = AXIS2_PLACEMENT_3D ( 'NONE', #1028, #3250, #4430 ) ;
#5675 = DIRECTION ( 'NONE',  ( 0.0000000000000000000, -0.0000000000000000000, -1.000000000000000000 ) ) ;
#5676 = ADVANCED_FACE ( 'NONE', ( #2276 ), #1550, .F. ) ;
#5677 = LINE ( 'NONE', #3231, #4861 ) ;
#5678 = ORIENTED_EDGE ( 'NONE', *, *, #3642, .F. ) ;
#5679 = CARTESIAN_POINT ( 'NONE',  ( 1.523044486209295600, -0.0001911351229703650600, 0.3811425505905969800 ) ) ;
#5680 = FILL_AREA_STYLE_COLOUR ( '', #1055 ) ;
#5681 = AXIS2_PLACEMENT_3D ( 'NONE', #2644, #911, #6214 ) ;
#5682 = CARTESIAN_POINT ( 'NONE',  ( 1.745395374870707400, -0.7493526410928823500, -0.005376450193525712400 ) ) ;
#5683 = PLANE ( 'NONE',  #3708 ) ;
#5684 = CIRCLE ( 'NONE', #4608, 0.1966079410694898100 ) ;
#5685 = CARTESIAN_POINT ( 'NONE',  ( 0.7010740004227081800, -0.1499999999999998000, -1.250000000000000400 ) ) ;
#5686 = ORIENTED_EDGE ( 'NONE', *, *, #289, .F. ) ;
#5687 = DIRECTION ( 'NONE',  ( 0.0000000000000000000, 0.0000000000000000000, 1.000000000000000000 ) ) ;
#5688 = VECTOR ( 'NONE', #5661, 1000.000000000000000 ) ;
#5689 = VERTEX_POINT ( 'NONE', #3971 ) ;
#5690 = DIRECTION ( 'NONE',  ( 0.0000000000000000000, 1.000000000000000000, 0.0000000000000000000 ) ) ;
#5691 = VERTEX_POINT ( 'NONE', #1628 ) ;
#5692 = EDGE_CURVE ( 'NONE', #112, #5255, #95, .T. ) ;
#5693 = LINE ( 'NONE', #492, #4128 ) ;
#5694 = DIRECTION ( 'NONE',  ( 1.000000000000000000, 0.0000000000000000000, 0.0000000000000000000 ) ) ;
#5695 = CARTESIAN_POINT ( 'NONE',  ( 0.6092499729370461900, -0.1000000000000000100, -1.098665785637154700 ) ) ;
#5696 = LINE ( 'NONE', #1183, #6627 ) ;
#5697 = CYLINDRICAL_SURFACE ( 'NONE', #6606, 0.09999999999999999200 ) ;
#5698 = ORIENTED_EDGE ( 'NONE', *, *, #318, .F. ) ;
#5699 = PLANE ( 'NONE',  #6504 ) ;
#5700 = VERTEX_POINT ( 'NONE', #1575 ) ;
#5701 = CARTESIAN_POINT ( 'NONE',  ( -1.707541214618736300, -0.1834850278464350800, 0.4000000000000000200 ) ) ;
#5702 = VECTOR ( 'NONE', #1895, 1000.000000000000000 ) ;
#5703 = DIRECTION ( 'NONE',  ( 1.000000000000000000, 2.147662687844072100E-030, 6.151150412723322900E-016 ) ) ;
#5704 = ORIENTED_EDGE ( 'NONE', *, *, #3254, .T. ) ;
#5705 = ORIENTED_EDGE ( 'NONE', *, *, #6134, .T. ) ;
#5706 = LINE ( 'NONE', #6421, #4142 ) ;
#5707 = ORIENTED_EDGE ( 'NONE', *, *, #7544, .T. ) ;
#5708 = ORIENTED_EDGE ( 'NONE', *, *, #3910, .T. ) ;
#5709 = AXIS2_PLACEMENT_3D ( 'NONE', #1322, #1951, #1905 ) ;
#5710 = PLANE ( 'NONE',  #1272 ) ;
#5711 = CARTESIAN_POINT ( 'NONE',  ( 1.316993844434797700, 0.0000000000000000000, 1.039254521236307600 ) ) ;
#5712 = CARTESIAN_POINT ( 'NONE',  ( 1.500000000000000200, -0.8800000000000000000, -0.9999999999999995600 ) ) ;
#5713 = VECTOR ( 'NONE', #3391, 1000.000000000000100 ) ;
#5714 = CARTESIAN_POINT ( 'NONE',  ( 0.5165027480058550500, 0.0000000000000000000, -1.143289036108584800 ) ) ;
#5715 = ORIENTED_EDGE ( 'NONE', *, *, #4719, .F. ) ;
#5716 = DIRECTION ( 'NONE',  ( 0.0000000000000000000, 1.000000000000000000, 0.0000000000000000000 ) ) ;
#5717 = ORIENTED_EDGE ( 'NONE', *, *, #7219, .T. ) ;
#5718 =( BOUNDED_CURVE ( )  B_SPLINE_CURVE ( 3, ( #7613, #4653, #2904, #3481 ),
 .UNSPECIFIED., .F., .F. ) 
 B_SPLINE_CURVE_WITH_KNOTS ( ( 4, 4 ),
 ( 3.141592653589793100, 4.645592711925857500 ),
 .UNSPECIFIED. ) 
 CURVE ( )  GEOMETRIC_REPRESENTATION_ITEM ( )  RATIONAL_B_SPLINE_CURVE ( ( 1.000000000000000000, 0.8202160726404466000, 0.8202160726404466000, 1.000000000000000000 ) ) 
 REPRESENTATION_ITEM ( '' )  );
#5719 = EDGE_CURVE ( 'NONE', #1707, #704, #3655, .T. ) ;
#5720 = CARTESIAN_POINT ( 'NONE',  ( -0.3514106528891460800, -0.1000000000000000100, -1.350000000000000300 ) ) ;
#5721 = VECTOR ( 'NONE', #6031, 1000.000000000000000 ) ;
#5722 = AXIS2_PLACEMENT_3D ( 'NONE', #726, #2428, #164 ) ;
#5723 = CARTESIAN_POINT ( 'NONE',  ( 1.388759507161886800, -0.7854362018007683400, -1.250000000000003100 ) ) ;
#5724 = ADVANCED_FACE ( 'NONE', ( #91 ), #6132, .F. ) ;
#5725 = DIRECTION ( 'NONE',  ( 0.0000000000000000000, 1.000000000000000000, 0.0000000000000000000 ) ) ;
#5726 = ORIENTED_EDGE ( 'NONE', *, *, #6986, .F. ) ;
#5727 = LINE ( 'NONE', #3269, #2236 ) ;
#5728 = LINE ( 'NONE', #4592, #3794 ) ;
#5729 = DIRECTION ( 'NONE',  ( -2.449293598294706400E-016, 0.0000000000000000000, 1.000000000000000000 ) ) ;
#5730 = PLANE ( 'NONE',  #4460 ) ;
#5731 = AXIS2_PLACEMENT_3D ( 'NONE', #6200, #5089, #6836 ) ;
#5732 = CARTESIAN_POINT ( 'NONE',  ( 1.749999999999999800, -0.8800000000000000000, 1.000000000000000000 ) ) ;
#5733 = PLANE ( 'NONE',  #5339 ) ;
#5734 = EDGE_CURVE ( 'NONE', #1364, #3693, #4661, .T. ) ;
#5735 = ORIENTED_EDGE ( 'NONE', *, *, #3818, .T. ) ;
#5736 = CARTESIAN_POINT ( 'NONE',  ( 1.145418158205587300, -0.1000000000000000100, 1.098665785637154900 ) ) ;
#5737 = CARTESIAN_POINT ( 'NONE',  ( 1.660223004139932000, -0.9743463534909069200, 0.4000000000000000200 ) ) ;
#5738 = EDGE_CURVE ( 'NONE', #134, #5691, #5118, .T. ) ;
#5739 = VECTOR ( 'NONE', #5021, 1000.000000000000000 ) ;
#5740 = ORIENTED_EDGE ( 'NONE', *, *, #832, .T. ) ;
#5741 = ORIENTED_EDGE ( 'NONE', *, *, #4983, .F. ) ;
#5742 = CARTESIAN_POINT ( 'NONE',  ( 0.7010740004227079500, -0.5975000926685795100, 1.350000000000002100 ) ) ;
#5743 = AXIS2_PLACEMENT_3D ( 'NONE', #579, #5230, #4646 ) ;
#5744 = CARTESIAN_POINT ( 'NONE',  ( -1.096148662824762100, -0.9499999999999999600, 1.052476713040994000 ) ) ;
#5745 = LINE ( 'NONE', #4563, #7225 ) ;
#5746 = VERTEX_POINT ( 'NONE', #3942 ) ;
#5747 = DIRECTION ( 'NONE',  ( -1.000000000000000000, 2.147662687844072100E-030, -6.151150412723322900E-016 ) ) ;
#5748 = ORIENTED_EDGE ( 'NONE', *, *, #1942, .T. ) ;
#5749 = VECTOR ( 'NONE', #5331, 1000.000000000000000 ) ;
#5750 = FACE_OUTER_BOUND ( 'NONE', #7145, .T. ) ;
#5751 = CARTESIAN_POINT ( 'NONE',  ( 1.500000000000000000, -0.8800000000000000000, 1.000000000000000000 ) ) ;
#5752 = ORIENTED_EDGE ( 'NONE', *, *, #3682, .F. ) ;
#5753 = ORIENTED_EDGE ( 'NONE', *, *, #2908, .T. ) ;
#5754 = ORIENTED_EDGE ( 'NONE', *, *, #6841, .F. ) ;
#5755 = DIRECTION ( 'NONE',  ( -0.0000000000000000000, -0.0000000000000000000, -1.000000000000000000 ) ) ;
#5756 = VERTEX_POINT ( 'NONE', #1092 ) ;
#5757 = LINE ( 'NONE', #779, #4377 ) ;
#5758 = SURFACE_STYLE_USAGE ( .BOTH. , #1657 ) ;
#5759 = ADVANCED_FACE ( 'NONE', ( #5304 ), #730, .T. ) ;
#5760 = VECTOR ( 'NONE', #3202, 1000.000000000000000 ) ;
#5761 = FACE_OUTER_BOUND ( 'NONE', #6580, .T. ) ;
#5762 = DIRECTION ( 'NONE',  ( -0.0000000000000000000, 1.000000000000000000, -0.0000000000000000000 ) ) ;
#5763 = ORIENTED_EDGE ( 'NONE', *, *, #7246, .T. ) ;
#5764 = EDGE_CURVE ( 'NONE', #6087, #1648, #3550, .T. ) ;
#5765 = ORIENTED_EDGE ( 'NONE', *, *, #1329, .T. ) ;
#5766 = ADVANCED_FACE ( 'NONE', ( #351 ), #4488, .F. ) ;
#5767 = PLANE ( 'NONE',  #4754 ) ;
#5768 = EDGE_CURVE ( 'NONE', #1120, #1678, #545, .T. ) ;
#5769 = FACE_OUTER_BOUND ( 'NONE', #808, .T. ) ;
#5770 = DIRECTION ( 'NONE',  ( 0.9124114197061157200, 0.4092742371440823400, 0.0000000000000000000 ) ) ;
#5771 = VECTOR ( 'NONE', #4767, 1000.000000000000000 ) ;
#5772 = CARTESIAN_POINT ( 'NONE',  ( -1.090532940559749500, -0.2000000000000004300, 1.350000000000000300 ) ) ;
#5773 = ORIENTED_EDGE ( 'NONE', *, *, #2597, .T. ) ;
#5774 = CARTESIAN_POINT ( 'NONE',  ( 1.316993844434797700, 0.0000000000000000000, 0.9733463376187478900 ) ) ;
#5775 = AXIS2_PLACEMENT_3D ( 'NONE', #226, #247, #2595 ) ;
#5776 = VECTOR ( 'NONE', #1377, 1000.000000000000000 ) ;
#5777 = VERTEX_POINT ( 'NONE', #3332 ) ;
#5778 = CARTESIAN_POINT ( 'NONE',  ( -1.053594130719925500, -0.1499999999999999700, -1.200000000000000600 ) ) ;
#5779 = EDGE_CURVE ( 'NONE', #4893, #3598, #2269, .T. ) ;
#5780 = VECTOR ( 'NONE', #7162, 1000.000000000000000 ) ;
#5781 = ORIENTED_EDGE ( 'NONE', *, *, #2647, .F. ) ;
#5782 = VECTOR ( 'NONE', #2168, 999.9999999999998900 ) ;
#5783 = DIRECTION ( 'NONE',  ( -0.0000000000000000000, -1.000000000000000000, -0.0000000000000000000 ) ) ;
#5784 = PLANE ( 'NONE',  #7371 ) ;
#5785 = FACE_OUTER_BOUND ( 'NONE', #2820, .T. ) ;
#5786 = AXIS2_PLACEMENT_3D ( 'NONE', #5193, #6373, #598 ) ;
#5787 = DIRECTION ( 'NONE',  ( 0.0000000000000000000, 0.0000000000000000000, -1.000000000000000000 ) ) ;
#5788 = LINE ( 'NONE', #6403, #6243 ) ;
#5789 = ORIENTED_EDGE ( 'NONE', *, *, #4727, .F. ) ;
#5790 = LINE ( 'NONE', #6318, #6436 ) ;
#5791 = DIRECTION ( 'NONE',  ( -0.0000000000000000000, 1.000000000000000000, 0.0000000000000000000 ) ) ;
#5792 = VECTOR ( 'NONE', #4827, 1000.000000000000000 ) ;
#5793 = DIRECTION ( 'NONE',  ( 0.08469159160178413300, -0.9964072130971135500, 0.0000000000000000000 ) ) ;
#5794 = ADVANCED_FACE ( 'NONE', ( #4762 ), #5699, .T. ) ;
#5795 = LINE ( 'NONE', #6131, #1392 ) ;
#5796 = PLANE ( 'NONE',  #4559 ) ;
#5797 = ORIENTED_EDGE ( 'NONE', *, *, #6176, .T. ) ;
#5798 = EDGE_CURVE ( 'NONE', #1687, #6955, #2189, .T. ) ;
#5799 =( GEOMETRIC_REPRESENTATION_CONTEXT ( 3 ) GLOBAL_UNCERTAINTY_ASSIGNED_CONTEXT ( ( #741 ) ) GLOBAL_UNIT_ASSIGNED_CONTEXT ( ( #514, #2241, #6368 ) ) REPRESENTATION_CONTEXT ( 'NONE', 'WORKASPACE' ) );
#5800 = CARTESIAN_POINT ( 'NONE',  ( -1.468629210512393900, -0.4381199093104634100, -1.349999999999999900 ) ) ;
#5801 = CIRCLE ( 'NONE', #6828, 0.9499999999999999600 ) ;
#5802 = VERTEX_POINT ( 'NONE', #506 ) ;
#5803 = CARTESIAN_POINT ( 'NONE',  ( -1.566534003254535000, -0.007658613830156019300, -0.3511184651379407100 ) ) ;
#5804 = ADVANCED_FACE ( 'NONE', ( #3013 ), #7481, .T. ) ;
#5805 = VERTEX_POINT ( 'NONE', #5129 ) ;
#5806 = ORIENTED_EDGE ( 'NONE', *, *, #5914, .F. ) ;
#5807 = DIRECTION ( 'NONE',  ( -0.06674660825839352800, -0.9977699586006789600, 0.0000000000000000000 ) ) ;
#5808 = LINE ( 'NONE', #407, #3417 ) ;
#5809 = ORIENTED_EDGE ( 'NONE', *, *, #2620, .F. ) ;
#5810 = EDGE_CURVE ( 'NONE', #3618, #7131, #6597, .T. ) ;
#5811 = VERTEX_POINT ( 'NONE', #4124 ) ;
#5812 = AXIS2_PLACEMENT_3D ( 'NONE', #6330, #2737, #5071 ) ;
#5813 = PLANE ( 'NONE',  #1141 ) ;
#5814 = EDGE_CURVE ( 'NONE', #5179, #5994, #3366, .T. ) ;
#5815 = DIRECTION ( 'NONE',  ( 2.449293598294706400E-016, 0.0000000000000000000, 1.000000000000000000 ) ) ;
#5816 = VECTOR ( 'NONE', #2973, 1000.000000000000000 ) ;
#5817 = CARTESIAN_POINT ( 'NONE',  ( 1.096148662824762300, -0.9499999999999999600, -1.052476713040993800 ) ) ;
#5818 = ORIENTED_EDGE ( 'NONE', *, *, #6650, .T. ) ;
#5819 = DIRECTION ( 'NONE',  ( 0.0000000000000000000, 0.0000000000000000000, 1.000000000000000000 ) ) ;
#5820 = FACE_OUTER_BOUND ( 'NONE', #244, .T. ) ;
#5821 = CARTESIAN_POINT ( 'NONE',  ( -1.316993844434797700, 0.0000000000000000000, 1.039254521236307600 ) ) ;
#5822 = DIRECTION ( 'NONE',  ( 0.0000000000000000000, 1.000000000000000000, -0.0000000000000000000 ) ) ;
#5823 =( LENGTH_UNIT ( ) NAMED_UNIT ( * ) SI_UNIT ( .MILLI., .METRE. ) );
#5824 = ORIENTED_EDGE ( 'NONE', *, *, #2620, .T. ) ;
#5825 = CARTESIAN_POINT ( 'NONE',  ( -0.7010740004227079500, 0.0000000000000000000, 1.190489813122816500 ) ) ;
#5826 = CIRCLE ( 'NONE', #3413, 0.7999999999999999300 ) ;
#5827 = VERTEX_POINT ( 'NONE', #4648 ) ;
#5828 = VERTEX_POINT ( 'NONE', #6825 ) ;
#5829 = CARTESIAN_POINT ( 'NONE',  ( 1.447527658732871600, -0.5310819161150369700, 1.250000000000002400 ) ) ;
#5830 = CARTESIAN_POINT ( 'NONE',  ( -1.096148662824762300, -0.4901082429140811700, -1.217574864917437600 ) ) ;
#5831 = ORIENTED_EDGE ( 'NONE', *, *, #2721, .T. ) ;
#5832 = FACE_OUTER_BOUND ( 'NONE', #7479, .T. ) ;
#5833 = VERTEX_POINT ( 'NONE', #4672 ) ;
#5834 = ORIENTED_EDGE ( 'NONE', *, *, #3016, .T. ) ;
#5835 = DIRECTION ( 'NONE',  ( 0.0000000000000000000, 0.0000000000000000000, 1.000000000000000000 ) ) ;
#5836 = ORIENTED_EDGE ( 'NONE', *, *, #4139, .T. ) ;
#5837 = EDGE_CURVE ( 'NONE', #292, #5298, #2145, .T. ) ;
#5838 = PLANE ( 'NONE',  #7069 ) ;
#5839 = ORIENTED_EDGE ( 'NONE', *, *, #1515, .T. ) ;
#5840 = EDGE_LOOP ( 'NONE', ( #926, #5524, #775, #6213 ) ) ;
#5841 = ADVANCED_FACE ( 'NONE', ( #6773 ), #4568, .F. ) ;
#5842 = DIRECTION ( 'NONE',  ( 0.0000000000000000000, 0.0000000000000000000, 1.000000000000000000 ) ) ;
#5843 = DIRECTION ( 'NONE',  ( -1.000000000000000000, 0.0000000000000000000, -2.449293598294706400E-016 ) ) ;
#5844 = ADVANCED_FACE ( 'NONE', ( #1277 ), #6956, .T. ) ;
#5845 = ORIENTED_EDGE ( 'NONE', *, *, #7599, .F. ) ;
#5846 = AXIS2_PLACEMENT_3D ( 'NONE', #396, #3914, #7447 ) ;
#5847 = VECTOR ( 'NONE', #5924, 1000.000000000000000 ) ;
#5848 = PLANE ( 'NONE',  #4676 ) ;
#5849 = DIRECTION ( 'NONE',  ( -6.151150412723322900E-016, -3.491481338843133400E-015, 1.000000000000000000 ) ) ;
#5850 = LINE ( 'NONE', #2071, #6596 ) ;
#5851 = VERTEX_POINT ( 'NONE', #533 ) ;
#5852 = VECTOR ( 'NONE', #7024, 1000.000000000000000 ) ;
#5853 = DIRECTION ( 'NONE',  ( 0.0000000000000000000, 1.000000000000000000, 0.0000000000000000000 ) ) ;
#5854 = CLOSED_SHELL ( 'NONE', ( #2335, #1193, #3895, #274, #996, #4182, #3141, #2066, #5759, #661, #6417, #2840, #2873, #918, #6542, #2539, #586, #1607, #6546, #5138, #4690, #583, #1928, #1533, #312, #7582, #460, #3440, #3754, #6950, #4, #1959, #5766, #3179, #2719, #5497, #7120, #2995, #1696, #2957, #7235, #3107, #424, #45, #5340, #3681, #5883, #3860, #377, #7076, #5063, #5213, #4409, #4226, #737, #6146, #663, #891, #6729, #3286, #4057, #1852, #7575, #90, #6870, #4602, #777, #1234, #4688, #6581, #86, #3215, #6110, #6043, #1569, #4886, #2295, #507, #2187, #959, #5844, #4773, #1738, #631, #3828, #5804, #1108, #2645, #7423, #4262, #5724, #5599, #1273, #7269, #6505, #5263, #6763, #7463, #7623, #5104, #6339, #1357, #2754, #3072, #4644, #4183, #2794, #6369, #7549, #1813, #1154, #6617, #4922, #4371, #2260, #2456, #4485, #5344, #2916, #5027, #5266, #5465, #4448, #5919, #1464, #1773, #1321, #2679, #4810, #3449, #170, #4954, #239, #5970, #3564, #4611, #5639, #4565, #551, #5841, #6466, #201, #5532, #6010, #7032, #3520, #3364, #2371 ) ) ;
#5855 = EDGE_LOOP ( 'NONE', ( #2042, #2155, #1991, #2626, #5879, #5160, #577, #1958, #3687, #1845, #6989, #5408 ) ) ;
#5856 = DIRECTION ( 'NONE',  ( -1.000000000000000000, 0.0000000000000000000, 0.0000000000000000000 ) ) ;
#5857 = EDGE_CURVE ( 'NONE', #5007, #2894, #1458, .T. ) ;
#5858 = CARTESIAN_POINT ( 'NONE',  ( -1.198516098867771200, -0.4809284779894623100, -1.350000000000002100 ) ) ;
#5859 = VECTOR ( 'NONE', #1382, 1000.000000000000000 ) ;
#5860 = CARTESIAN_POINT ( 'NONE',  ( 1.682607193318285800, -0.1000000000000000100, 0.3459031131721494500 ) ) ;
#5861 = DIRECTION ( 'NONE',  ( 1.000000000000000000, -2.100411576200051200E-030, -6.151150412723322900E-016 ) ) ;
#5862 = ORIENTED_EDGE ( 'NONE', *, *, #3536, .F. ) ;
#5863 = CARTESIAN_POINT ( 'NONE',  ( -1.707541214618736300, -0.1834850278464349400, 0.3007403121398641300 ) ) ;
#5864 = DIRECTION ( 'NONE',  ( 2.592963218374910500E-032, -1.000000000000000000, 1.092751075564479400E-016 ) ) ;
#5865 = EDGE_CURVE ( 'NONE', #4372, #5805, #6507, .T. ) ;
#5866 = CARTESIAN_POINT ( 'NONE',  ( -1.257582580033950400, -0.1000000000000000100, 1.098665785637154700 ) ) ;
#5867 = AXIS2_PLACEMENT_3D ( 'NONE', #4795, #4221, #4747 ) ;
#5868 = CARTESIAN_POINT ( 'NONE',  ( -0.9500000000000004000, -1.000000000000000000, -1.165301229036685800 ) ) ;
#5869 = ORIENTED_EDGE ( 'NONE', *, *, #5323, .F. ) ;
#5870 = EDGE_CURVE ( 'NONE', #4520, #6105, #184, .T. ) ;
#5871 = DIRECTION ( 'NONE',  ( 1.000000000000000000, 0.0000000000000000000, -0.0000000000000000000 ) ) ;
#5872 = CARTESIAN_POINT ( 'NONE',  ( -1.682607193318285800, -0.1000000000000000100, 0.3459031131721494500 ) ) ;
#5873 = CARTESIAN_POINT ( 'NONE',  ( -0.5165027480058548300, 0.0000000000000000000, 1.143289036108584800 ) ) ;
#5874 = DIRECTION ( 'NONE',  ( 1.000000000000000000, 0.0000000000000000000, 0.0000000000000000000 ) ) ;
#5875 = VECTOR ( 'NONE', #2423, 1000.000000000000000 ) ;
#5876 = VERTEX_POINT ( 'NONE', #558 ) ;
#5877 = DIRECTION ( 'NONE',  ( 0.0000000000000000000, 0.0000000000000000000, 1.000000000000000000 ) ) ;
#5878 = LINE ( 'NONE', #7493, #6979 ) ;
#5879 = ORIENTED_EDGE ( 'NONE', *, *, #3568, .T. ) ;
#5880 = CARTESIAN_POINT ( 'NONE',  ( 1.053594130719925500, -0.1499999999999999700, -1.200000000000000600 ) ) ;
#5881 = AXIS2_PLACEMENT_3D ( 'NONE', #7358, #1488, #356 ) ;
#5882 = ORIENTED_EDGE ( 'NONE', *, *, #2734, .T. ) ;
#5883 = ADVANCED_FACE ( 'NONE', ( #6223 ), #7581, .F. ) ;
#5884 = DIRECTION ( 'NONE',  ( 1.000000000000000000, 0.0000000000000000000, 0.0000000000000000000 ) ) ;
#5885 = FACE_OUTER_BOUND ( 'NONE', #909, .T. ) ;
#5886 = EDGE_CURVE ( 'NONE', #1126, #4421, #1731, .T. ) ;
#5887 = LINE ( 'NONE', #6904, #2390 ) ;
#5888 = CARTESIAN_POINT ( 'NONE',  ( 0.6603828416892078000, -0.1000000000000000100, -1.350000000000000100 ) ) ;
#5889 = CIRCLE ( 'NONE', #5423, 0.05951687662438182700 ) ;
#5890 = ORIENTED_EDGE ( 'NONE', *, *, #5719, .F. ) ;
#5891 = PLANE ( 'NONE',  #758 ) ;
#5892 = VECTOR ( 'NONE', #369, 1000.000000000000000 ) ;
#5893 = VERTEX_POINT ( 'NONE', #15 ) ;
#5894 = DIRECTION ( 'NONE',  ( 0.0000000000000000000, 1.000000000000000000, 0.0000000000000000000 ) ) ;
#5895 = ORIENTED_EDGE ( 'NONE', *, *, #1295, .T. ) ;
#5896 = PLANE ( 'NONE',  #245 ) ;
#5897 = EDGE_LOOP ( 'NONE', ( #7420, #1282, #3854, #5993 ) ) ;
#5898 = VERTEX_POINT ( 'NONE', #4623 ) ;
#5899 = CARTESIAN_POINT ( 'NONE',  ( -1.447527658732871600, -0.7266680502297832000, 1.350000000000003200 ) ) ;
#5900 = COLOUR_RGB ( '',0.2509803921568627400, 0.2509803921568627400, 0.2509803921568627400 ) ;
#5901 = DIRECTION ( 'NONE',  ( 1.000000000000000000, -0.0000000000000000000, -0.0000000000000000000 ) ) ;
#5902 = CARTESIAN_POINT ( 'NONE',  ( -1.316993844434797700, -0.1000000000000000100, -1.039254521236307600 ) ) ;
#5903 = VERTEX_POINT ( 'NONE', #4042 ) ;
#5904 = EDGE_CURVE ( 'NONE', #3137, #2246, #4200, .T. ) ;
#5905 = PLANE ( 'NONE',  #2522 ) ;
#5906 = ORIENTED_EDGE ( 'NONE', *, *, #4887, .F. ) ;
#5907 = CARTESIAN_POINT ( 'NONE',  ( 1.533598421379602100, -0.001077145510261596300, -0.3704296527930445200 ) ) ;
#5908 = LINE ( 'NONE', #6408, #3239 ) ;
#5909 = CARTESIAN_POINT ( 'NONE',  ( -1.257582580033950400, -0.1000000000000000100, -1.098665785637154900 ) ) ;
#5910 = ORIENTED_EDGE ( 'NONE', *, *, #3773, .T. ) ;
#5911 = VECTOR ( 'NONE', #464, 1000.000000000000000 ) ;
#5912 = CARTESIAN_POINT ( 'NONE',  ( -1.468629210512393500, -0.4381199093104634100, 1.350000000000000300 ) ) ;
#5913 = DIRECTION ( 'NONE',  ( -1.000000000000000000, -0.0000000000000000000, -0.0000000000000000000 ) ) ;
#5914 = EDGE_CURVE ( 'NONE', #2500, #4738, #7517, .T. ) ;
#5915 = LINE ( 'NONE', #1756, #5081 ) ;
#5916 = AXIS2_PLACEMENT_3D ( 'NONE', #1914, #3036, #4785 ) ;
#5917 = CARTESIAN_POINT ( 'NONE',  ( 1.500000000000000000, -0.1000000000000000600, -0.4459031131721494200 ) ) ;
#5918 = CARTESIAN_POINT ( 'NONE',  ( 0.0000000000000000000, -0.8800000000000000000, 0.0000000000000000000 ) ) ;
#5919 = ADVANCED_FACE ( 'NONE', ( #1833 ), #1737, .F. ) ;
#5920 = DIRECTION ( 'NONE',  ( 1.000000000000000000, 0.0000000000000000000, 0.0000000000000000000 ) ) ;
#5921 = DIRECTION ( 'NONE',  ( 0.05238247302969425300, -0.9986270958267120500, 0.0000000000000000000 ) ) ;
#5922 = ADVANCED_FACE ( 'NONE', ( #4942 ), #3033, .T. ) ;
#5923 = ORIENTED_EDGE ( 'NONE', *, *, #7388, .T. ) ;
#5924 = DIRECTION ( 'NONE',  ( -6.151150412723322900E-016, -3.491481338843133400E-015, -1.000000000000000000 ) ) ;
#5925 = VECTOR ( 'NONE', #3842, 1000.000000000000100 ) ;
#5926 = CARTESIAN_POINT ( 'NONE',  ( -1.181336235645685100, -0.5192282339237753700, -1.350000000000002300 ) ) ;
#5927 = ORIENTED_EDGE ( 'NONE', *, *, #2224, .F. ) ;
#5928 = CARTESIAN_POINT ( 'NONE',  ( 1.499999999999999800, -0.1000000000000000100, -0.9138294609943661300 ) ) ;
#5929 = EDGE_LOOP ( 'NONE', ( #5155, #7223, #2536, #2242 ) ) ;
#5930 = AXIS2_PLACEMENT_3D ( 'NONE', #6197, #2090, #1461 ) ;
#5931 = CARTESIAN_POINT ( 'NONE',  ( 1.541959164552880500, -0.002393908188015071500, -0.3644705556745466100 ) ) ;
#5932 = EDGE_CURVE ( 'NONE', #6087, #1583, #1638, .T. ) ;
#5933 = LINE ( 'NONE', #1006, #4361 ) ;
#5934 = DIRECTION ( 'NONE',  ( 0.0000000000000000000, -3.491481338843133400E-015, 1.000000000000000000 ) ) ;
#5935 = VERTEX_POINT ( 'NONE', #3615 ) ;
#5936 = CARTESIAN_POINT ( 'NONE',  ( -1.476598103780641500, -0.5900400513188783800, -1.052476713040993600 ) ) ;
#5937 = ORIENTED_EDGE ( 'NONE', *, *, #2962, .T. ) ;
#5938 = DIRECTION ( 'NONE',  ( -0.0000000000000000000, -0.0000000000000000000, -1.000000000000000000 ) ) ;
#5939 = FACE_OUTER_BOUND ( 'NONE', #3933, .T. ) ;
#5940 = AXIS2_PLACEMENT_3D ( 'NONE', #174, #1294, #7112 ) ;
#5941 = CARTESIAN_POINT ( 'NONE',  ( -1.619775180544096100, -0.3697070418052864600, -0.2000000000000000100 ) ) ;
#5942 = ORIENTED_EDGE ( 'NONE', *, *, #7427, .F. ) ;
#5943 = EDGE_CURVE ( 'NONE', #7131, #2864, #3097, .T. ) ;
#5944 = DIRECTION ( 'NONE',  ( 0.0000000000000000000, 0.0000000000000000000, -1.000000000000000000 ) ) ;
#5945 = CARTESIAN_POINT ( 'NONE',  ( 1.600000000000000100, -0.1000000000000000100, -0.4459031131721494200 ) ) ;
#5946 = ORIENTED_EDGE ( 'NONE', *, *, #3784, .F. ) ;
#5947 = ORIENTED_EDGE ( 'NONE', *, *, #5515, .F. ) ;
#5948 = EDGE_LOOP ( 'NONE', ( #2692, #6350, #4804 ) ) ;
#5949 = VERTEX_POINT ( 'NONE', #3010 ) ;
#5950 = CARTESIAN_POINT ( 'NONE',  ( 1.053594130719925500, -5.421010862427522200E-017, 1.200000000000000600 ) ) ;
#5951 = FACE_OUTER_BOUND ( 'NONE', #2617, .T. ) ;
#5952 = CARTESIAN_POINT ( 'NONE',  ( -1.257582580033950400, -0.1000000000000000100, 1.039254521236307600 ) ) ;
#5953 = VECTOR ( 'NONE', #6136, 1000.000000000000000 ) ;
#5954 = DIRECTION ( 'NONE',  ( -0.9986270958267121600, -0.05238247302969426000, 2.445930952892000900E-016 ) ) ;
#5955 = EDGE_CURVE ( 'NONE', #3465, #791, #5022, .T. ) ;
#5956 = VECTOR ( 'NONE', #4073, 1000.000000000000000 ) ;
#5957 = CARTESIAN_POINT ( 'NONE',  ( 1.511371717397266700, -0.09999999999999989500, -0.3459031131721495000 ) ) ;
#5958 = ORIENTED_EDGE ( 'NONE', *, *, #1593, .T. ) ;
#5959 = PRODUCT_DEFINITION_CONTEXT ( 'detailed design', #329, 'design' ) ;
#5960 = CARTESIAN_POINT ( 'NONE',  ( -1.376510721059179600, 0.0000000000000000000, 0.9138294609943661300 ) ) ;
#5961 = VERTEX_POINT ( 'NONE', #2974 ) ;
#5962 = DIRECTION ( 'NONE',  ( 0.0000000000000000000, -1.000000000000000000, 3.461396037702078300E-015 ) ) ;
#5963 = CARTESIAN_POINT ( 'NONE',  ( 0.0000000000000000000, 0.0000000000000000000, 0.0000000000000000000 ) ) ;
#5964 = CARTESIAN_POINT ( 'NONE',  ( 0.0000000000000000000, -0.3697070418052864600, 0.2000000000000000100 ) ) ;
#5965 = CARTESIAN_POINT ( 'NONE',  ( 1.600000000000000100, 0.0000000000000000000, 0.3459031131721502200 ) ) ;
#5966 = EDGE_CURVE ( 'NONE', #5935, #3116, #5204, .T. ) ;
#5967 = CYLINDRICAL_SURFACE ( 'NONE', #4167, 0.09999999999999999200 ) ;
#5968 = ORIENTED_EDGE ( 'NONE', *, *, #7388, .F. ) ;
#5969 = AXIS2_PLACEMENT_3D ( 'NONE', #1417, #4396, #3738 ) ;
#5970 = ADVANCED_FACE ( 'NONE', ( #6317 ), #7119, .F. ) ;
#5971 = DIRECTION ( 'NONE',  ( 0.0000000000000000000, 1.000000000000000000, 0.0000000000000000000 ) ) ;
#5972 = CARTESIAN_POINT ( 'NONE',  ( 1.500000000000000200, -0.9499999999999999600, -0.6599999999999997000 ) ) ;
#5973 = DIRECTION ( 'NONE',  ( 0.0000000000000000000, 1.000000000000000000, 0.0000000000000000000 ) ) ;
#5974 = LINE ( 'NONE', #3616, #2842 ) ;
#5975 = ORIENTED_EDGE ( 'NONE', *, *, #7512, .F. ) ;
#5976 = DIRECTION ( 'NONE',  ( -1.000000000000000000, 0.0000000000000000000, 0.0000000000000000000 ) ) ;
#5977 = CARTESIAN_POINT ( 'NONE',  ( -0.9497672376091737000, -0.3872448601504325800, 1.350000000000001600 ) ) ;
#5978 = CARTESIAN_POINT ( 'NONE',  ( -0.6603828416892074700, -0.9499999999999999600, 1.350000000000000300 ) ) ;
#5979 = VECTOR ( 'NONE', #6486, 1000.000000000000000 ) ;
#5980 = ORIENTED_EDGE ( 'NONE', *, *, #895, .T. ) ;
#5981 = CARTESIAN_POINT ( 'NONE',  ( 1.198516098867771200, -0.4809284779894623100, -1.350000000000002100 ) ) ;
#5982 = FACE_OUTER_BOUND ( 'NONE', #7148, .T. ) ;
#5983 = CARTESIAN_POINT ( 'NONE',  ( -1.560484602748353000, -0.005951758430488314000, 0.3534614997863553300 ) ) ;
#5984 = LINE ( 'NONE', #7008, #304 ) ;
#5985 = DIRECTION ( 'NONE',  ( -1.000000000000000000, -0.0000000000000000000, -0.0000000000000000000 ) ) ;
#5986 = LINE ( 'NONE', #521, #4406 ) ;
#5987 = ORIENTED_EDGE ( 'NONE', *, *, #1617, .T. ) ;
#5988 = DIRECTION ( 'NONE',  ( -1.000000000000000000, 0.0000000000000000000, 0.0000000000000000000 ) ) ;
#5989 = LINE ( 'NONE', #3540, #6248 ) ;
#5990 = DIRECTION ( 'NONE',  ( 0.0000000000000000000, 0.0000000000000000000, 1.000000000000000000 ) ) ;
#5991 = AXIS2_PLACEMENT_3D ( 'NONE', #2278, #2919, #1752 ) ;
#5992 = LINE ( 'NONE', #2238, #5341 ) ;
#5993 = ORIENTED_EDGE ( 'NONE', *, *, #5586, .T. ) ;
#5994 = VERTEX_POINT ( 'NONE', #2466 ) ;
#5995 = DIRECTION ( 'NONE',  ( -1.000000000000000000, 0.0000000000000000000, 0.0000000000000000000 ) ) ;
#5996 = DIRECTION ( 'NONE',  ( -2.372876381782987800E-016, 1.092751075564479400E-016, -1.000000000000000000 ) ) ;
#5997 = EDGE_CURVE ( 'NONE', #242, #6667, #2641, .T. ) ;
#5998 = LINE ( 'NONE', #3108, #4709 ) ;
#5999 = CARTESIAN_POINT ( 'NONE',  ( 1.448899998941666900, -0.06199934618514674200, 1.211999346185147500 ) ) ;
#6000 = VERTEX_POINT ( 'NONE', #6578 ) ;
#6001 = ORIENTED_EDGE ( 'NONE', *, *, #5217, .F. ) ;
#6002 = ORIENTED_EDGE ( 'NONE', *, *, #5593, .F. ) ;
#6003 = DIRECTION ( 'NONE',  ( -6.151150412723322900E-016, -3.491481338843133400E-015, 1.000000000000000000 ) ) ;
#6004 = AXIS2_PLACEMENT_3D ( 'NONE', #932, #1521, #2571 ) ;
#6005 = EDGE_CURVE ( 'NONE', #6646, #4372, #3456, .T. ) ;
#6006 = LINE ( 'NONE', #24, #6816 ) ;
#6007 = VERTEX_POINT ( 'NONE', #2326 ) ;
#6008 = CARTESIAN_POINT ( 'NONE',  ( -0.6156878555317633100, -0.9499999999999999600, 0.0000000000000000000 ) ) ;
#6009 = ORIENTED_EDGE ( 'NONE', *, *, #6531, .F. ) ;
#6010 = ADVANCED_FACE ( 'NONE', ( #3188 ), #4782, .F. ) ;
#6011 = DIRECTION ( 'NONE',  ( -6.151150412723322900E-016, 0.0000000000000000000, -1.000000000000000000 ) ) ;
#6012 = CARTESIAN_POINT ( 'NONE',  ( 1.163414459189985700E-016, 0.0000000000000000000, -0.9499999999999999600 ) ) ;
#6013 = FACE_OUTER_BOUND ( 'NONE', #1004, .T. ) ;
#6014 = STYLED_ITEM ( 'NONE', ( #3462 ), #5614 ) ;
#6015 = FACE_OUTER_BOUND ( 'NONE', #5031, .T. ) ;
#6016 = ORIENTED_EDGE ( 'NONE', *, *, #6938, .T. ) ;
#6017 = LINE ( 'NONE', #1506, #157 ) ;
#6018 = ORIENTED_EDGE ( 'NONE', *, *, #5075, .F. ) ;
#6019 = EDGE_CURVE ( 'NONE', #6376, #6392, #7155, .T. ) ;
#6020 = ORIENTED_EDGE ( 'NONE', *, *, #4215, .F. ) ;
#6021 = MECHANICAL_DESIGN_GEOMETRIC_PRESENTATION_REPRESENTATION (  '', ( #2185 ), #5077 ) ;
#6022 = DIRECTION ( 'NONE',  ( -0.0000000000000000000, -3.491481338843133400E-015, -1.000000000000000000 ) ) ;
#6023 = CARTESIAN_POINT ( 'NONE',  ( -1.388759507161886800, -0.7266680502297832000, -1.350000000000003000 ) ) ;
#6024 = EDGE_CURVE ( 'NONE', #968, #4451, #3647, .T. ) ;
#6025 = EDGE_LOOP ( 'NONE', ( #3995, #6054 ) ) ;
#6026 = VECTOR ( 'NONE', #5587, 1000.000000000000000 ) ;
#6027 = CARTESIAN_POINT ( 'NONE',  ( -1.619775180544096100, -0.3697070418052864600, 0.2000000000000000100 ) ) ;
#6028 = ORIENTED_EDGE ( 'NONE', *, *, #940, .F. ) ;
#6029 = ORIENTED_EDGE ( 'NONE', *, *, #161, .F. ) ;
#6030 = ORIENTED_EDGE ( 'NONE', *, *, #1558, .T. ) ;
#6031 = DIRECTION ( 'NONE',  ( 0.0000000000000000000, -0.0000000000000000000, -1.000000000000000000 ) ) ;
#6032 = DIRECTION ( 'NONE',  ( 0.0000000000000000000, -0.0000000000000000000, -1.000000000000000000 ) ) ;
#6033 = DIRECTION ( 'NONE',  ( 1.000000000000000000, 0.0000000000000000000, 0.0000000000000000000 ) ) ;
#6034 = EDGE_LOOP ( 'NONE', ( #4604, #6029, #5292, #2576 ) ) ;
#6035 = ORIENTED_EDGE ( 'NONE', *, *, #5932, .T. ) ;
#6036 = CARTESIAN_POINT ( 'NONE',  ( -1.051315431986535000, -0.9476482958303136300, 1.217574864917437800 ) ) ;
#6037 = VERTEX_POINT ( 'NONE', #2407 ) ;
#6038 = VERTEX_POINT ( 'NONE', #2354 ) ;
#6039 = EDGE_CURVE ( 'NONE', #6270, #2797, #3824, .T. ) ;
#6040 = VECTOR ( 'NONE', #3786, 1000.000000000000000 ) ;
#6041 = VECTOR ( 'NONE', #243, 999.9999999999998900 ) ;
#6042 = ORIENTED_EDGE ( 'NONE', *, *, #3899, .T. ) ;
#6043 = ADVANCED_FACE ( 'NONE', ( #5761 ), #3580, .F. ) ;
#6044 = DIRECTION ( 'NONE',  ( 0.9124114197061157200, -0.4092742371440823400, 1.990211349547696900E-015 ) ) ;
#6045 = VERTEX_POINT ( 'NONE', #1261 ) ;
#6046 = AXIS2_PLACEMENT_3D ( 'NONE', #3038, #3725, #6607 ) ;
#6047 = DIRECTION ( 'NONE',  ( 0.0000000000000000000, 1.000000000000000000, 0.0000000000000000000 ) ) ;
#6048 = ORIENTED_EDGE ( 'NONE', *, *, #5865, .T. ) ;
#6049 = CARTESIAN_POINT ( 'NONE',  ( 1.600000000000000100, 0.0000000000000000000, -0.3459031131721494500 ) ) ;
#6050 = CARTESIAN_POINT ( 'NONE',  ( -1.660223004139932000, -0.9743463534909069200, -0.2000000000000000100 ) ) ;
#6051 = VECTOR ( 'NONE', #3283, 999.9999999999998900 ) ;
#6052 = PLANE ( 'NONE',  #7445 ) ;
#6053 = CARTESIAN_POINT ( 'NONE',  ( -1.388759507161886800, -0.7266680502297832000, -1.350000000000003000 ) ) ;
#6054 = ORIENTED_EDGE ( 'NONE', *, *, #2052, .T. ) ;
#6055 = DIRECTION ( 'NONE',  ( 0.05238247302969425300, -0.9986270958267120500, -1.283000558544752400E-017 ) ) ;
#6056 = EDGE_CURVE ( 'NONE', #4370, #4273, #907, .T. ) ;
#6057 =( BOUNDED_CURVE ( )  B_SPLINE_CURVE ( 3, ( #4948, #3788, #5508, #290 ),
 .UNSPECIFIED., .F., .F. ) 
 B_SPLINE_CURVE_WITH_KNOTS ( ( 4, 4 ),
 ( 4.198722860032425800, 4.645592711925855800 ),
 .UNSPECIFIED. ) 
 CURVE ( )  GEOMETRIC_REPRESENTATION_ITEM ( )  RATIONAL_B_SPLINE_CURVE ( ( 1.000000000000000000, 0.9834280606980728700, 0.9834280606980728700, 1.000000000000000000 ) ) 
 REPRESENTATION_ITEM ( '' )  );
#6058 = DIRECTION ( 'NONE',  ( -1.000000000000000000, 0.0000000000000000000, 2.449293598294706400E-016 ) ) ;
#6059 = DIRECTION ( 'NONE',  ( -1.000000000000000000, -0.0000000000000000000, 0.0000000000000000000 ) ) ;
#6060 = LINE ( 'NONE', #5640, #1749 ) ;
#6061 = ORIENTED_EDGE ( 'NONE', *, *, #2291, .T. ) ;
#6062 = EDGE_CURVE ( 'NONE', #361, #2767, #5403, .T. ) ;
#6063 = VECTOR ( 'NONE', #744, 1000.000000000000000 ) ;
#6064 = DIRECTION ( 'NONE',  ( 0.0000000000000000000, 1.000000000000000000, 0.0000000000000000000 ) ) ;
#6065 = ORIENTED_EDGE ( 'NONE', *, *, #3642, .T. ) ;
#6066 = EDGE_CURVE ( 'NONE', #3139, #1048, #2912, .T. ) ;
#6067 = DIRECTION ( 'NONE',  ( -2.095348492642633200E-016, 0.5178177716736868100, -0.8554909440425991800 ) ) ;
#6068 = VECTOR ( 'NONE', #7389, 1000.000000000000000 ) ;
#6069 = VERTEX_POINT ( 'NONE', #3608 ) ;
#6070 = CARTESIAN_POINT ( 'NONE',  ( 0.8890101095548963400, -0.5975000926685797300, 1.250000000000002200 ) ) ;
#6071 = LINE ( 'NONE', #2162, #7359 ) ;
#6072 = DIRECTION ( 'NONE',  ( 0.0000000000000000000, -1.000000000000000000, -3.491481338843133400E-015 ) ) ;
#6073 = VECTOR ( 'NONE', #5536, 1000.000000000000000 ) ;
#6074 = PLANE ( 'NONE',  #3219 ) ;
#6075 = VECTOR ( 'NONE', #2463, 1000.000000000000000 ) ;
#6076 = EDGE_LOOP ( 'NONE', ( #5353, #3517, #830, #1574, #2593 ) ) ;
#6077 = ORIENTED_EDGE ( 'NONE', *, *, #6019, .T. ) ;
#6078 = ADVANCED_FACE ( 'NONE', ( #827 ), #4174, .F. ) ;
#6079 = VECTOR ( 'NONE', #6562, 1000.000000000000000 ) ;
#6080 = EDGE_CURVE ( 'NONE', #6450, #4264, #7417, .T. ) ;
#6081 = CARTESIAN_POINT ( 'NONE',  ( 1.604184018788924200, -0.1366406250253999200, 0.3260816757191417600 ) ) ;
#6082 = EDGE_LOOP ( 'NONE', ( #7013, #3810, #6381, #3652, #330, #4246 ) ) ;
#6083 = DIRECTION ( 'NONE',  ( 0.0000000000000000000, 0.0000000000000000000, 1.000000000000000000 ) ) ;
#6084 = ORIENTED_EDGE ( 'NONE', *, *, #6608, .T. ) ;
#6085 = ORIENTED_EDGE ( 'NONE', *, *, #1491, .T. ) ;
#6086 = FACE_OUTER_BOUND ( 'NONE', #5491, .T. ) ;
#6087 = VERTEX_POINT ( 'NONE', #575 ) ;
#6088 = AXIS2_PLACEMENT_3D ( 'NONE', #3963, #1085, #4564 ) ;
#6089 = EDGE_LOOP ( 'NONE', ( #5162, #3414, #1081, #6482 ) ) ;
#6090 = EDGE_LOOP ( 'NONE', ( #2566, #4305, #1629, #2983 ) ) ;
#6091 = CARTESIAN_POINT ( 'NONE',  ( 1.053594130719925500, -5.421010862427522200E-017, -1.200000000000000600 ) ) ;
#6092 = CIRCLE ( 'NONE', #1287, 0.1879361091321884200 ) ;
#6093 = ORIENTED_EDGE ( 'NONE', *, *, #6867, .T. ) ;
#6094 = CARTESIAN_POINT ( 'NONE',  ( 1.096148662824762100, -0.9499999999999999600, 1.217574864917437800 ) ) ;
#6095 = EDGE_CURVE ( 'NONE', #678, #6258, #4130, .T. ) ;
#6096 = LINE ( 'NONE', #1619, #2608 ) ;
#6097 = DIRECTION ( 'NONE',  ( 1.000000000000000000, 0.0000000000000000000, 0.0000000000000000000 ) ) ;
#6098 = DIRECTION ( 'NONE',  ( 0.0000000000000000000, 0.0000000000000000000, 1.000000000000000000 ) ) ;
#6099 = VECTOR ( 'NONE', #7437, 1000.000000000000000 ) ;
#6100 = DIRECTION ( 'NONE',  ( -3.928366239855319300E-016, 0.0000000000000000000, -1.000000000000000000 ) ) ;
#6101 = PLANE ( 'NONE',  #6129 ) ;
#6102 = LINE ( 'NONE', #4580, #3512 ) ;
#6103 = DIRECTION ( 'NONE',  ( -0.7071067811865474600, 0.0000000000000000000, -0.7071067811865474600 ) ) ;
#6104 = DIRECTION ( 'NONE',  ( 1.000000000000000000, -0.0000000000000000000, -0.0000000000000000000 ) ) ;
#6105 = VERTEX_POINT ( 'NONE', #5873 ) ;
#6106 = EDGE_CURVE ( 'NONE', #3390, #3085, #5696, .T. ) ;
#6107 = LINE ( 'NONE', #2410, #2895 ) ;
#6108 = ORIENTED_EDGE ( 'NONE', *, *, #645, .T. ) ;
#6109 = ORIENTED_EDGE ( 'NONE', *, *, #4673, .F. ) ;
#6110 = ADVANCED_FACE ( 'NONE', ( #2210 ), #5848, .F. ) ;
#6111 = DIRECTION ( 'NONE',  ( 0.0000000000000000000, 0.0000000000000000000, 1.000000000000000000 ) ) ;
#6112 = DIRECTION ( 'NONE',  ( 6.151150412723353400E-016, -3.491481338843133000E-015, 1.000000000000000000 ) ) ;
#6113 = EDGE_CURVE ( 'NONE', #4373, #6069, #2672, .T. ) ;
#6114 = VECTOR ( 'NONE', #3763, 1000.000000000000000 ) ;
#6115 = ORIENTED_EDGE ( 'NONE', *, *, #4169, .T. ) ;
#6116 = CARTESIAN_POINT ( 'NONE',  ( 0.9500000000000004000, -0.9499999999999999600, -1.165301229036685800 ) ) ;
#6117 = CARTESIAN_POINT ( 'NONE',  ( 1.500000000000000000, -0.9499999999999999600, 0.6600000000000000300 ) ) ;
#6118 = LINE ( 'NONE', #2460, #2555 ) ;
#6119 = CARTESIAN_POINT ( 'NONE',  ( 1.095778389361269400, -0.1000000000000000100, 1.350000000000000300 ) ) ;
#6120 = COLOUR_RGB ( '',0.7921568627450980000, 0.8196078431372548800, 0.9333333333333333500 ) ;
#6121 = ORIENTED_EDGE ( 'NONE', *, *, #1152, .T. ) ;
#6122 = DIRECTION ( 'NONE',  ( 0.0000000000000000000, 1.000000000000000000, 0.0000000000000000000 ) ) ;
#6123 = ORIENTED_EDGE ( 'NONE', *, *, #7566, .T. ) ;
#6124 = B_SPLINE_CURVE_WITH_KNOTS ( 'NONE', 3,
 ( #6328, #3953, #5679, #2147, #6304, #2222, #4452, #5629, #6916, #6249, #2118, #3368, #410 ),
 .UNSPECIFIED., .F., .F.,
 ( 4, 3, 3, 3, 4 ),
 ( 0.0000000000000000000, 3.240556209733232900E-005, 6.489182823501712200E-005, 9.620925976454978200E-005, 0.0001114932564539422000 ),
 .UNSPECIFIED. ) ;
#6125 = DIRECTION ( 'NONE',  ( 0.0000000000000000000, 3.491481338843133400E-015, -1.000000000000000000 ) ) ;
#6126 = ORIENTED_EDGE ( 'NONE', *, *, #363, .F. ) ;
#6127 = DIRECTION ( 'NONE',  ( 0.0000000000000000000, 0.0000000000000000000, 1.000000000000000000 ) ) ;
#6128 = CIRCLE ( 'NONE', #882, 0.05876815157098477100 ) ;
#6129 = AXIS2_PLACEMENT_3D ( 'NONE', #6715, #6697, #3757 ) ;
#6130 = FACE_OUTER_BOUND ( 'NONE', #7555, .T. ) ;
#6131 = CARTESIAN_POINT ( 'NONE',  ( 1.500000000000000000, -0.8800000000000000000, 1.000000000000000000 ) ) ;
#6132 = CYLINDRICAL_SURFACE ( 'NONE', #7194, 0.05951687662438182700 ) ;
#6133 = EDGE_CURVE ( 'NONE', #6662, #5689, #5330, .T. ) ;
#6134 = EDGE_CURVE ( 'NONE', #1829, #5523, #5144, .T. ) ;
#6135 = ORIENTED_EDGE ( 'NONE', *, *, #3019, .T. ) ;
#6136 = DIRECTION ( 'NONE',  ( -1.469354956161540100E-031, 1.000000000000000000, 3.491481338843133400E-015 ) ) ;
#6137 = LINE ( 'NONE', #281, #5029 ) ;
#6138 = AXIS2_PLACEMENT_3D ( 'NONE', #1163, #2306, #5261 ) ;
#6139 = EDGE_CURVE ( 'NONE', #3448, #6276, #4235, .T. ) ;
#6140 = FACE_OUTER_BOUND ( 'NONE', #463, .T. ) ;
#6141 = ORIENTED_EDGE ( 'NONE', *, *, #4431, .T. ) ;
#6142 = CARTESIAN_POINT ( 'NONE',  ( 1.053594130719925500, -0.1499999999999999700, 1.200000000000000600 ) ) ;
#6143 = APPLICATION_CONTEXT ( 'automotive_design' ) ;
#6144 = DIRECTION ( 'NONE',  ( 0.6240571255993386800, 0.0000000000000000000, 0.7813787199487143300 ) ) ;
#6145 = CARTESIAN_POINT ( 'NONE',  ( 1.090532940559749900, -0.2000000000000004300, -1.350000000000000100 ) ) ;
#6146 = ADVANCED_FACE ( 'NONE', ( #2941 ), #3675, .F. ) ;
#6147 = EDGE_CURVE ( 'NONE', #134, #7611, #3765, .T. ) ;
#6148 = CIRCLE ( 'NONE', #5406, 0.09999999999999999200 ) ;
#6149 = VERTEX_POINT ( 'NONE', #4230 ) ;
#6150 = AXIS2_PLACEMENT_3D ( 'NONE', #6142, #5647, #2675 ) ;
#6151 = CARTESIAN_POINT ( 'NONE',  ( 1.707541214618736300, -0.1834850278464350800, 0.4000000000000000200 ) ) ;
#6152 = DIRECTION ( 'NONE',  ( 1.000000000000000000, 0.0000000000000000000, -2.449293598294706400E-016 ) ) ;
#6153 = ORIENTED_EDGE ( 'NONE', *, *, #5966, .F. ) ;
#6154 = ORIENTED_EDGE ( 'NONE', *, *, #6679, .T. ) ;
#6155 = VECTOR ( 'NONE', #5296, 1000.000000000000000 ) ;
#6156 = CARTESIAN_POINT ( 'NONE',  ( 0.8890101095548962300, -0.4810162188969695500, -1.350000000000001900 ) ) ;
#6157 = LINE ( 'NONE', #1760, #3048 ) ;
#6158 = VECTOR ( 'NONE', #442, 1000.000000000000000 ) ;
#6159 = VERTEX_POINT ( 'NONE', #173 ) ;
#6160 = PLANE ( 'NONE',  #7563 ) ;
#6161 = CARTESIAN_POINT ( 'NONE',  ( 1.450893303781768000, -0.1000000000000000100, 1.052476713040994000 ) ) ;
#6162 = EDGE_CURVE ( 'NONE', #1655, #836, #2892, .T. ) ;
#6163 = VECTOR ( 'NONE', #6112, 1000.000000000000000 ) ;
#6164 = CARTESIAN_POINT ( 'NONE',  ( -0.7010740004227079500, 0.0000000000000000000, -1.190489813122816500 ) ) ;
#6165 = FACE_OUTER_BOUND ( 'NONE', #2310, .T. ) ;
#6166 = ORIENTED_EDGE ( 'NONE', *, *, #6473, .F. ) ;
#6167 = DIRECTION ( 'NONE',  ( 0.0000000000000000000, -1.000000000000000000, 3.689761013415303100E-015 ) ) ;
#6168 = ORIENTED_EDGE ( 'NONE', *, *, #7315, .F. ) ;
#6169 = FACE_OUTER_BOUND ( 'NONE', #6658, .T. ) ;
#6170 = CARTESIAN_POINT ( 'NONE',  ( -1.448899998941667100, -0.06199934618514674200, -1.211999346185147000 ) ) ;
#6171 = ORIENTED_EDGE ( 'NONE', *, *, #2665, .T. ) ;
#6172 = AXIS2_PLACEMENT_3D ( 'NONE', #1561, #5664, #2151 ) ;
#6173 = ORIENTED_EDGE ( 'NONE', *, *, #2009, .T. ) ;
#6174 = ORIENTED_EDGE ( 'NONE', *, *, #617, .F. ) ;
#6175 = PLANE ( 'NONE',  #5881 ) ;
#6176 = EDGE_CURVE ( 'NONE', #3730, #2024, #1399, .T. ) ;
#6177 = PLANE ( 'NONE',  #2807 ) ;
#6178 = CARTESIAN_POINT ( 'NONE',  ( 0.5165027480058550500, 0.0000000000000000000, 1.143289036108584800 ) ) ;
#6179 = EDGE_CURVE ( 'NONE', #1355, #6222, #7183, .T. ) ;
#6180 = CARTESIAN_POINT ( 'NONE',  ( 0.8890101095548962300, -0.7854362018007680100, -1.350000000000003000 ) ) ;
#6181 = VECTOR ( 'NONE', #2093, 1000.000000000000000 ) ;
#6182 = PLANE ( 'NONE',  #4190 ) ;
#6183 = ORIENTED_EDGE ( 'NONE', *, *, #7219, .F. ) ;
#6184 = DIRECTION ( 'NONE',  ( 0.0000000000000000000, 0.0000000000000000000, -1.000000000000000000 ) ) ;
#6185 = CARTESIAN_POINT ( 'NONE',  ( -1.096148662824762100, -0.5900400513188783800, 1.052476713040994000 ) ) ;
#6186 = AXIS2_PLACEMENT_3D ( 'NONE', #7174, #1403, #155 ) ;
#6187 = VECTOR ( 'NONE', #7600, 1000.000000000000000 ) ;
#6188 = EDGE_CURVE ( 'NONE', #3980, #2594, #3579, .T. ) ;
#6189 = ADVANCED_FACE ( 'NONE', ( #7365 ), #4302, .F. ) ;
#6190 = DIRECTION ( 'NONE',  ( -0.05238247302969425300, -0.9986270958267120500, 0.0000000000000000000 ) ) ;
#6191 = SURFACE_STYLE_FILL_AREA ( #552 ) ;
#6192 = DIRECTION ( 'NONE',  ( 0.7813787199487143300, 0.0000000000000000000, -0.6240571255993386800 ) ) ;
#6193 = EDGE_CURVE ( 'NONE', #5298, #63, #3303, .T. ) ;
#6194 = EDGE_LOOP ( 'NONE', ( #3251, #4203, #3936, #6357, #6714, #5698, #5249, #595 ) ) ;
#6195 = LINE ( 'NONE', #3238, #3620 ) ;
#6196 = ORIENTED_EDGE ( 'NONE', *, *, #4832, .T. ) ;
#6197 = CARTESIAN_POINT ( 'NONE',  ( 1.388759507161886800, -0.7854362018007680100, 1.350000000000003200 ) ) ;
#6198 = ORIENTED_EDGE ( 'NONE', *, *, #5377, .F. ) ;
#6199 = CARTESIAN_POINT ( 'NONE',  ( 0.3514106528891460800, -0.1000000000000000100, 1.350000000000000300 ) ) ;
#6200 = CARTESIAN_POINT ( 'NONE',  ( -1.145418158205587300, -0.1000000000000000100, 1.190489813122816800 ) ) ;
#6201 = ORIENTED_EDGE ( 'NONE', *, *, #5914, .T. ) ;
#6202 = DIRECTION ( 'NONE',  ( 0.7071067811865475700, 0.0000000000000000000, -0.7071067811865475700 ) ) ;
#6203 = DIRECTION ( 'NONE',  ( -0.0000000000000000000, 1.000000000000000000, -0.0000000000000000000 ) ) ;
#6204 = LINE ( 'NONE', #3558, #2533 ) ;
#6205 = ORIENTED_EDGE ( 'NONE', *, *, #7290, .T. ) ;
#6206 = ORIENTED_EDGE ( 'NONE', *, *, #2182, .T. ) ;
#6207 = EDGE_CURVE ( 'NONE', #3255, #63, #1206, .T. ) ;
#6208 = CARTESIAN_POINT ( 'NONE',  ( 0.9500000000000004000, -1.000000000000000000, -1.165301229036685800 ) ) ;
#6209 = ORIENTED_EDGE ( 'NONE', *, *, #814, .T. ) ;
#6210 = CARTESIAN_POINT ( 'NONE',  ( 1.500000000000000000, -0.9499999999999999600, 1.052476713040994000 ) ) ;
#6211 = EDGE_CURVE ( 'NONE', #2170, #2910, #4318, .T. ) ;
#6212 = LINE ( 'NONE', #1662, #5009 ) ;
#6213 = ORIENTED_EDGE ( 'NONE', *, *, #1955, .T. ) ;
#6214 = DIRECTION ( 'NONE',  ( -1.000000000000000000, 0.0000000000000000000, 0.0000000000000000000 ) ) ;
#6215 = CARTESIAN_POINT ( 'NONE',  ( 1.600000000000000100, -1.092751075564479500E-017, 0.4459031131721502000 ) ) ;
#6216 = ORIENTED_EDGE ( 'NONE', *, *, #4450, .T. ) ;
#6217 = VERTEX_POINT ( 'NONE', #6012 ) ;
#6218 = CARTESIAN_POINT ( 'NONE',  ( -1.316993844434797700, -0.1000000000000000100, 1.039254521236307600 ) ) ;
#6219 = VECTOR ( 'NONE', #2482, 1000.000000000000000 ) ;
#6220 = LINE ( 'NONE', #3146, #6041 ) ;
#6221 =( NAMED_UNIT ( * ) PLANE_ANGLE_UNIT ( ) SI_UNIT ( $, .RADIAN. ) );
#6222 = VERTEX_POINT ( 'NONE', #6598 ) ;
#6223 = FACE_OUTER_BOUND ( 'NONE', #584, .T. ) ;
#6224 = ORIENTED_EDGE ( 'NONE', *, *, #308, .T. ) ;
#6225 = DIRECTION ( 'NONE',  ( -1.000000000000000000, 0.0000000000000000000, -0.0000000000000000000 ) ) ;
#6226 = ORIENTED_EDGE ( 'NONE', *, *, #6005, .F. ) ;
#6227 = DIRECTION ( 'NONE',  ( 0.0000000000000000000, 0.0000000000000000000, 1.000000000000000000 ) ) ;
#6228 = ADVANCED_FACE ( 'NONE', ( #2491 ), #5416, .T. ) ;
#6229 = LINE ( 'NONE', #5057, #6958 ) ;
#6230 = SURFACE_SIDE_STYLE ('',( #1886 ) ) ;
#6231 = CARTESIAN_POINT ( 'NONE',  ( -1.053594130719925500, 0.0000000000000000000, 1.190489813122816800 ) ) ;
#6232 = ORIENTED_EDGE ( 'NONE', *, *, #402, .T. ) ;
#6233 = DIRECTION ( 'NONE',  ( -1.000000000000000000, 0.0000000000000000000, 0.0000000000000000000 ) ) ;
#6234 = EDGE_CURVE ( 'NONE', #992, #791, #2120, .T. ) ;
#6235 = PLANE ( 'NONE',  #5145 ) ;
#6236 = LINE ( 'NONE', #1060, #2194 ) ;
#6237 = ORIENTED_EDGE ( 'NONE', *, *, #3559, .T. ) ;
#6238 = PLANE ( 'NONE',  #510 ) ;
#6239 = LINE ( 'NONE', #4021, #2290 ) ;
#6240 = ORIENTED_EDGE ( 'NONE', *, *, #5543, .F. ) ;
#6241 = DIRECTION ( 'NONE',  ( 1.000000000000000000, 0.0000000000000000000, 0.0000000000000000000 ) ) ;
#6242 = CARTESIAN_POINT ( 'NONE',  ( 1.511371717397266700, 0.0000000000000000000, 0.4000000000000000200 ) ) ;
#6243 = VECTOR ( 'NONE', #549, 1000.000000000000100 ) ;
#6244 = EDGE_LOOP ( 'NONE', ( #3590, #6727, #638, #5226, #1721, #2217, #4455, #3130, #7196, #1381, #6536, #1462 ) ) ;
#6245 = DIRECTION ( 'NONE',  ( -1.000000000000000000, 0.0000000000000000000, 0.0000000000000000000 ) ) ;
#6246 = AXIS2_PLACEMENT_3D ( 'NONE', #7531, #2213, #1650 ) ;
#6247 = DIRECTION ( 'NONE',  ( 0.0000000000000000000, 0.0000000000000000000, 1.000000000000000000 ) ) ;
#6248 = VECTOR ( 'NONE', #4817, 1000.000000000000000 ) ;
#6249 = CARTESIAN_POINT ( 'NONE',  ( 1.585973147435868700, -0.01470327062977962000, 0.3468917632816243500 ) ) ;
#6250 = CARTESIAN_POINT ( 'NONE',  ( -0.9500000000000004000, -1.000000000000000000, -1.165301229036685800 ) ) ;
#6251 = EDGE_CURVE ( 'NONE', #2129, #307, #4033, .T. ) ;
#6252 = TOROIDAL_SURFACE ( 'NONE', #5969, 0.7999999999999999300, 0.05000000000000000300 ) ;
#6253 = VECTOR ( 'NONE', #5020, 1000.000000000000100 ) ;
#6254 = ORIENTED_EDGE ( 'NONE', *, *, #5208, .T. ) ;
#6255 = ORIENTED_EDGE ( 'NONE', *, *, #4194, .T. ) ;
#6256 = VECTOR ( 'NONE', #1062, 1000.000000000000100 ) ;
#6257 = EDGE_CURVE ( 'NONE', #3178, #5360, #6985, .T. ) ;
#6258 = VERTEX_POINT ( 'NONE', #4972 ) ;
#6259 = CARTESIAN_POINT ( 'NONE',  ( -0.5165027480058548300, -0.1000000000000000100, -1.143289036108584800 ) ) ;
#6260 = DIRECTION ( 'NONE',  ( -1.514947960274788600E-030, 1.000000000000000000, -3.491481338843133400E-015 ) ) ;
#6261 = ADVANCED_FACE ( 'NONE', ( #4881 ), #1467, .F. ) ;
#6262 = ORIENTED_EDGE ( 'NONE', *, *, #3902, .T. ) ;
#6263 = ORIENTED_EDGE ( 'NONE', *, *, #5814, .T. ) ;
#6264 = EDGE_CURVE ( 'NONE', #6700, #3339, #5238, .T. ) ;
#6265 = CARTESIAN_POINT ( 'NONE',  ( 1.181336235645685100, -0.5192282339237753700, 1.350000000000002300 ) ) ;
#6266 = CYLINDRICAL_SURFACE ( 'NONE', #2798, 0.1186968912300025000 ) ;
#6267 = ORIENTED_EDGE ( 'NONE', *, *, #2870, .T. ) ;
#6268 = ORIENTED_EDGE ( 'NONE', *, *, #1021, .T. ) ;
#6269 = CARTESIAN_POINT ( 'NONE',  ( -1.376510721059179600, -0.1000000000000000100, -0.9733463376187478900 ) ) ;
#6270 = VERTEX_POINT ( 'NONE', #7361 ) ;
#6271 = PLANE ( 'NONE',  #6352 ) ;
#6272 = CARTESIAN_POINT ( 'NONE',  ( 0.0000000000000000000, -0.8800000000000000000, 0.0000000000000000000 ) ) ;
#6273 = FACE_OUTER_BOUND ( 'NONE', #6882, .T. ) ;
#6274 = AXIS2_PLACEMENT_3D ( 'NONE', #805, #1972, #288 ) ;
#6275 = DIRECTION ( 'NONE',  ( 0.0000000000000000000, 1.000000000000000000, 0.0000000000000000000 ) ) ;
#6276 = VERTEX_POINT ( 'NONE', #5557 ) ;
#6277 = DIRECTION ( 'NONE',  ( 0.0000000000000000000, 0.0000000000000000000, -1.000000000000000000 ) ) ;
#6278 = VECTOR ( 'NONE', #449, 1000.000000000000000 ) ;
#6279 = EDGE_CURVE ( 'NONE', #1918, #3880, #761, .T. ) ;
#6280 = DIRECTION ( 'NONE',  ( -0.0000000000000000000, -0.0000000000000000000, -1.000000000000000000 ) ) ;
#6281 = DIRECTION ( 'NONE',  ( 1.000000000000000000, 0.0000000000000000000, -0.0000000000000000000 ) ) ;
#6282 = LINE ( 'NONE', #2657, #323 ) ;
#6283 = DIRECTION ( 'NONE',  ( -1.000000000000000000, 0.0000000000000000000, 2.449293598294706400E-016 ) ) ;
#6284 = FACE_OUTER_BOUND ( 'NONE', #5058, .T. ) ;
#6285 = PLANE ( 'NONE',  #1325 ) ;
#6286 = ORIENTED_EDGE ( 'NONE', *, *, #4551, .T. ) ;
#6287 = DIRECTION ( 'NONE',  ( -0.0000000000000000000, -1.000000000000000000, 0.0000000000000000000 ) ) ;
#6288 = ORIENTED_EDGE ( 'NONE', *, *, #6815, .T. ) ;
#6289 = PLANE ( 'NONE',  #7181 ) ;
#6290 = VERTEX_POINT ( 'NONE', #6718 ) ;
#6291 = DIRECTION ( 'NONE',  ( -1.000000000000000000, 0.0000000000000000000, 0.0000000000000000000 ) ) ;
#6292 = VECTOR ( 'NONE', #114, 1000.000000000000000 ) ;
#6293 = ORIENTED_EDGE ( 'NONE', *, *, #6915, .F. ) ;
#6294 = VERTEX_POINT ( 'NONE', #2588 ) ;
#6295 = CARTESIAN_POINT ( 'NONE',  ( 0.6092499729370461900, 0.0000000000000000000, -1.190489813122816500 ) ) ;
#6296 = EDGE_CURVE ( 'NONE', #6591, #1170, #2760, .T. ) ;
#6297 = AXIS2_PLACEMENT_3D ( 'NONE', #7068, #55, #3624 ) ;
#6298 = EDGE_LOOP ( 'NONE', ( #1766, #14, #3164, #5476 ) ) ;
#6299 = ORIENTED_EDGE ( 'NONE', *, *, #2564, .F. ) ;
#6300 = CARTESIAN_POINT ( 'NONE',  ( 1.181336235645685100, -0.5192282339237753700, -1.350000000000002300 ) ) ;
#6301 = ADVANCED_FACE ( 'NONE', ( #2581 ), #6252, .T. ) ;
#6302 = CARTESIAN_POINT ( 'NONE',  ( -0.6603828416892078000, -0.9499999999999999600, -1.217574864917437600 ) ) ;
#6303 = ORIENTED_EDGE ( 'NONE', *, *, #6531, .T. ) ;
#6304 = CARTESIAN_POINT ( 'NONE',  ( 1.538616498959298300, -0.001739487432445754800, 0.3662257402283423700 ) ) ;
#6305 = DIRECTION ( 'NONE',  ( 4.725111164402086400E-032, -1.000000000000000000, -3.491481338843133400E-015 ) ) ;
#6306 = FACE_OUTER_BOUND ( 'NONE', #6572, .T. ) ;
#6307 = EDGE_CURVE ( 'NONE', #5010, #6674, #935, .T. ) ;
#6308 = LINE ( 'NONE', #1023, #532 ) ;
#6309 = EDGE_LOOP ( 'NONE', ( #3948, #1985, #6084, #6077 ) ) ;
#6310 = AXIS2_PLACEMENT_3D ( 'NONE', #1709, #4047, #618 ) ;
#6311 = DIRECTION ( 'NONE',  ( 1.469354956161540100E-031, 1.000000000000000000, -3.491481338843133400E-015 ) ) ;
#6312 = EDGE_LOOP ( 'NONE', ( #770, #1903, #4933, #3213 ) ) ;
#6313 = DIRECTION ( 'NONE',  ( 0.9606938009292362900, -0.2776101958792883100, -1.560208025393783100E-015 ) ) ;
#6314 = CARTESIAN_POINT ( 'NONE',  ( 1.053594130719925500, -0.1000000000000000500, -1.200000000000000600 ) ) ;
#6315 = VECTOR ( 'NONE', #6973, 1000.000000000000000 ) ;
#6316 = CARTESIAN_POINT ( 'NONE',  ( -1.053594130719925500, -0.5975000926685795100, 1.350000000000002300 ) ) ;
#6317 = FACE_OUTER_BOUND ( 'NONE', #7046, .T. ) ;
#6318 = CARTESIAN_POINT ( 'NONE',  ( 0.3514106528891460800, 0.0000000000000000000, 1.350000000000000300 ) ) ;
#6319 = EDGE_LOOP ( 'NONE', ( #1083, #5715, #4098, #1499 ) ) ;
#6320 = CARTESIAN_POINT ( 'NONE',  ( -0.7010740004227079500, -0.1000000000000000100, -1.350000000000000300 ) ) ;
#6321 = AXIS2_PLACEMENT_3D ( 'NONE', #3174, #4306, #812 ) ;
#6322 = DIRECTION ( 'NONE',  ( -1.000000000000000000, 0.0000000000000000000, 0.0000000000000000000 ) ) ;
#6323 = CARTESIAN_POINT ( 'NONE',  ( 0.7010740004227081800, -0.1499999999999999700, -1.200000000000000600 ) ) ;
#6324 = EDGE_CURVE ( 'NONE', #2124, #2605, #385, .T. ) ;
#6325 = VECTOR ( 'NONE', #5228, 1000.000000000000000 ) ;
#6326 = ORIENTED_EDGE ( 'NONE', *, *, #596, .T. ) ;
#6327 = DIRECTION ( 'NONE',  ( 1.000000000000000000, 0.0000000000000000000, -2.449293598294706400E-016 ) ) ;
#6328 = CARTESIAN_POINT ( 'NONE',  ( 1.511371717397266700, 0.0000000000000000000, 0.3995886713259308400 ) ) ;
#6329 = DIRECTION ( 'NONE',  ( 0.0000000000000000000, 1.000000000000000000, 0.0000000000000000000 ) ) ;
#6330 = CARTESIAN_POINT ( 'NONE',  ( 1.096148662824761900, -0.4810162188969695500, 1.350000000000001900 ) ) ;
#6331 = CARTESIAN_POINT ( 'NONE',  ( 1.450000000000000400, -0.9499999999999999600, -0.6653012290366856500 ) ) ;
#6332 = FACE_OUTER_BOUND ( 'NONE', #7256, .T. ) ;
#6333 = EDGE_CURVE ( 'NONE', #7434, #1361, #6800, .T. ) ;
#6334 = ORIENTED_EDGE ( 'NONE', *, *, #814, .F. ) ;
#6335 = DIRECTION ( 'NONE',  ( 0.0000000000000000000, -9.757819552369541500E-015, 1.000000000000000000 ) ) ;
#6336 = LINE ( 'NONE', #4168, #2575 ) ;
#6337 = ORIENTED_EDGE ( 'NONE', *, *, #4431, .F. ) ;
#6338 = CARTESIAN_POINT ( 'NONE',  ( -1.468629210512393900, -0.4381199093104634100, -1.866607263856682600 ) ) ;
#6339 = ADVANCED_FACE ( 'NONE', ( #1945 ), #5602, .F. ) ;
#6340 = CYLINDRICAL_SURFACE ( 'NONE', #5001, 0.05876815157098477100 ) ;
#6341 = AXIS2_PLACEMENT_3D ( 'NONE', #2448, #3566, #2424 ) ;
#6342 = DIRECTION ( 'NONE',  ( -0.9124114197061157200, 0.4092742371440823400, 0.0000000000000000000 ) ) ;
#6343 = LINE ( 'NONE', #3920, #7276 ) ;
#6344 = LINE ( 'NONE', #4664, #7547 ) ;
#6345 = ORIENTED_EDGE ( 'NONE', *, *, #4236, .F. ) ;
#6346 = DIRECTION ( 'NONE',  ( 0.0000000000000000000, 0.0000000000000000000, 1.000000000000000000 ) ) ;
#6347 = DIRECTION ( 'NONE',  ( -0.0000000000000000000, -1.000000000000000000, -0.0000000000000000000 ) ) ;
#6348 = LINE ( 'NONE', #1039, #6256 ) ;
#6349 = EDGE_CURVE ( 'NONE', #647, #1534, #1762, .T. ) ;
#6350 = ORIENTED_EDGE ( 'NONE', *, *, #1378, .T. ) ;
#6351 = EDGE_LOOP ( 'NONE', ( #4123, #2040, #156, #1540 ) ) ;
#6352 = AXIS2_PLACEMENT_3D ( 'NONE', #5111, #3358, #1630 ) ;
#6353 = CARTESIAN_POINT ( 'NONE',  ( 1.500000000000000200, -0.8800000000000000000, -0.6599999999999997000 ) ) ;
#6354 = EDGE_CURVE ( 'NONE', #5298, #3255, #1573, .T. ) ;
#6355 = FACE_OUTER_BOUND ( 'NONE', #4915, .T. ) ;
#6356 = CARTESIAN_POINT ( 'NONE',  ( -1.500000000000000000, -0.1000000000000000100, 1.836970198721030200E-016 ) ) ;
#6357 = ORIENTED_EDGE ( 'NONE', *, *, #4831, .T. ) ;
#6358 = ORIENTED_EDGE ( 'NONE', *, *, #2322, .F. ) ;
#6359 = CARTESIAN_POINT ( 'NONE',  ( -1.053594130719925500, -0.1499999999999999700, 1.200000000000000600 ) ) ;
#6360 = LINE ( 'NONE', #6695, #227 ) ;
#6361 = DIRECTION ( 'NONE',  ( 1.017843322198098500E-031, -1.000000000000000000, 3.491481338843133400E-015 ) ) ;
#6362 = DIRECTION ( 'NONE',  ( -0.9606938009292362900, 0.2776101958792883100, 0.0000000000000000000 ) ) ;
#6363 = ORIENTED_EDGE ( 'NONE', *, *, #5561, .F. ) ;
#6364 = LINE ( 'NONE', #5199, #4987 ) ;
#6365 = DIRECTION ( 'NONE',  ( 0.0000000000000000000, 1.000000000000000000, 0.0000000000000000000 ) ) ;
#6366 = FACE_OUTER_BOUND ( 'NONE', #6025, .T. ) ;
#6367 = CARTESIAN_POINT ( 'NONE',  ( -1.511371717397266700, 0.0000000000000000000, 0.4000000000000000200 ) ) ;
#6368 =( NAMED_UNIT ( * ) SI_UNIT ( $, .STERADIAN. ) SOLID_ANGLE_UNIT ( ) );
#6369 = ADVANCED_FACE ( 'NONE', ( #1024 ), #6177, .F. ) ;
#6370 = EDGE_CURVE ( 'NONE', #3255, #3178, #7267, .T. ) ;
#6371 = ORIENTED_EDGE ( 'NONE', *, *, #341, .F. ) ;
#6372 = DIRECTION ( 'NONE',  ( 0.0000000000000000000, 0.0000000000000000000, -1.000000000000000000 ) ) ;
#6373 = DIRECTION ( 'NONE',  ( 0.0000000000000000000, 1.000000000000000000, 0.0000000000000000000 ) ) ;
#6374 = FACE_OUTER_BOUND ( 'NONE', #6090, .T. ) ;
#6375 = ORIENTED_EDGE ( 'NONE', *, *, #6890, .F. ) ;
#6376 = VERTEX_POINT ( 'NONE', #4350 ) ;
#6377 = DIRECTION ( 'NONE',  ( 6.377659838150025700E-016, 0.0000000000000000000, 1.000000000000000000 ) ) ;
#6378 = DIRECTION ( 'NONE',  ( 6.151150412723322900E-016, -3.491481338843133400E-015, -1.000000000000000000 ) ) ;
#6379 = DIRECTION ( 'NONE',  ( 0.0000000000000000000, 1.000000000000000000, 0.0000000000000000000 ) ) ;
#6380 = LINE ( 'NONE', #5964, #7220 ) ;
#6381 = ORIENTED_EDGE ( 'NONE', *, *, #5943, .T. ) ;
#6382 = EDGE_CURVE ( 'NONE', #6631, #2925, #5514, .T. ) ;
#6383 = VERTEX_POINT ( 'NONE', #6742 ) ;
#6384 = CARTESIAN_POINT ( 'NONE',  ( 1.316993844434797700, -0.1000000000000000100, 0.9733463376187478900 ) ) ;
#6385 = CARTESIAN_POINT ( 'NONE',  ( -1.500000000000000000, -0.9499999999999999600, 1.836970198721030200E-016 ) ) ;
#6386 = ORIENTED_EDGE ( 'NONE', *, *, #2761, .T. ) ;
#6387 = VECTOR ( 'NONE', #6511, 1000.000000000000000 ) ;
#6388 = CARTESIAN_POINT ( 'NONE',  ( -1.750000000000000200, -0.8800000000000000000, -0.6599999999999995900 ) ) ;
#6389 = VERTEX_POINT ( 'NONE', #2636 ) ;
#6390 = EDGE_CURVE ( 'NONE', #5010, #2384, #852, .T. ) ;
#6391 =( GEOMETRIC_REPRESENTATION_CONTEXT ( 3 ) GLOBAL_UNCERTAINTY_ASSIGNED_CONTEXT ( ( #7085 ) ) GLOBAL_UNIT_ASSIGNED_CONTEXT ( ( #5622, #6221, #2039 ) ) REPRESENTATION_CONTEXT ( 'NONE', 'WORKASPACE' ) );
#6392 = VERTEX_POINT ( 'NONE', #2886 ) ;
#6393 = CARTESIAN_POINT ( 'NONE',  ( 1.096148662824762300, -0.9499999999999999600, -1.217574864917437600 ) ) ;
#6394 = ORIENTED_EDGE ( 'NONE', *, *, #2051, .F. ) ;
#6395 = VECTOR ( 'NONE', #1999, 1000.000000000000000 ) ;
#6396 = CARTESIAN_POINT ( 'NONE',  ( -0.5165027480058548300, -0.1000000000000000100, 1.143289036108584800 ) ) ;
#6397 = VECTOR ( 'NONE', #3426, 1000.000000000000000 ) ;
#6398 = VECTOR ( 'NONE', #7454, 1000.000000000000000 ) ;
#6399 = CARTESIAN_POINT ( 'NONE',  ( 1.078042482630643800, -0.4381199093104634100, 1.350000000000000300 ) ) ;
#6400 = DIRECTION ( 'NONE',  ( 0.0000000000000000000, 1.000000000000000000, 0.0000000000000000000 ) ) ;
#6401 = VERTEX_POINT ( 'NONE', #4702 ) ;
#6402 = AXIS2_PLACEMENT_3D ( 'NONE', #2180, #6378, #2867 ) ;
#6403 = CARTESIAN_POINT ( 'NONE',  ( 1.051315431986535200, -0.9476482958303136300, -1.217574864917437600 ) ) ;
#6404 = ORIENTED_EDGE ( 'NONE', *, *, #4758, .F. ) ;
#6405 = AXIS2_PLACEMENT_3D ( 'NONE', #27, #1797, #4635 ) ;
#6406 = PLANE ( 'NONE',  #1463 ) ;
#6407 = EDGE_CURVE ( 'NONE', #5188, #3008, #5887, .T. ) ;
#6408 = CARTESIAN_POINT ( 'NONE',  ( 0.6156878555317633100, -0.9499999999999999600, 1.508000323101744000E-016 ) ) ;
#6409 = CIRCLE ( 'NONE', #6150, 0.1499999999999999700 ) ;
#6410 = CARTESIAN_POINT ( 'NONE',  ( 0.0000000000000000000, -0.9499999999999999600, 0.0000000000000000000 ) ) ;
#6411 = CARTESIAN_POINT ( 'NONE',  ( 0.0000000000000000000, -0.3697070418052864600, -0.2000000000000000100 ) ) ;
#6412 = CARTESIAN_POINT ( 'NONE',  ( 0.7010740004227079500, -0.5975000926685797300, -1.250000000000002000 ) ) ;
#6413 = VERTEX_POINT ( 'NONE', #315 ) ;
#6414 = DIRECTION ( 'NONE',  ( 1.000000000000000000, -0.0000000000000000000, -6.151150412723322900E-016 ) ) ;
#6415 = DIRECTION ( 'NONE',  ( 1.000000000000000000, 0.0000000000000000000, 0.0000000000000000000 ) ) ;
#6416 = AXIS2_PLACEMENT_3D ( 'NONE', #3634, #2513, #6011 ) ;
#6417 = ADVANCED_FACE ( 'NONE', ( #1864 ), #6271, .T. ) ;
#6418 = VECTOR ( 'NONE', #2055, 1000.000000000000000 ) ;
#6419 = UNCERTAINTY_MEASURE_WITH_UNIT (LENGTH_MEASURE( 1.000000000000000100E-005 ), #2558, 'distance_accuracy_value', 'NONE');
#6420 = ORIENTED_EDGE ( 'NONE', *, *, #1424, .T. ) ;
#6421 = CARTESIAN_POINT ( 'NONE',  ( -1.053594130719925500, 0.0000000000000000000, 1.190489813122816800 ) ) ;
#6422 = CARTESIAN_POINT ( 'NONE',  ( -1.468629210512393900, -0.4381199093104634100, -1.866607263856682600 ) ) ;
#6423 = EDGE_CURVE ( 'NONE', #5259, #7540, #4414, .T. ) ;
#6424 = VECTOR ( 'NONE', #84, 1000.000000000000000 ) ;
#6425 = ORIENTED_EDGE ( 'NONE', *, *, #7299, .F. ) ;
#6426 = DIRECTION ( 'NONE',  ( 0.0000000000000000000, 0.0000000000000000000, 1.000000000000000000 ) ) ;
#6427 = LINE ( 'NONE', #5084, #4591 ) ;
#6428 = CARTESIAN_POINT ( 'NONE',  ( -1.388759507161886800, -0.7266680502297832000, 1.350000000000003000 ) ) ;
#6429 = DIRECTION ( 'NONE',  ( 1.000000000000000000, 0.0000000000000000000, 6.377659838150025700E-016 ) ) ;
#6430 = AXIS2_PLACEMENT_3D ( 'NONE', #7094, #1278, #3565 ) ;
#6431 = DIRECTION ( 'NONE',  ( 0.0000000000000000000, 1.000000000000000000, 0.0000000000000000000 ) ) ;
#6432 = LINE ( 'NONE', #3955, #6158 ) ;
#6433 = ORIENTED_EDGE ( 'NONE', *, *, #5002, .T. ) ;
#6434 = CARTESIAN_POINT ( 'NONE',  ( -0.7010740004227081800, -0.1499999999999999700, -1.200000000000000600 ) ) ;
#6435 = ORIENTED_EDGE ( 'NONE', *, *, #453, .F. ) ;
#6436 = VECTOR ( 'NONE', #6291, 1000.000000000000000 ) ;
#6437 = VECTOR ( 'NONE', #5985, 1000.000000000000000 ) ;
#6438 = DIRECTION ( 'NONE',  ( 0.2776101958792883700, -0.9606938009292364000, 3.183482271190799100E-015 ) ) ;
#6439 = DIRECTION ( 'NONE',  ( 1.000000000000000000, 0.0000000000000000000, 0.0000000000000000000 ) ) ;
#6440 = CYLINDRICAL_SURFACE ( 'NONE', #5122, 0.1499999999999999700 ) ;
#6441 = ORIENTED_EDGE ( 'NONE', *, *, #3254, .F. ) ;
#6442 = ORIENTED_EDGE ( 'NONE', *, *, #248, .F. ) ;
#6443 = EDGE_CURVE ( 'NONE', #6667, #421, #4603, .T. ) ;
#6444 = AXIS2_PLACEMENT_3D ( 'NONE', #4106, #6481, #7127 ) ;
#6445 = DIRECTION ( 'NONE',  ( 2.095348492642633400E-016, 0.5178177716736868100, -0.8554909440425992900 ) ) ;
#6446 = VECTOR ( 'NONE', #5128, 1000.000000000000100 ) ;
#6447 = EDGE_LOOP ( 'NONE', ( #1528, #4193, #6810, #660 ) ) ;
#6448 = DIRECTION ( 'NONE',  ( 0.0000000000000000000, 0.0000000000000000000, -1.000000000000000000 ) ) ;
#6449 = EDGE_CURVE ( 'NONE', #6671, #5254, #1673, .T. ) ;
#6450 = VERTEX_POINT ( 'NONE', #3944 ) ;
#6451 = VERTEX_POINT ( 'NONE', #537 ) ;
#6452 = CARTESIAN_POINT ( 'NONE',  ( 1.600000000000000100, 8.093068485666297700E-096, -0.3459031131721494500 ) ) ;
#6453 = CARTESIAN_POINT ( 'NONE',  ( 1.766200667084217200, -0.5900400513188783800, 1.052476713040994000 ) ) ;
#6454 = VECTOR ( 'NONE', #4524, 1000.000000000000000 ) ;
#6455 = ORIENTED_EDGE ( 'NONE', *, *, #4413, .T. ) ;
#6456 = EDGE_CURVE ( 'NONE', #6509, #789, #3396, .T. ) ;
#6457 = ORIENTED_EDGE ( 'NONE', *, *, #3201, .F. ) ;
#6458 = ORIENTED_EDGE ( 'NONE', *, *, #5317, .F. ) ;
#6459 = DIRECTION ( 'NONE',  ( 0.9124114197061157200, -0.4092742371440823400, -1.990211349547696900E-015 ) ) ;
#6460 = EDGE_CURVE ( 'NONE', #7264, #4373, #3774, .T. ) ;
#6461 = CARTESIAN_POINT ( 'NONE',  ( 1.750000000000000000, -0.8800000000000000000, 0.6600000000000000300 ) ) ;
#6462 = VECTOR ( 'NONE', #2381, 1000.000000000000000 ) ;
#6463 = CARTESIAN_POINT ( 'NONE',  ( 1.645517641415476200, -0.7545214134731786900, -0.008172595138483933900 ) ) ;
#6464 = ORIENTED_EDGE ( 'NONE', *, *, #5462, .T. ) ;
#6465 = DIRECTION ( 'NONE',  ( 0.0000000000000000000, -1.000000000000000000, 0.0000000000000000000 ) ) ;
#6466 = ADVANCED_FACE ( 'NONE', ( #4790 ), #1093, .T. ) ;
#6467 = CIRCLE ( 'NONE', #1953, 0.1499999999999999700 ) ;
#6468 = PLANE ( 'NONE',  #4703 ) ;
#6469 = DIRECTION ( 'NONE',  ( 0.9606938009292362900, 0.2776101958792883100, 0.0000000000000000000 ) ) ;
#6470 = VECTOR ( 'NONE', #7410, 999.9999999999998900 ) ;
#6471 = CARTESIAN_POINT ( 'NONE',  ( -1.450000000000000400, -1.000000000000000000, -0.6653012290366856500 ) ) ;
#6472 = LINE ( 'NONE', #5359, #240 ) ;
#6473 = EDGE_CURVE ( 'NONE', #1180, #4649, #6343, .T. ) ;
#6474 = ORIENTED_EDGE ( 'NONE', *, *, #1577, .T. ) ;
#6475 = ORIENTED_EDGE ( 'NONE', *, *, #72, .F. ) ;
#6476 = CARTESIAN_POINT ( 'NONE',  ( -1.538616498959298300, -0.001739487432445755900, -0.3662257402283415900 ) ) ;
#6477 = DIRECTION ( 'NONE',  ( 0.0000000000000000000, 1.000000000000000000, 0.0000000000000000000 ) ) ;
#6478 = EDGE_LOOP ( 'NONE', ( #2529, #4456, #6226, #1019 ) ) ;
#6479 = VECTOR ( 'NONE', #2413, 1000.000000000000000 ) ;
#6480 = ORIENTED_EDGE ( 'NONE', *, *, #308, .F. ) ;
#6481 = DIRECTION ( 'NONE',  ( -1.000000000000000000, 0.0000000000000000000, 0.0000000000000000000 ) ) ;
#6482 = ORIENTED_EDGE ( 'NONE', *, *, #5428, .T. ) ;
#6483 = EDGE_CURVE ( 'NONE', #4540, #3222, #5992, .T. ) ;
#6484 = DIRECTION ( 'NONE',  ( 0.0000000000000000000, 0.0000000000000000000, 1.000000000000000000 ) ) ;
#6485 = LINE ( 'NONE', #3200, #6114 ) ;
#6486 = DIRECTION ( 'NONE',  ( -1.000000000000000000, 0.0000000000000000000, 0.0000000000000000000 ) ) ;
#6487 = EDGE_LOOP ( 'NONE', ( #6121, #3965, #298, #6224 ) ) ;
#6488 = CARTESIAN_POINT ( 'NONE',  ( -1.145418158205587300, -0.1000000000000000100, 1.098665785637154900 ) ) ;
#6489 = EDGE_CURVE ( 'NONE', #5360, #292, #3039, .T. ) ;
#6490 = ORIENTED_EDGE ( 'NONE', *, *, #7064, .T. ) ;
#6491 = AXIS2_PLACEMENT_3D ( 'NONE', #3658, #169, #4253 ) ;
#6492 = DIRECTION ( 'NONE',  ( 0.0000000000000000000, 0.0000000000000000000, 1.000000000000000000 ) ) ;
#6493 = FACE_OUTER_BOUND ( 'NONE', #2890, .T. ) ;
#6494 = DIRECTION ( 'NONE',  ( 6.151150412723322900E-016, -3.491481338843133400E-015, 1.000000000000000000 ) ) ;
#6495 = CARTESIAN_POINT ( 'NONE',  ( -0.8890101095548962300, -0.5975000926685795100, -1.350000000000002300 ) ) ;
#6496 = VECTOR ( 'NONE', #648, 1000.000000000000000 ) ;
#6497 = ORIENTED_EDGE ( 'NONE', *, *, #5535, .T. ) ;
#6498 = DIRECTION ( 'NONE',  ( -2.449293598294706400E-016, 0.0000000000000000000, -1.000000000000000000 ) ) ;
#6499 = ORIENTED_EDGE ( 'NONE', *, *, #177, .F. ) ;
#6500 = EDGE_LOOP ( 'NONE', ( #5349, #3295, #1353, #724 ) ) ;
#6501 = ADVANCED_FACE ( 'NONE', ( #1305 ), #6879, .F. ) ;
#6502 = EDGE_CURVE ( 'NONE', #4238, #2478, #3210, .T. ) ;
#6503 = VECTOR ( 'NONE', #1885, 1000.000000000000000 ) ;
#6504 = AXIS2_PLACEMENT_3D ( 'NONE', #6876, #6346, #3356 ) ;
#6505 = ADVANCED_FACE ( 'NONE', ( #7545 ), #7090, .T. ) ;
#6506 = CARTESIAN_POINT ( 'NONE',  ( 1.600000000000000100, -0.02110947949653460600, 0.3459031131721502200 ) ) ;
#6507 = LINE ( 'NONE', #5909, #642 ) ;
#6508 = PLANE ( 'NONE',  #3052 ) ;
#6509 = VERTEX_POINT ( 'NONE', #3415 ) ;
#6510 = CARTESIAN_POINT ( 'NONE',  ( 1.257582580033950400, -0.1000000000000000100, -1.098665785637154900 ) ) ;
#6511 = DIRECTION ( 'NONE',  ( -1.000000000000000000, -0.0000000000000000000, -6.151150412723322900E-016 ) ) ;
#6512 = EDGE_CURVE ( 'NONE', #217, #866, #6543, .T. ) ;
#6513 = DIRECTION ( 'NONE',  ( 0.0000000000000000000, 1.000000000000000000, 0.0000000000000000000 ) ) ;
#6514 = CIRCLE ( 'NONE', #5051, 0.09182402748566186000 ) ;
#6515 = EDGE_LOOP ( 'NONE', ( #1744, #670, #7559, #1812, #5114, #1352 ) ) ;
#6516 = CARTESIAN_POINT ( 'NONE',  ( 1.257582580033950400, -0.1000000000000000100, 1.039254521236307600 ) ) ;
#6517 = CARTESIAN_POINT ( 'NONE',  ( -0.9500000000000000700, -0.9499999999999999600, 1.165301229036686000 ) ) ;
#6518 = DIRECTION ( 'NONE',  ( 0.0000000000000000000, 1.000000000000000000, 0.0000000000000000000 ) ) ;
#6519 = DIRECTION ( 'NONE',  ( 6.377659838150025700E-016, 0.0000000000000000000, -1.000000000000000000 ) ) ;
#6520 = CARTESIAN_POINT ( 'NONE',  ( 1.766200667084217200, -0.4381199093104634100, 1.303465212886776700 ) ) ;
#6521 = VECTOR ( 'NONE', #5498, 1000.000000000000000 ) ;
#6522 = EDGE_LOOP ( 'NONE', ( #1169, #5085, #4334, #30 ) ) ;
#6523 = VECTOR ( 'NONE', #107, 1000.000000000000000 ) ;
#6524 = ORIENTED_EDGE ( 'NONE', *, *, #6993, .F. ) ;
#6525 = DIRECTION ( 'NONE',  ( -1.000000000000000000, 0.0000000000000000000, -2.449293598294706400E-016 ) ) ;
#6526 = AXIS2_PLACEMENT_3D ( 'NONE', #6410, #7573, #2325 ) ;
#6527 = VERTEX_POINT ( 'NONE', #2855 ) ;
#6528 = CARTESIAN_POINT ( 'NONE',  ( -0.7010740004227079500, -0.5975000926685795100, 1.350000000000002100 ) ) ;
#6529 = LINE ( 'NONE', #2013, #4871 ) ;
#6530 = PLANE ( 'NONE',  #6430 ) ;
#6531 = EDGE_CURVE ( 'NONE', #6616, #6290, #125, .T. ) ;
#6532 = EDGE_CURVE ( 'NONE', #1166, #3673, #295, .T. ) ;
#6533 = FACE_OUTER_BOUND ( 'NONE', #2859, .T. ) ;
#6534 = DIRECTION ( 'NONE',  ( 0.0000000000000000000, 0.0000000000000000000, 1.000000000000000000 ) ) ;
#6535 = LINE ( 'NONE', #3744, #7185 ) ;
#6536 = ORIENTED_EDGE ( 'NONE', *, *, #5317, .T. ) ;
#6537 = CARTESIAN_POINT ( 'NONE',  ( 1.316993844434797700, -0.1000000000000000100, -0.9733463376187478900 ) ) ;
#6538 = DIRECTION ( 'NONE',  ( 0.0000000000000000000, 0.0000000000000000000, 1.000000000000000000 ) ) ;
#6539 = VECTOR ( 'NONE', #5642, 1000.000000000000200 ) ;
#6540 = MECHANICAL_DESIGN_GEOMETRIC_PRESENTATION_REPRESENTATION (  '', ( #604 ), #1523 ) ;
#6541 = EDGE_CURVE ( 'NONE', #6579, #5351, #5984, .T. ) ;
#6542 = ADVANCED_FACE ( 'NONE', ( #3405 ), #641, .T. ) ;
#6543 = LINE ( 'NONE', #3435, #3221 ) ;
#6544 = ORIENTED_EDGE ( 'NONE', *, *, #3370, .T. ) ;
#6545 = EDGE_LOOP ( 'NONE', ( #1758, #4196, #5585, #4697 ) ) ;
#6546 = ADVANCED_FACE ( 'NONE', ( #6165 ), #2858, .F. ) ;
#6547 = CIRCLE ( 'NONE', #2512, 0.09182402748566186000 ) ;
#6548 = CARTESIAN_POINT ( 'NONE',  ( -1.310011812126306500, -0.4913441754571611900, 1.350000000000002100 ) ) ;
#6549 = CARTESIAN_POINT ( 'NONE',  ( -1.660223004139932000, -0.9743463534909069200, -0.2000000000000000100 ) ) ;
#6550 = ORIENTED_EDGE ( 'NONE', *, *, #3856, .F. ) ;
#6551 = EDGE_CURVE ( 'NONE', #4269, #6927, #7352, .T. ) ;
#6552 = DIRECTION ( 'NONE',  ( 1.000000000000000000, 0.0000000000000000000, 2.449293598294706400E-016 ) ) ;
#6553 = VERTEX_POINT ( 'NONE', #6393 ) ;
#6554 = LINE ( 'NONE', #435, #317 ) ;
#6555 = CARTESIAN_POINT ( 'NONE',  ( 1.450893303781768400, -0.1000000000000000100, -1.866607263856682600 ) ) ;
#6556 = ORIENTED_EDGE ( 'NONE', *, *, #7616, .F. ) ;
#6557 = VECTOR ( 'NONE', #1316, 1000.000000000000000 ) ;
#6558 = DIRECTION ( 'NONE',  ( -1.000000000000000000, -0.0000000000000000000, -0.0000000000000000000 ) ) ;
#6559 = CARTESIAN_POINT ( 'NONE',  ( -1.500000000000000000, -0.9499999999999999600, 1.000000000000000000 ) ) ;
#6560 = EDGE_CURVE ( 'NONE', #7218, #5876, #4405, .T. ) ;
#6561 = AXIS2_PLACEMENT_3D ( 'NONE', #4205, #3500, #5962 ) ;
#6562 = DIRECTION ( 'NONE',  ( 0.03706543680213347100, -0.7066208861173978200, -0.7066208861173936000 ) ) ;
#6563 = DIRECTION ( 'NONE',  ( -0.0000000000000000000, 1.000000000000000000, -0.0000000000000000000 ) ) ;
#6564 = LINE ( 'NONE', #7231, #962 ) ;
#6565 = DIRECTION ( 'NONE',  ( 0.0000000000000000000, 1.000000000000000000, 0.0000000000000000000 ) ) ;
#6566 = DIRECTION ( 'NONE',  ( 0.0000000000000000000, 1.000000000000000000, 0.0000000000000000000 ) ) ;
#6567 = ORIENTED_EDGE ( 'NONE', *, *, #2883, .F. ) ;
#6568 = CARTESIAN_POINT ( 'NONE',  ( -1.513824396574103200, 1.543766457329733200E-014, 0.3948951732669550600 ) ) ;
#6569 = VECTOR ( 'NONE', #6144, 999.9999999999998900 ) ;
#6570 = ORIENTED_EDGE ( 'NONE', *, *, #2230, .T. ) ;
#6571 = PLANE ( 'NONE',  #6628 ) ;
#6572 = EDGE_LOOP ( 'NONE', ( #6061, #5937, #7092, #1106 ) ) ;
#6573 = PLANE ( 'NONE',  #1745 ) ;
#6574 = EDGE_CURVE ( 'NONE', #7101, #6401, #5706, .T. ) ;
#6575 = EDGE_CURVE ( 'NONE', #3139, #5552, #4974, .T. ) ;
#6576 = VECTOR ( 'NONE', #2394, 1000.000000000000000 ) ;
#6577 = VERTEX_POINT ( 'NONE', #4074 ) ;
#6578 = CARTESIAN_POINT ( 'NONE',  ( -1.053594130719925500, -0.4810162188969698300, 1.250000000000002000 ) ) ;
#6579 = VERTEX_POINT ( 'NONE', #6506 ) ;
#6580 = EDGE_LOOP ( 'NONE', ( #3306, #5752, #6933, #7533 ) ) ;
#6581 = ADVANCED_FACE ( 'NONE', ( #5785 ), #4104, .F. ) ;
#6582 = CARTESIAN_POINT ( 'NONE',  ( -0.5000000000000000000, -0.9499999999999999600, -1.300000000000000300 ) ) ;
#6583 = CARTESIAN_POINT ( 'NONE',  ( -1.511371717397266700, -0.1966079410694897000, 0.3459031131721501700 ) ) ;
#6584 = AXIS2_PLACEMENT_3D ( 'NONE', #1046, #3946, #5133 ) ;
#6585 = CARTESIAN_POINT ( 'NONE',  ( 0.8890101095548962300, -0.5975000926685795100, -1.350000000000002300 ) ) ;
#6586 = LINE ( 'NONE', #4136, #441 ) ;
#6587 = VERTEX_POINT ( 'NONE', #2312 ) ;
#6588 = EDGE_CURVE ( 'NONE', #2346, #3305, #5718, .T. ) ;
#6589 = DIRECTION ( 'NONE',  ( 0.08469159160178411900, 0.9964072130971135500, 0.0000000000000000000 ) ) ;
#6590 = CARTESIAN_POINT ( 'NONE',  ( -1.096148662824761900, -0.4810162188969698300, 1.250000000000002000 ) ) ;
#6591 = VERTEX_POINT ( 'NONE', #5829 ) ;
#6592 = EDGE_LOOP ( 'NONE', ( #2016, #229, #2676, #3908, #3780 ) ) ;
#6593 = CARTESIAN_POINT ( 'NONE',  ( -1.447527658732871600, -0.7266680502297832000, -1.350000000000003200 ) ) ;
#6594 = VECTOR ( 'NONE', #1157, 1000.000000000000000 ) ;
#6595 = DIRECTION ( 'NONE',  ( -4.725111164402086400E-032, -1.000000000000000000, 3.491481338843133400E-015 ) ) ;
#6596 = VECTOR ( 'NONE', #3300, 1000.000000000000000 ) ;
#6597 = LINE ( 'NONE', #2258, #454 ) ;
#6598 = CARTESIAN_POINT ( 'NONE',  ( -0.7010740004227079500, -0.5975000926685797300, 1.250000000000002000 ) ) ;
#6599 = ORIENTED_EDGE ( 'NONE', *, *, #997, .F. ) ;
#6600 = DIRECTION ( 'NONE',  ( -0.06674660825839352800, -0.9977699586006789600, -0.0000000000000000000 ) ) ;
#6601 = EDGE_LOOP ( 'NONE', ( #74, #976, #7589, #5487 ) ) ;
#6602 = DIRECTION ( 'NONE',  ( 0.0000000000000000000, 3.252606517456518800E-015, 1.000000000000000000 ) ) ;
#6603 = VECTOR ( 'NONE', #1409, 1000.000000000000000 ) ;
#6604 = EDGE_CURVE ( 'NONE', #6376, #7170, #2666, .T. ) ;
#6605 = ORIENTED_EDGE ( 'NONE', *, *, #1200, .T. ) ;
#6606 = AXIS2_PLACEMENT_3D ( 'NONE', #5631, #2661, #6789 ) ;
#6607 = DIRECTION ( 'NONE',  ( 0.0000000000000000000, -1.000000000000000000, -3.461396037702079900E-015 ) ) ;
#6608 = EDGE_CURVE ( 'NONE', #968, #6376, #6157, .T. ) ;
#6609 = DIRECTION ( 'NONE',  ( 0.7071067811865474600, -0.0000000000000000000, -0.7071067811865474600 ) ) ;
#6610 = LINE ( 'NONE', #7478, #3198 ) ;
#6611 = EDGE_LOOP ( 'NONE', ( #2181, #5594, #3694, #4918, #2272, #2361 ) ) ;
#6612 = CARTESIAN_POINT ( 'NONE',  ( 1.619775180544096100, -0.3697070418052864600, -0.2000000000000000100 ) ) ;
#6613 = CARTESIAN_POINT ( 'NONE',  ( -0.8890101095548962300, -0.7854362018007680100, -1.350000000000003000 ) ) ;
#6614 = CARTESIAN_POINT ( 'NONE',  ( -1.096148662824761900, -0.4810162188969695500, 1.350000000000001900 ) ) ;
#6615 = LINE ( 'NONE', #1315, #1477 ) ;
#6616 = VERTEX_POINT ( 'NONE', #1790 ) ;
#6617 = ADVANCED_FACE ( 'NONE', ( #4797 ), #2387, .T. ) ;
#6618 = DIRECTION ( 'NONE',  ( 0.0000000000000000000, 0.0000000000000000000, -1.000000000000000000 ) ) ;
#6619 = LINE ( 'NONE', #106, #1936 ) ;
#6620 = DIRECTION ( 'NONE',  ( 0.0000000000000000000, -9.757819552369557300E-015, 1.000000000000000000 ) ) ;
#6621 = CARTESIAN_POINT ( 'NONE',  ( -0.6603828416892074700, -0.4241578738305969400, 1.217574864917437800 ) ) ;
#6622 = PLANE ( 'NONE',  #1613 ) ;
#6623 = LINE ( 'NONE', #2122, #6068 ) ;
#6624 = ORIENTED_EDGE ( 'NONE', *, *, #5120, .F. ) ;
#6625 = CARTESIAN_POINT ( 'NONE',  ( 1.682607193318285800, -0.1000000000000000100, 0.3459031131721494500 ) ) ;
#6626 = LINE ( 'NONE', #1691, #5513 ) ;
#6627 = VECTOR ( 'NONE', #5901, 1000.000000000000000 ) ;
#6628 = AXIS2_PLACEMENT_3D ( 'NONE', #4150, #4854, #5364 ) ;
#6629 = FACE_OUTER_BOUND ( 'NONE', #3321, .T. ) ;
#6630 = VERTEX_POINT ( 'NONE', #1815 ) ;
#6631 = VERTEX_POINT ( 'NONE', #7093 ) ;
#6632 = CARTESIAN_POINT ( 'NONE',  ( -1.468629210512393500, -0.4381199093104634100, 1.303465212886776500 ) ) ;
#6633 = EDGE_CURVE ( 'NONE', #5961, #736, #4229, .T. ) ;
#6634 = VECTOR ( 'NONE', #4245, 1000.000000000000000 ) ;
#6635 = DIRECTION ( 'NONE',  ( 0.0000000000000000000, 1.000000000000000000, 0.0000000000000000000 ) ) ;
#6636 = ORIENTED_EDGE ( 'NONE', *, *, #3698, .T. ) ;
#6637 = VERTEX_POINT ( 'NONE', #4159 ) ;
#6638 = ORIENTED_EDGE ( 'NONE', *, *, #1196, .T. ) ;
#6639 = AXIS2_PLACEMENT_3D ( 'NONE', #5092, #7362, #2148 ) ;
#6640 = CARTESIAN_POINT ( 'NONE',  ( -1.198516098867771200, -0.4809284779894625900, 1.250000000000002000 ) ) ;
#6641 = LINE ( 'NONE', #3336, #5164 ) ;
#6642 = EDGE_LOOP ( 'NONE', ( #3318, #4912, #2084, #5070 ) ) ;
#6643 = DIRECTION ( 'NONE',  ( 0.0000000000000000000, 0.0000000000000000000, -1.000000000000000000 ) ) ;
#6644 = ORIENTED_EDGE ( 'NONE', *, *, #3375, .T. ) ;
#6645 = CARTESIAN_POINT ( 'NONE',  ( 1.511371717397266700, -0.1000000000000000100, 0.4000000000000000200 ) ) ;
#6646 = VERTEX_POINT ( 'NONE', #5371 ) ;
#6647 = CARTESIAN_POINT ( 'NONE',  ( 1.500000000000000000, -0.8800000000000000000, 1.000000000000000000 ) ) ;
#6648 = CARTESIAN_POINT ( 'NONE',  ( 1.607764218758668300, -0.1901596886722744800, 0.2971295284267666500 ) ) ;
#6649 = FACE_OUTER_BOUND ( 'NONE', #3060, .T. ) ;
#6650 = EDGE_CURVE ( 'NONE', #6294, #7261, #2037, .T. ) ;
#6651 = CARTESIAN_POINT ( 'NONE',  ( 0.0000000000000000000, 0.3500000000000000300, 0.7999999999999999300 ) ) ;
#6652 = ORIENTED_EDGE ( 'NONE', *, *, #4740, .T. ) ;
#6653 = AXIS2_PLACEMENT_3D ( 'NONE', #1302, #5370, #7151 ) ;
#6654 = VECTOR ( 'NONE', #6595, 1000.000000000000000 ) ;
#6655 = VECTOR ( 'NONE', #3409, 1000.000000000000000 ) ;
#6656 = ADVANCED_FACE ( 'NONE', ( #6533 ), #99, .T. ) ;
#6657 = CARTESIAN_POINT ( 'NONE',  ( -1.376510721059179600, -0.1000000000000000100, 0.9733463376187478900 ) ) ;
#6658 = EDGE_LOOP ( 'NONE', ( #3494, #1449, #2709, #4998 ) ) ;
#6659 = LINE ( 'NONE', #5173, #2427 ) ;
#6660 = EDGE_LOOP ( 'NONE', ( #594, #2686, #4120, #898 ) ) ;
#6661 = AXIS2_PLACEMENT_3D ( 'NONE', #6746, #3151, #7266 ) ;
#6662 = VERTEX_POINT ( 'NONE', #4812 ) ;
#6663 = DIRECTION ( 'NONE',  ( 2.449293598294706400E-016, 0.0000000000000000000, -1.000000000000000000 ) ) ;
#6664 = DIRECTION ( 'NONE',  ( 0.0000000000000000000, 0.0000000000000000000, -1.000000000000000000 ) ) ;
#6665 = EDGE_CURVE ( 'NONE', #1355, #2129, #4965, .T. ) ;
#6667 = VERTEX_POINT ( 'NONE', #6582 ) ;
#6666 = CARTESIAN_POINT ( 'NONE',  ( -1.053594130719925500, -0.1000000000000000100, -1.190489813122816800 ) ) ;
#6668 = LINE ( 'NONE', #7341, #6026 ) ;
#6669 = CARTESIAN_POINT ( 'NONE',  ( 0.7010740004227081800, -0.1499999999999999700, -1.200000000000000600 ) ) ;
#6670 = EDGE_LOOP ( 'NONE', ( #5942, #2283, #1017, #6851, #3906 ) ) ;
#6671 = VERTEX_POINT ( 'NONE', #5936 ) ;
#6672 = DIRECTION ( 'NONE',  ( -0.0000000000000000000, -1.000000000000000000, 0.0000000000000000000 ) ) ;
#6673 = DIRECTION ( 'NONE',  ( 1.000000000000000000, -4.386345538393100600E-016, 2.372876381782988300E-016 ) ) ;
#6674 = VERTEX_POINT ( 'NONE', #3012 ) ;
#6675 = VERTEX_POINT ( 'NONE', #7122 ) ;
#6676 = AXIS2_PLACEMENT_3D ( 'NONE', #6302, #6327, #1637 ) ;
#6677 = DIRECTION ( 'NONE',  ( -0.05238247302969425300, 0.9986270958267120500, 0.0000000000000000000 ) ) ;
#6678 = EDGE_CURVE ( 'NONE', #1270, #5010, #2401, .T. ) ;
#6679 = EDGE_CURVE ( 'NONE', #2767, #5207, #6722, .T. ) ;
#6680 = LINE ( 'NONE', #3635, #2004 ) ;
#6681 = CYLINDRICAL_SURFACE ( 'NONE', #2928, 0.09999999999999999200 ) ;
#6682 = ORIENTED_EDGE ( 'NONE', *, *, #2811, .F. ) ;
#6683 = CARTESIAN_POINT ( 'NONE',  ( 0.0000000000000000000, 0.3500000000000000300, 0.0000000000000000000 ) ) ;
#6684 = VERTEX_POINT ( 'NONE', #3646 ) ;
#6685 = AXIS2_PLACEMENT_3D ( 'NONE', #4677, #4185, #2389 ) ;
#6686 = CARTESIAN_POINT ( 'NONE',  ( -0.3514106528891460800, -0.1000000000000000100, -1.350000000000000300 ) ) ;
#6687 = ORIENTED_EDGE ( 'NONE', *, *, #645, .F. ) ;
#6688 = FACE_OUTER_BOUND ( 'NONE', #6545, .T. ) ;
#6689 = CARTESIAN_POINT ( 'NONE',  ( 1.053594130719925500, -0.4810162188969698300, 1.250000000000002000 ) ) ;
#6690 = CARTESIAN_POINT ( 'NONE',  ( 1.450893303781768200, -0.1000000000000000100, -1.052476713040993600 ) ) ;
#6691 = VECTOR ( 'NONE', #6365, 1000.000000000000000 ) ;
#6692 = DIRECTION ( 'NONE',  ( 0.0000000000000000000, 0.0000000000000000000, 1.000000000000000000 ) ) ;
#6693 = CARTESIAN_POINT ( 'NONE',  ( 0.6603828416892078000, -0.4241578738305969400, -1.217574864917437600 ) ) ;
#6694 = ORIENTED_EDGE ( 'NONE', *, *, #6456, .F. ) ;
#6695 = CARTESIAN_POINT ( 'NONE',  ( 1.750000000000000000, -0.8800000000000000000, -0.9999999999999995600 ) ) ;
#6696 = ADVANCED_FACE ( 'NONE', ( #5522 ), #5402, .T. ) ;
#6697 = DIRECTION ( 'NONE',  ( 0.0000000000000000000, -1.000000000000000000, 3.491481338843133400E-015 ) ) ;
#6698 = DIRECTION ( 'NONE',  ( -1.000000000000000000, 0.0000000000000000000, 2.372876381782987800E-016 ) ) ;
#6699 = FACE_OUTER_BOUND ( 'NONE', #6808, .T. ) ;
#6700 = VERTEX_POINT ( 'NONE', #129 ) ;
#6701 = CARTESIAN_POINT ( 'NONE',  ( -0.7010740004227078400, -0.5975000926685796200, -1.350000000000002100 ) ) ;
#6702 = EDGE_CURVE ( 'NONE', #3563, #4936, #7366, .T. ) ;
#6703 = AXIS2_PLACEMENT_3D ( 'NONE', #6651, #3148, #6083 ) ;
#6704 = VECTOR ( 'NONE', #2551, 1000.000000000000200 ) ;
#6705 = ORIENTED_EDGE ( 'NONE', *, *, #152, .F. ) ;
#6706 = EDGE_CURVE ( 'NONE', #3880, #2091, #6901, .T. ) ;
#6707 = CARTESIAN_POINT ( 'NONE',  ( 0.0000000000000000000, -0.1000000000000000100, 0.0000000000000000000 ) ) ;
#6708 = VECTOR ( 'NONE', #283, 1000.000000000000000 ) ;
#6709 = ORIENTED_EDGE ( 'NONE', *, *, #7104, .T. ) ;
#6710 = CARTESIAN_POINT ( 'NONE',  ( -1.239179746653218400, -0.4913441754571615200, -1.250000000000002000 ) ) ;
#6711 = VECTOR ( 'NONE', #6910, 1000.000000000000000 ) ;
#6712 = DIRECTION ( 'NONE',  ( -0.0000000000000000000, 1.000000000000000000, -0.0000000000000000000 ) ) ;
#6713 = VECTOR ( 'NONE', #1513, 1000.000000000000000 ) ;
#6714 = ORIENTED_EDGE ( 'NONE', *, *, #6456, .T. ) ;
#6715 = CARTESIAN_POINT ( 'NONE',  ( 1.239179746653218400, -0.4913441754571611900, 1.350000000000002100 ) ) ;
#6716 = VECTOR ( 'NONE', #987, 1000.000000000000000 ) ;
#6717 = EDGE_CURVE ( 'NONE', #2, #2229, #2211, .T. ) ;
#6718 = CARTESIAN_POINT ( 'NONE',  ( 1.468629210512393500, -0.4381199093104634100, 1.303465212886776500 ) ) ;
#6719 = VERTEX_POINT ( 'NONE', #5425 ) ;
#6720 = CARTESIAN_POINT ( 'NONE',  ( -0.7010740004227081800, -0.1499999999999999700, -1.200000000000000600 ) ) ;
#6721 = PLANE ( 'NONE',  #2765 ) ;
#6722 = LINE ( 'NONE', #692, #2592 ) ;
#6723 = ORIENTED_EDGE ( 'NONE', *, *, #2446, .F. ) ;
#6724 = ORIENTED_EDGE ( 'NONE', *, *, #6449, .F. ) ;
#6725 = CARTESIAN_POINT ( 'NONE',  ( -1.682607193318285800, -0.1000000000000000100, -0.3459031131721494500 ) ) ;
#6726 = VECTOR ( 'NONE', #4574, 999.9999999999998900 ) ;
#6727 = ORIENTED_EDGE ( 'NONE', *, *, #644, .T. ) ;
#6728 = PLANE ( 'NONE',  #5681 ) ;
#6729 = ADVANCED_FACE ( 'NONE', ( #5516 ), #5905, .T. ) ;
#6730 = ORIENTED_EDGE ( 'NONE', *, *, #2703, .T. ) ;
#6731 = CARTESIAN_POINT ( 'NONE',  ( 1.750000000000000000, -0.8800000000000000000, -0.9999999999999995600 ) ) ;
#6732 = EDGE_CURVE ( 'NONE', #3282, #1355, #21, .T. ) ;
#6733 = DIRECTION ( 'NONE',  ( 6.151150412723322900E-016, -0.0000000000000000000, -1.000000000000000000 ) ) ;
#6734 = LINE ( 'NONE', #4946, #3692 ) ;
#6735 = EDGE_LOOP ( 'NONE', ( #6761, #7083, #2659 ) ) ;
#6736 = DIRECTION ( 'NONE',  ( -6.151150412723322900E-016, -3.491481338843133400E-015, -1.000000000000000000 ) ) ;
#6737 = LINE ( 'NONE', #192, #2693 ) ;
#6738 = AXIS2_PLACEMENT_3D ( 'NONE', #5456, #1937, #6067 ) ;
#6739 = DIRECTION ( 'NONE',  ( -0.0000000000000000000, 1.000000000000000000, -0.0000000000000000000 ) ) ;
#6740 = DIRECTION ( 'NONE',  ( -0.0000000000000000000, 1.000000000000000000, -0.0000000000000000000 ) ) ;
#6741 = LINE ( 'NONE', #7073, #1888 ) ;
#6742 = CARTESIAN_POINT ( 'NONE',  ( 1.388759507161886800, -0.7854362018007683400, 1.250000000000003100 ) ) ;
#6743 = PLANE ( 'NONE',  #2787 ) ;
#6744 = CARTESIAN_POINT ( 'NONE',  ( -1.450893303781768400, -0.1000000000000000100, -1.349999999999999900 ) ) ;
#6745 = AXIS2_PLACEMENT_3D ( 'NONE', #6908, #3381, #7505 ) ;
#6746 = CARTESIAN_POINT ( 'NONE',  ( 0.6092499729370461900, 0.0000000000000000000, 1.190489813122816500 ) ) ;
#6747 = ORIENTED_EDGE ( 'NONE', *, *, #185, .F. ) ;
#6748 = EDGE_CURVE ( 'NONE', #5103, #6527, #3582, .T. ) ;
#6749 = LINE ( 'NONE', #3163, #5925 ) ;
#6750 = ORIENTED_EDGE ( 'NONE', *, *, #3196, .F. ) ;
#6751 = EDGE_LOOP ( 'NONE', ( #249, #2947, #1774, #3501, #1580 ) ) ;
#6752 = CARTESIAN_POINT ( 'NONE',  ( -1.450893303781768000, -0.1000000000000000100, 1.866607263856683100 ) ) ;
#6753 = CARTESIAN_POINT ( 'NONE',  ( 1.500000000000000000, 0.0000000000000000000, -0.4459031131721494200 ) ) ;
#6754 = LINE ( 'NONE', #3385, #5187 ) ;
#6755 = VERTEX_POINT ( 'NONE', #40 ) ;
#6756 = ORIENTED_EDGE ( 'NONE', *, *, #6039, .F. ) ;
#6757 = CARTESIAN_POINT ( 'NONE',  ( -1.499999999999999800, -0.1000000000000000100, -0.9138294609943661300 ) ) ;
#6758 =( LENGTH_UNIT ( ) NAMED_UNIT ( * ) SI_UNIT ( .MILLI., .METRE. ) );
#6759 = CARTESIAN_POINT ( 'NONE',  ( 1.500000000000000200, -0.8800000000000000000, -0.9999999999999995600 ) ) ;
#6760 = PRESENTATION_STYLE_ASSIGNMENT (( #4111 ) ) ;
#6761 = ORIENTED_EDGE ( 'NONE', *, *, #6193, .F. ) ;
#6762 = DIRECTION ( 'NONE',  ( 0.0000000000000000000, 0.0000000000000000000, 1.000000000000000000 ) ) ;
#6763 = ADVANCED_FACE ( 'NONE', ( #3940 ), #1808, .F. ) ;
#6764 = ORIENTED_EDGE ( 'NONE', *, *, #5381, .F. ) ;
#6765 = CARTESIAN_POINT ( 'NONE',  ( 0.0000000000000000000, -0.3697070418052864600, 0.2000000000000000100 ) ) ;
#6766 = ORIENTED_EDGE ( 'NONE', *, *, #1244, .F. ) ;
#6767 = ORIENTED_EDGE ( 'NONE', *, *, #7522, .F. ) ;
#6768 = CARTESIAN_POINT ( 'NONE',  ( -1.388759507161886800, -0.7854362018007680100, -1.350000000000003200 ) ) ;
#6769 = VECTOR ( 'NONE', #3551, 1000.000000000000000 ) ;
#6770 = AXIS2_PLACEMENT_3D ( 'NONE', #4997, #7364, #3831 ) ;
#6771 = VECTOR ( 'NONE', #6949, 1000.000000000000000 ) ;
#6772 = DIRECTION ( 'NONE',  ( 1.000000000000000000, -0.0000000000000000000, 1.224646799147353200E-016 ) ) ;
#6773 = FACE_OUTER_BOUND ( 'NONE', #5549, .T. ) ;
#6775 = EDGE_CURVE ( 'NONE', #4232, #165, #4237, .T. ) ;
#6774 = CARTESIAN_POINT ( 'NONE',  ( 1.388759507161886800, -0.7854362018007683400, 1.250000000000003100 ) ) ;
#6776 = ORIENTED_EDGE ( 'NONE', *, *, #4832, .F. ) ;
#6777 = DIRECTION ( 'NONE',  ( 1.000000000000000000, 0.0000000000000000000, -0.0000000000000000000 ) ) ;
#6778 = LINE ( 'NONE', #5032, #7054 ) ;
#6779 = AXIS2_PLACEMENT_3D ( 'NONE', #4386, #892, #6190 ) ;
#6780 = CARTESIAN_POINT ( 'NONE',  ( -1.053594130719925500, -0.1499999999999999700, -1.250000000000000700 ) ) ;
#6781 = ORIENTED_EDGE ( 'NONE', *, *, #318, .T. ) ;
#6782 = CARTESIAN_POINT ( 'NONE',  ( 1.468629210512393900, -0.4381199093104634100, -1.349999999999999900 ) ) ;
#6783 = LINE ( 'NONE', #75, #5221 ) ;
#6784 = EDGE_LOOP ( 'NONE', ( #2075, #3628, #3034, #1264 ) ) ;
#6785 = CARTESIAN_POINT ( 'NONE',  ( -1.499999999999999800, -0.1000000000000000100, 0.9138294609943661300 ) ) ;
#6786 = CARTESIAN_POINT ( 'NONE',  ( 0.7010740004227079500, -0.1499999999999999700, 1.350000000000000300 ) ) ;
#6787 = LINE ( 'NONE', #650, #2108 ) ;
#6788 = ORIENTED_EDGE ( 'NONE', *, *, #5312, .F. ) ;
#6789 = DIRECTION ( 'NONE',  ( 0.0000000000000000000, 1.092751075564479600E-016, 1.000000000000000000 ) ) ;
#6790 = CARTESIAN_POINT ( 'NONE',  ( -1.499999999999999800, 0.0000000000000000000, 0.9138294609943661300 ) ) ;
#6791 = LINE ( 'NONE', #484, #3037 ) ;
#6792 = EDGE_CURVE ( 'NONE', #2621, #6000, #3486, .T. ) ;
#6793 = LINE ( 'NONE', #6744, #374 ) ;
#6794 = ORIENTED_EDGE ( 'NONE', *, *, #2197, .F. ) ;
#6795 = DIRECTION ( 'NONE',  ( 0.0000000000000000000, 0.0000000000000000000, -1.000000000000000000 ) ) ;
#6796 = ADVANCED_FACE ( 'NONE', ( #4696 ), #5394, .F. ) ;
#6797 = CARTESIAN_POINT ( 'NONE',  ( -1.565010397521423300, -0.09999999999999989500, 0.3459031131721495600 ) ) ;
#6798 = EDGE_CURVE ( 'NONE', #6290, #5013, #2492, .T. ) ;
#6799 = VECTOR ( 'NONE', #1599, 1000.000000000000000 ) ;
#6800 = LINE ( 'NONE', #6151, #213 ) ;
#6801 = LINE ( 'NONE', #2972, #1118 ) ;
#6802 = VERTEX_POINT ( 'NONE', #712 ) ;
#6803 = DIRECTION ( 'NONE',  ( 0.0000000000000000000, 0.0000000000000000000, 1.000000000000000000 ) ) ;
#6804 = EDGE_LOOP ( 'NONE', ( #1327, #7186, #7598, #6168 ) ) ;
#6805 = SURFACE_SIDE_STYLE ('',( #1293 ) ) ;
#6806 = FACE_OUTER_BOUND ( 'NONE', #3473, .T. ) ;
#6807 = DIRECTION ( 'NONE',  ( 3.928366239855319300E-016, 0.0000000000000000000, 1.000000000000000000 ) ) ;
#6808 = EDGE_LOOP ( 'NONE', ( #534, #450, #5338, #6906 ) ) ;
#6809 = EDGE_LOOP ( 'NONE', ( #5510, #3291, #1328, #4610, #2398 ) ) ;
#6810 = ORIENTED_EDGE ( 'NONE', *, *, #2806, .F. ) ;
#6811 = CARTESIAN_POINT ( 'NONE',  ( -1.376510721059179600, 0.0000000000000000000, -0.9733463376187478900 ) ) ;
#6812 = EDGE_CURVE ( 'NONE', #3439, #1455, #1026, .T. ) ;
#6813 = DIRECTION ( 'NONE',  ( 0.0000000000000000000, -0.0000000000000000000, 1.000000000000000000 ) ) ;
#6814 = DIRECTION ( 'NONE',  ( -0.0000000000000000000, 0.0000000000000000000, -1.000000000000000000 ) ) ;
#6815 = EDGE_CURVE ( 'NONE', #4618, #1203, #5438, .T. ) ;
#6816 = VECTOR ( 'NONE', #7129, 1000.000000000000000 ) ;
#6817 = ORIENTED_EDGE ( 'NONE', *, *, #417, .F. ) ;
#6818 = CARTESIAN_POINT ( 'NONE',  ( -0.6092499729370461900, -0.1000000000000000100, -1.217362676867157500 ) ) ;
#6819 = ORIENTED_EDGE ( 'NONE', *, *, #6815, .F. ) ;
#6820 = FACE_OUTER_BOUND ( 'NONE', #1041, .T. ) ;
#6821 = CARTESIAN_POINT ( 'NONE',  ( -1.450893303781768400, -0.1000000000000000100, -1.866607263856682600 ) ) ;
#6822 = VERTEX_POINT ( 'NONE', #1239 ) ;
#6823 = LINE ( 'NONE', #2479, #6557 ) ;
#6824 = VECTOR ( 'NONE', #2281, 1000.000000000000000 ) ;
#6825 = CARTESIAN_POINT ( 'NONE',  ( -1.095778389361269400, -0.1000000000000000100, 1.250000000000000400 ) ) ;
#6826 = EDGE_CURVE ( 'NONE', #6684, #3730, #5332, .T. ) ;
#6827 = ORIENTED_EDGE ( 'NONE', *, *, #204, .F. ) ;
#6828 = AXIS2_PLACEMENT_3D ( 'NONE', #4214, #6047, #719 ) ;
#6829 = FACE_OUTER_BOUND ( 'NONE', #1825, .T. ) ;
#6830 =( NAMED_UNIT ( * ) PLANE_ANGLE_UNIT ( ) SI_UNIT ( $, .RADIAN. ) );
#6831 = DIRECTION ( 'NONE',  ( 1.000000000000000000, 0.0000000000000000000, 0.0000000000000000000 ) ) ;
#6832 = EDGE_LOOP ( 'NONE', ( #5910, #70, #3884, #585 ) ) ;
#6833 = ORIENTED_EDGE ( 'NONE', *, *, #566, .F. ) ;
#6834 = DIRECTION ( 'NONE',  ( 0.0000000000000000000, 0.0000000000000000000, 1.000000000000000000 ) ) ;
#6835 = ADVANCED_FACE ( 'NONE', ( #5240 ), #6573, .F. ) ;
#6836 = DIRECTION ( 'NONE',  ( 0.0000000000000000000, 0.0000000000000000000, -1.000000000000000000 ) ) ;
#6837 = ORIENTED_EDGE ( 'NONE', *, *, #6532, .F. ) ;
#6838 = CARTESIAN_POINT ( 'NONE',  ( 1.040949779275250100E-016, 0.3500000000000000300, 0.8499999999999999800 ) ) ;
#6839 = VECTOR ( 'NONE', #4538, 1000.000000000000000 ) ;
#6840 = ORIENTED_EDGE ( 'NONE', *, *, #2665, .F. ) ;
#6841 = EDGE_CURVE ( 'NONE', #5777, #5691, #2673, .T. ) ;
#6842 = CARTESIAN_POINT ( 'NONE',  ( -1.476811605471761700, -0.5941102786568811500, -1.045752257415221400 ) ) ;
#6843 = ORIENTED_EDGE ( 'NONE', *, *, #3201, .T. ) ;
#6844 = AXIS2_PLACEMENT_3D ( 'NONE', #7061, #4127, #3532 ) ;
#6845 = CARTESIAN_POINT ( 'NONE',  ( -1.096148662824762100, -0.9499999999999999600, 1.052476713040994000 ) ) ;
#6846 = CARTESIAN_POINT ( 'NONE',  ( 0.0000000000000000000, -0.3697070418052864600, 0.2000000000000000100 ) ) ;
#6847 = ORIENTED_EDGE ( 'NONE', *, *, #6608, .F. ) ;
#6848 = ORIENTED_EDGE ( 'NONE', *, *, #668, .T. ) ;
#6849 = PLANE ( 'NONE',  #5846 ) ;
#6850 = EDGE_LOOP ( 'NONE', ( #6183, #221, #68, #614 ) ) ;
#6851 = ORIENTED_EDGE ( 'NONE', *, *, #2953, .T. ) ;
#6852 = DIRECTION ( 'NONE',  ( 6.151150412723322900E-016, -3.491481338843133400E-015, -1.000000000000000000 ) ) ;
#6853 = CIRCLE ( 'NONE', #7412, 0.05951687662438182700 ) ;
#6854 = LINE ( 'NONE', #5170, #3355 ) ;
#6855 = ORIENTED_EDGE ( 'NONE', *, *, #7432, .F. ) ;
#6856 = DIRECTION ( 'NONE',  ( 1.000000000000000000, 0.0000000000000000000, 2.449293598294706400E-016 ) ) ;
#6857 = DIRECTION ( 'NONE',  ( 0.0000000000000000000, -0.0000000000000000000, -1.000000000000000000 ) ) ;
#6858 = EDGE_CURVE ( 'NONE', #1413, #228, #4500, .T. ) ;
#6859 = EDGE_LOOP ( 'NONE', ( #4023, #1821, #652, #2436 ) ) ;
#6860 = VECTOR ( 'NONE', #3453, 1000.000000000000000 ) ;
#6861 = DIRECTION ( 'NONE',  ( 1.000000000000000000, 0.0000000000000000000, 2.449293598294706400E-016 ) ) ;
#6862 = VECTOR ( 'NONE', #3891, 1000.000000000000000 ) ;
#6863 = CARTESIAN_POINT ( 'NONE',  ( 1.096148662824762100, -0.9499999999999999600, 1.217574864917437800 ) ) ;
#6864 = CARTESIAN_POINT ( 'NONE',  ( -0.5165027480058550500, -0.1000000000000000100, 1.143289036108584800 ) ) ;
#6865 = ORIENTED_EDGE ( 'NONE', *, *, #1495, .F. ) ;
#6866 = EDGE_CURVE ( 'NONE', #1347, #7455, #6801, .T. ) ;
#6867 = EDGE_CURVE ( 'NONE', #4738, #135, #2392, .T. ) ;
#6868 = CARTESIAN_POINT ( 'NONE',  ( 0.5000000000000000000, -0.1000000000000000100, 0.0000000000000000000 ) ) ;
#6869 = DIRECTION ( 'NONE',  ( 0.0000000000000000000, 0.0000000000000000000, -1.000000000000000000 ) ) ;
#6870 = ADVANCED_FACE ( 'NONE', ( #6629 ), #1947, .F. ) ;
#6871 = CARTESIAN_POINT ( 'NONE',  ( -0.6603828416892074700, -0.4241578738305969400, 1.350000000000000300 ) ) ;
#6872 = ORIENTED_EDGE ( 'NONE', *, *, #3927, .F. ) ;
#6873 = AXIS2_PLACEMENT_3D ( 'NONE', #2538, #2611, #901 ) ;
#6874 = DIRECTION ( 'NONE',  ( 0.0000000000000000000, 0.0000000000000000000, -1.000000000000000000 ) ) ;
#6875 = DIRECTION ( 'NONE',  ( 0.0000000000000000000, 1.000000000000000000, 0.0000000000000000000 ) ) ;
#6876 = CARTESIAN_POINT ( 'NONE',  ( -1.500000000000000000, -0.8800000000000000000, 1.000000000000000000 ) ) ;
#6877 = CYLINDRICAL_SURFACE ( 'NONE', #5636, 0.05876815157098477100 ) ;
#6878 = ORIENTED_EDGE ( 'NONE', *, *, #4194, .F. ) ;
#6879 = PLANE ( 'NONE',  #1056 ) ;
#6880 = DIRECTION ( 'NONE',  ( 6.151150412723322900E-016, -0.0000000000000000000, 1.000000000000000000 ) ) ;
#6881 = FACE_OUTER_BOUND ( 'NONE', #5149, .T. ) ;
#6882 = EDGE_LOOP ( 'NONE', ( #7311, #4464, #4383, #343, #2212 ) ) ;
#6883 = DIRECTION ( 'NONE',  ( -1.017843322198098500E-031, -1.000000000000000000, 3.491481338843133400E-015 ) ) ;
#6884 = AXIS2_PLACEMENT_3D ( 'NONE', #1811, #4208, #96 ) ;
#6885 = ORIENTED_EDGE ( 'NONE', *, *, #393, .F. ) ;
#6886 = CARTESIAN_POINT ( 'NONE',  ( -0.7010740004227079500, 0.0000000000000000000, 1.200000000000000600 ) ) ;
#6887 = FACE_OUTER_BOUND ( 'NONE', #6670, .T. ) ;
#6888 = CARTESIAN_POINT ( 'NONE',  ( -1.750000000000000200, -0.8800000000000000000, -0.6599999999999995900 ) ) ;
#6889 = PLANE ( 'NONE',  #1335 ) ;
#6890 = EDGE_CURVE ( 'NONE', #3223, #2346, #6535, .T. ) ;
#6891 = VECTOR ( 'NONE', #2563, 1000.000000000000000 ) ;
#6892 = DIRECTION ( 'NONE',  ( 6.151150412723322900E-016, 0.0000000000000000000, -1.000000000000000000 ) ) ;
#6893 = FACE_OUTER_BOUND ( 'NONE', #3208, .T. ) ;
#6894 = ORIENTED_EDGE ( 'NONE', *, *, #1394, .F. ) ;
#6895 = LINE ( 'NONE', #3233, #2215 ) ;
#6896 = EDGE_LOOP ( 'NONE', ( #5707, #6480, #3253, #5500 ) ) ;
#6897 = EDGE_CURVE ( 'NONE', #3911, #7618, #5605, .T. ) ;
#6898 = CARTESIAN_POINT ( 'NONE',  ( -1.096148662824761900, -0.4810162188969695500, -1.350000000000001900 ) ) ;
#6899 = CARTESIAN_POINT ( 'NONE',  ( -1.500000000000000200, -0.9499999999999999600, -0.6599999999999997000 ) ) ;
#6900 = PRESENTATION_LAYER_ASSIGNMENT (  '', '', ( #2185 ) ) ;
#6901 = LINE ( 'NONE', #3064, #2219 ) ;
#6902 = EDGE_LOOP ( 'NONE', ( #4491, #5047, #939, #2889 ) ) ;
#6903 = ORIENTED_EDGE ( 'NONE', *, *, #1663, .T. ) ;
#6904 = CARTESIAN_POINT ( 'NONE',  ( -1.450000000000000400, -0.9499999999999999600, -0.6653012290366856500 ) ) ;
#6905 = FACE_OUTER_BOUND ( 'NONE', #4502, .T. ) ;
#6906 = ORIENTED_EDGE ( 'NONE', *, *, #3155, .T. ) ;
#6907 = ORIENTED_EDGE ( 'NONE', *, *, #5165, .F. ) ;
#6908 = CARTESIAN_POINT ( 'NONE',  ( -0.6092499729370461900, -0.1000000000000000100, -1.217362676867157500 ) ) ;
#6909 = ORIENTED_EDGE ( 'NONE', *, *, #5357, .F. ) ;
#6910 = DIRECTION ( 'NONE',  ( -2.449293598294706400E-016, 0.0000000000000000000, 1.000000000000000000 ) ) ;
#6911 = LINE ( 'NONE', #2753, #6454 ) ;
#6912 = ADVANCED_FACE ( 'NONE', ( #4132 ), #5511, .T. ) ;
#6913 = EDGE_LOOP ( 'NONE', ( #1185, #46, #3349, #2743, #4252, #1588 ) ) ;
#6914 = LINE ( 'NONE', #5036, #3704 ) ;
#6915 = EDGE_CURVE ( 'NONE', #1676, #5523, #936, .T. ) ;
#6916 = CARTESIAN_POINT ( 'NONE',  ( 1.576394759256916500, -0.01077505122844486400, 0.3482487252757465700 ) ) ;
#6917 = CARTESIAN_POINT ( 'NONE',  ( 1.750000000000000000, -0.9499999999999999600, 0.6600000000000000300 ) ) ;
#6918 = EDGE_CURVE ( 'NONE', #7131, #5746, #3766, .T. ) ;
#6919 = PLANE ( 'NONE',  #2622 ) ;
#6920 = FACE_OUTER_BOUND ( 'NONE', #4527, .T. ) ;
#6921 = CARTESIAN_POINT ( 'NONE',  ( -1.749999999999999800, -0.8800000000000000000, 1.000000000000000000 ) ) ;
#6922 = VECTOR ( 'NONE', #3625, 1000.000000000000100 ) ;
#6923 = DIRECTION ( 'NONE',  ( 0.0000000000000000000, 0.0000000000000000000, 1.000000000000000000 ) ) ;
#6924 = EDGE_CURVE ( 'NONE', #375, #2156, #762, .T. ) ;
#6925 = DIRECTION ( 'NONE',  ( 0.0000000000000000000, 0.0000000000000000000, 1.000000000000000000 ) ) ;
#6926 = SURFACE_SIDE_STYLE ('',( #3110 ) ) ;
#6927 = VERTEX_POINT ( 'NONE', #809 ) ;
#6928 = DIRECTION ( 'NONE',  ( -6.151150412723322900E-016, 3.491481338843133400E-015, -1.000000000000000000 ) ) ;
#6929 = VECTOR ( 'NONE', #362, 1000.000000000000000 ) ;
#6930 = ORIENTED_EDGE ( 'NONE', *, *, #2096, .F. ) ;
#6931 = ORIENTED_EDGE ( 'NONE', *, *, #5810, .F. ) ;
#6932 = LINE ( 'NONE', #7339, #5481 ) ;
#6933 = ORIENTED_EDGE ( 'NONE', *, *, #2660, .F. ) ;
#6934 = PLANE ( 'NONE',  #455 ) ;
#6935 = ORIENTED_EDGE ( 'NONE', *, *, #4612, .T. ) ;
#6936 = CARTESIAN_POINT ( 'NONE',  ( 1.096148662824762100, -0.9499999999999999600, 1.052476713040994000 ) ) ;
#6937 = DIRECTION ( 'NONE',  ( 0.0000000000000000000, -0.0000000000000000000, -1.000000000000000000 ) ) ;
#6938 = EDGE_CURVE ( 'NONE', #1940, #4867, #5889, .T. ) ;
#6939 = FACE_OUTER_BOUND ( 'NONE', #5554, .T. ) ;
#6940 = CARTESIAN_POINT ( 'NONE',  ( 1.450000000000000200, -1.000000000000000000, 0.6653012290366859800 ) ) ;
#6941 = EDGE_LOOP ( 'NONE', ( #2991, #1848, #2525, #4587, #2860 ) ) ;
#6942 = AXIS2_PLACEMENT_3D ( 'NONE', #7569, #3515, #4718 ) ;
#6943 = CARTESIAN_POINT ( 'NONE',  ( 1.257582580033950400, -0.1000000000000000100, -1.098665785637154700 ) ) ;
#6944 = VERTEX_POINT ( 'NONE', #7262 ) ;
#6945 = EDGE_CURVE ( 'NONE', #3673, #7560, #3853, .T. ) ;
#6946 = ORIENTED_EDGE ( 'NONE', *, *, #6251, .T. ) ;
#6947 = EDGE_LOOP ( 'NONE', ( #2135, #5392, #2109, #3335 ) ) ;
#6948 = VECTOR ( 'NONE', #5489, 1000.000000000000000 ) ;
#6949 = DIRECTION ( 'NONE',  ( 0.0000000000000000000, 1.000000000000000000, 0.0000000000000000000 ) ) ;
#6950 = ADVANCED_FACE ( 'NONE', ( #1765 ), #6440, .T. ) ;
#6951 = FACE_OUTER_BOUND ( 'NONE', #3976, .T. ) ;
#6952 = CARTESIAN_POINT ( 'NONE',  ( 1.163414459189985700E-016, -0.1000000000000000100, -0.9499999999999999600 ) ) ;
#6953 = VECTOR ( 'NONE', #5363, 1000.000000000000000 ) ;
#6954 = CARTESIAN_POINT ( 'NONE',  ( 1.145418158205587300, -0.1000000000000000100, 1.098665785637154900 ) ) ;
#6955 = VERTEX_POINT ( 'NONE', #2591 ) ;
#6956 = PLANE ( 'NONE',  #7154 ) ;
#6957 = AXIS2_PLACEMENT_3D ( 'NONE', #1552, #5651, #2139 ) ;
#6958 = VECTOR ( 'NONE', #3185, 1000.000000000000000 ) ;
#6959 = DIRECTION ( 'NONE',  ( 0.0000000000000000000, 0.0000000000000000000, -1.000000000000000000 ) ) ;
#6960 = EDGE_CURVE ( 'NONE', #3111, #7434, #4347, .T. ) ;
#6961 = EDGE_CURVE ( 'NONE', #4441, #6038, #854, .T. ) ;
#6962 = CARTESIAN_POINT ( 'NONE',  ( 1.053594130719925500, 0.0000000000000000000, 1.190489813122816800 ) ) ;
#6963 = ORIENTED_EDGE ( 'NONE', *, *, #6382, .F. ) ;
#6964 = DIRECTION ( 'NONE',  ( -1.000000000000000000, 0.0000000000000000000, 0.0000000000000000000 ) ) ;
#6965 = DIRECTION ( 'NONE',  ( 1.000000000000000000, 0.0000000000000000000, 2.449293598294706400E-016 ) ) ;
#6966 = PRESENTATION_LAYER_ASSIGNMENT (  '', '', ( #547 ) ) ;
#6967 = EDGE_CURVE ( 'NONE', #5876, #7368, #4883, .T. ) ;
#6968 = FILL_AREA_STYLE_COLOUR ( '', #3069 ) ;
#6969 = LINE ( 'NONE', #50, #1297 ) ;
#6970 = ORIENTED_EDGE ( 'NONE', *, *, #2471, .F. ) ;
#6971 = CIRCLE ( 'NONE', #5867, 0.1186968912300025000 ) ;
#6972 = ORIENTED_EDGE ( 'NONE', *, *, #6890, .T. ) ;
#6973 = DIRECTION ( 'NONE',  ( 1.000000000000000000, 0.0000000000000000000, 0.0000000000000000000 ) ) ;
#6974 = CARTESIAN_POINT ( 'NONE',  ( -1.053594130719925500, 0.0000000000000000000, -1.190489813122816800 ) ) ;
#6975 = EDGE_CURVE ( 'NONE', #620, #4451, #7452, .T. ) ;
#6976 = LINE ( 'NONE', #3159, #1853 ) ;
#6977 = PLANE ( 'NONE',  #5743 ) ;
#6978 = DIRECTION ( 'NONE',  ( 1.000000000000000000, -0.0000000000000000000, -0.0000000000000000000 ) ) ;
#6979 = VECTOR ( 'NONE', #1054, 1000.000000000000000 ) ;
#6980 = ORIENTED_EDGE ( 'NONE', *, *, #3181, .F. ) ;
#6981 = DIRECTION ( 'NONE',  ( -0.9977699586006789600, 0.06674660825839352800, 0.0000000000000000000 ) ) ;
#6982 = DIRECTION ( 'NONE',  ( 2.592963218374910500E-032, -1.000000000000000000, -1.092751075564479400E-016 ) ) ;
#6983 = FACE_BOUND ( 'NONE', #6194, .T. ) ;
#6984 = PLANE ( 'NONE',  #1472 ) ;
#6985 = LINE ( 'NONE', #1390, #3850 ) ;
#6986 = EDGE_CURVE ( 'NONE', #4911, #1455, #2763, .T. ) ;
#6987 = VECTOR ( 'NONE', #7242, 1000.000000000000000 ) ;
#6988 = ORIENTED_EDGE ( 'NONE', *, *, #2111, .F. ) ;
#6989 = ORIENTED_EDGE ( 'NONE', *, *, #4961, .T. ) ;
#6990 = AXIS2_PLACEMENT_3D ( 'NONE', #1445, #4457, #1492 ) ;
#6991 = CARTESIAN_POINT ( 'NONE',  ( -1.053594130719925500, -0.1000000000000000100, 1.200000000000000600 ) ) ;
#6992 = LINE ( 'NONE', #4791, #3135 ) ;
#6993 = EDGE_CURVE ( 'NONE', #2246, #4891, #3304, .T. ) ;
#6994 = DIRECTION ( 'NONE',  ( 0.0000000000000000000, 1.000000000000000000, 0.0000000000000000000 ) ) ;
#6995 = ORIENTED_EDGE ( 'NONE', *, *, #6257, .T. ) ;
#6996 = ADVANCED_FACE ( 'NONE', ( #3123 ), #7312, .T. ) ;
#6997 = DIRECTION ( 'NONE',  ( 0.0000000000000000000, 1.000000000000000000, 0.0000000000000000000 ) ) ;
#6998 = ORIENTED_EDGE ( 'NONE', *, *, #7360, .T. ) ;
#6999 = ORIENTED_EDGE ( 'NONE', *, *, #2638, .F. ) ;
#7000 = CARTESIAN_POINT ( 'NONE',  ( 1.145418158205587300, 0.0000000000000000000, -1.190489813122816800 ) ) ;
#7001 = FACE_OUTER_BOUND ( 'NONE', #4389, .T. ) ;
#7002 = EDGE_LOOP ( 'NONE', ( #403, #4704, #6299, #6394 ) ) ;
#7003 = ORIENTED_EDGE ( 'NONE', *, *, #1558, .F. ) ;
#7004 = ORIENTED_EDGE ( 'NONE', *, *, #363, .T. ) ;
#7005 = VECTOR ( 'NONE', #5853, 1000.000000000000000 ) ;
#7006 = ORIENTED_EDGE ( 'NONE', *, *, #7496, .T. ) ;
#7007 = LINE ( 'NONE', #6868, #3875 ) ;
#7008 = CARTESIAN_POINT ( 'NONE',  ( 1.600000000000000100, 0.0000000000000000000, 0.3459031131721502200 ) ) ;
#7009 = AXIS2_PLACEMENT_3D ( 'NONE', #38, #635, #3609 ) ;
#7010 = CARTESIAN_POINT ( 'NONE',  ( 1.500000000000000000, -0.9499999999999999600, 1.052476713040994000 ) ) ;
#7011 = FACE_OUTER_BOUND ( 'NONE', #3171, .T. ) ;
#7012 = EDGE_CURVE ( 'NONE', #3890, #4152, #215, .T. ) ;
#7013 = ORIENTED_EDGE ( 'NONE', *, *, #2476, .T. ) ;
#7014 = DIRECTION ( 'NONE',  ( 1.000000000000000000, 0.0000000000000000000, 0.0000000000000000000 ) ) ;
#7015 = FACE_OUTER_BOUND ( 'NONE', #3392, .T. ) ;
#7016 = ORIENTED_EDGE ( 'NONE', *, *, #520, .F. ) ;
#7017 = ORIENTED_EDGE ( 'NONE', *, *, #493, .T. ) ;
#7018 = DIRECTION ( 'NONE',  ( -1.000000000000000000, -0.0000000000000000000, 0.0000000000000000000 ) ) ;
#7019 = CARTESIAN_POINT ( 'NONE',  ( 1.053594130719925500, 0.0000000000000000000, -1.190489813122816800 ) ) ;
#7020 = EDGE_LOOP ( 'NONE', ( #3719, #2002, #168, #4329, #5635, #6475 ) ) ;
#7021 = AXIS2_PLACEMENT_3D ( 'NONE', #6215, #476, #2131 ) ;
#7022 = DIRECTION ( 'NONE',  ( 0.0000000000000000000, 1.000000000000000000, 0.0000000000000000000 ) ) ;
#7023 = FACE_OUTER_BOUND ( 'NONE', #5453, .T. ) ;
#7024 = DIRECTION ( 'NONE',  ( -6.151150412723322900E-016, -0.0000000000000000000, 1.000000000000000000 ) ) ;
#7025 = EDGE_LOOP ( 'NONE', ( #3667, #6020, #6420, #4665 ) ) ;
#7026 = ORIENTED_EDGE ( 'NONE', *, *, #5323, .T. ) ;
#7027 = DIRECTION ( 'NONE',  ( -1.000000000000000000, -6.327147275692834200E-031, -6.151150412723322900E-016 ) ) ;
#7028 = CARTESIAN_POINT ( 'NONE',  ( -1.760000000000000000, -0.9676716926650675800, 0.2000000000000000100 ) ) ;
#7029 = LINE ( 'NONE', #3813, #4926 ) ;
#7030 = DIRECTION ( 'NONE',  ( -0.06674660825839352800, -0.9977699586006789600, 0.0000000000000000000 ) ) ;
#7031 = ORIENTED_EDGE ( 'NONE', *, *, #5943, .F. ) ;
#7032 = ADVANCED_FACE ( 'NONE', ( #5055 ), #5697, .F. ) ;
#7033 = EDGE_CURVE ( 'NONE', #1363, #3890, #4320, .T. ) ;
#7034 = AXIS2_PLACEMENT_3D ( 'NONE', #4117, #634, #2942 ) ;
#7035 = ADVANCED_FACE ( 'NONE', ( #6893 ), #6182, .F. ) ;
#7036 = VERTEX_POINT ( 'NONE', #4949 ) ;
#7037 = CARTESIAN_POINT ( 'NONE',  ( 1.053594130719925500, -0.1000000000000000100, -1.190489813122816800 ) ) ;
#7038 = DIRECTION ( 'NONE',  ( -0.0000000000000000000, 1.000000000000000000, -0.0000000000000000000 ) ) ;
#7039 = EDGE_CURVE ( 'NONE', #1678, #4540, #5795, .T. ) ;
#7040 = VECTOR ( 'NONE', #6673, 1000.000000000000000 ) ;
#7041 = CARTESIAN_POINT ( 'NONE',  ( -0.7010740004227079500, -0.1000000000000000100, 1.190489813122816500 ) ) ;
#7042 = LINE ( 'NONE', #3279, #5953 ) ;
#7043 = ORIENTED_EDGE ( 'NONE', *, *, #368, .T. ) ;
#7044 = CARTESIAN_POINT ( 'NONE',  ( 0.7010740004227080700, -0.1000000000000000100, -1.250000000000000200 ) ) ;
#7045 = DIRECTION ( 'NONE',  ( 2.449293598294706400E-016, 0.0000000000000000000, 1.000000000000000000 ) ) ;
#7046 = EDGE_LOOP ( 'NONE', ( #6093, #4030, #538, #2190 ) ) ;
#7047 = ORIENTED_EDGE ( 'NONE', *, *, #7599, .T. ) ;
#7048 = EDGE_CURVE ( 'NONE', #2910, #2226, #6623, .T. ) ;
#7049 = CARTESIAN_POINT ( 'NONE',  ( -1.500000000000000200, -0.8800000000000000000, -0.6599999999999997000 ) ) ;
#7050 = EDGE_LOOP ( 'NONE', ( #257, #158, #7245, #41 ) ) ;
#7051 = CARTESIAN_POINT ( 'NONE',  ( 0.0000000000000000000, -0.9676716926650677000, 0.2000000000000000100 ) ) ;
#7052 = LINE ( 'NONE', #4925, #7606 ) ;
#7053 = DIRECTION ( 'NONE',  ( 6.151150412723322900E-016, 3.491481338843133400E-015, 1.000000000000000000 ) ) ;
#7054 = VECTOR ( 'NONE', #6736, 1000.000000000000000 ) ;
#7055 = DIRECTION ( 'NONE',  ( -2.449293598294706400E-016, 0.0000000000000000000, 1.000000000000000000 ) ) ;
#7056 = CARTESIAN_POINT ( 'NONE',  ( -1.145418158205587300, 0.0000000000000000000, -1.190489813122816800 ) ) ;
#7057 = VERTEX_POINT ( 'NONE', #3852 ) ;
#7058 = CARTESIAN_POINT ( 'NONE',  ( -1.590698258056933300, -0.01664109888108249900, -0.3462223609342749400 ) ) ;
#7059 = FACE_OUTER_BOUND ( 'NONE', #7275, .T. ) ;
#7060 = EDGE_LOOP ( 'NONE', ( #6865, #5005, #7099 ) ) ;
#7061 = CARTESIAN_POINT ( 'NONE',  ( 0.0000000000000000000, 0.3500000000000000300, 0.0000000000000000000 ) ) ;
#7062 = DIRECTION ( 'NONE',  ( 0.0000000000000000000, 1.000000000000000000, 0.0000000000000000000 ) ) ;
#7063 = EDGE_CURVE ( 'NONE', #5360, #6944, #4029, .T. ) ;
#7064 = EDGE_CURVE ( 'NONE', #4872, #678, #2751, .T. ) ;
#7065 = CARTESIAN_POINT ( 'NONE',  ( -0.6603828416892074700, -0.1000000000000000100, 1.350000000000000300 ) ) ;
#7066 = FACE_OUTER_BOUND ( 'NONE', #6319, .T. ) ;
#7067 = ORIENTED_EDGE ( 'NONE', *, *, #4814, .T. ) ;
#7068 = CARTESIAN_POINT ( 'NONE',  ( -0.8890101095548963400, -0.5975000926685797300, -1.250000000000002200 ) ) ;
#7069 = AXIS2_PLACEMENT_3D ( 'NONE', #2368, #56, #6484 ) ;
#7070 = FACE_OUTER_BOUND ( 'NONE', #3270, .T. ) ;
#7071 = ORIENTED_EDGE ( 'NONE', *, *, #4125, .T. ) ;
#7072 = ADVANCED_FACE ( 'NONE', ( #297 ), #2076, .T. ) ;
#7073 = CARTESIAN_POINT ( 'NONE',  ( -1.257582580033950400, 0.0000000000000000000, -1.098665785637154900 ) ) ;
#7074 = ORIENTED_EDGE ( 'NONE', *, *, #6924, .T. ) ;
#7075 = CARTESIAN_POINT ( 'NONE',  ( -1.468629210512393500, -0.4381199093104634100, 1.866607263856683100 ) ) ;
#7076 = ADVANCED_FACE ( 'NONE', ( #3212 ), #6721, .T. ) ;
#7077 = VECTOR ( 'NONE', #6459, 999.9999999999998900 ) ;
#7078 = CARTESIAN_POINT ( 'NONE',  ( 1.499999999999999800, 0.0000000000000000000, 0.9138294609943661300 ) ) ;
#7079 = VECTOR ( 'NONE', #606, 1000.000000000000000 ) ;
#7080 = CARTESIAN_POINT ( 'NONE',  ( -1.096148662824762100, -0.1000000000000000100, 1.217574864917437800 ) ) ;
#7081 = DIRECTION ( 'NONE',  ( 0.0000000000000000000, -1.000000000000000000, -3.461396037702078300E-015 ) ) ;
#7082 = VECTOR ( 'NONE', #3080, 1000.000000000000000 ) ;
#7083 = ORIENTED_EDGE ( 'NONE', *, *, #6354, .T. ) ;
#7084 = DIRECTION ( 'NONE',  ( -6.151150412723322900E-016, 0.0000000000000000000, 1.000000000000000000 ) ) ;
#7085 = UNCERTAINTY_MEASURE_WITH_UNIT (LENGTH_MEASURE( 1.000000000000000100E-005 ), #5622, 'distance_accuracy_value', 'NONE');
#7086 = CARTESIAN_POINT ( 'NONE',  ( 1.590386253528089300, -0.01625445209887646900, -0.3459031131721494500 ) ) ;
#7087 = CARTESIAN_POINT ( 'NONE',  ( 1.095778389361269400, -0.1000000000000000100, 1.250000000000000400 ) ) ;
#7088 = LINE ( 'NONE', #7375, #302 ) ;
#7089 = ORIENTED_EDGE ( 'NONE', *, *, #3654, .F. ) ;
#7090 = CYLINDRICAL_SURFACE ( 'NONE', #2911, 0.1499999999999999700 ) ;
#7091 = ORIENTED_EDGE ( 'NONE', *, *, #140, .F. ) ;
#7092 = ORIENTED_EDGE ( 'NONE', *, *, #3856, .T. ) ;
#7093 = CARTESIAN_POINT ( 'NONE',  ( -1.096148662824762300, -0.4381199093104634600, -1.217574864917437600 ) ) ;
#7094 = CARTESIAN_POINT ( 'NONE',  ( 0.8890101095548962300, -0.5975000926685795100, 1.350000000000002300 ) ) ;
#7095 = SURFACE_STYLE_FILL_AREA ( #487 ) ;
#7096 = ORIENTED_EDGE ( 'NONE', *, *, #1698, .F. ) ;
#7097 = DIRECTION ( 'NONE',  ( -1.000000000000000000, -0.0000000000000000000, -0.0000000000000000000 ) ) ;
#7098 = EDGE_CURVE ( 'NONE', #2864, #2393, #4966, .T. ) ;
#7099 = ORIENTED_EDGE ( 'NONE', *, *, #6139, .F. ) ;
#7100 = DIRECTION ( 'NONE',  ( -0.0000000000000000000, 0.0000000000000000000, 1.000000000000000000 ) ) ;
#7101 = VERTEX_POINT ( 'NONE', #6231 ) ;
#7102 = PLANE ( 'NONE',  #4571 ) ;
#7103 = CARTESIAN_POINT ( 'NONE',  ( -1.500000000000000200, -0.8800000000000000000, -0.9999999999999995600 ) ) ;
#7104 = EDGE_CURVE ( 'NONE', #3898, #5333, #6793, .T. ) ;
#7105 = FACE_OUTER_BOUND ( 'NONE', #1681, .T. ) ;
#7106 = DIRECTION ( 'NONE',  ( -0.0000000000000000000, -0.0000000000000000000, -1.000000000000000000 ) ) ;
#7107 = ORIENTED_EDGE ( 'NONE', *, *, #2369, .F. ) ;
#7108 = CARTESIAN_POINT ( 'NONE',  ( 1.600000000000000100, -0.1000000000000000100, 0.4459031131721502000 ) ) ;
#7109 = LINE ( 'NONE', #1643, #5540 ) ;
#7110 = CARTESIAN_POINT ( 'NONE',  ( -1.590386253528089300, -0.01625445209887646900, 0.3459031131721502200 ) ) ;
#7111 = CARTESIAN_POINT ( 'NONE',  ( 0.8890101095548962300, -0.7854362018007679000, -1.350000000000003000 ) ) ;
#7112 = DIRECTION ( 'NONE',  ( 0.0000000000000000000, 0.0000000000000000000, -1.000000000000000000 ) ) ;
#7113 = FACE_OUTER_BOUND ( 'NONE', #6312, .T. ) ;
#7114 = AXIS2_PLACEMENT_3D ( 'NONE', #2157, #3228, #6795 ) ;
#7115 = DIRECTION ( 'NONE',  ( -0.9606938009292362900, -0.2776101958792883100, -1.560208025393783100E-015 ) ) ;
#7116 = CARTESIAN_POINT ( 'NONE',  ( 1.526008717353241100, -0.0004479103374829559500, -0.3778416262797831800 ) ) ;
#7117 = LINE ( 'NONE', #111, #3972 ) ;
#7118 = EDGE_CURVE ( 'NONE', #6719, #5646, #1201, .T. ) ;
#7119 = PLANE ( 'NONE',  #73 ) ;
#7120 = ADVANCED_FACE ( 'NONE', ( #570 ), #7438, .F. ) ;
#7121 = ADVANCED_FACE ( 'NONE', ( #5046 ), #4428, .F. ) ;
#7122 = CARTESIAN_POINT ( 'NONE',  ( 0.3514106528891460800, -0.1000000000000000100, -1.350000000000000300 ) ) ;
#7123 = CARTESIAN_POINT ( 'NONE',  ( 1.500000000000000000, -0.1000000000000000100, 1.052476713040994000 ) ) ;
#7124 = ORIENTED_EDGE ( 'NONE', *, *, #2369, .T. ) ;
#7125 = CYLINDRICAL_SURFACE ( 'NONE', #3165, 0.1186968912300025000 ) ;
#7126 = EDGE_LOOP ( 'NONE', ( #4078, #7459, #3554, #7203, #1348 ) ) ;
#7127 = DIRECTION ( 'NONE',  ( 0.0000000000000000000, 0.0000000000000000000, -1.000000000000000000 ) ) ;
#7128 = ORIENTED_EDGE ( 'NONE', *, *, #6717, .T. ) ;
#7129 = DIRECTION ( 'NONE',  ( 0.7071067811865473500, 0.0000000000000000000, 0.7071067811865477900 ) ) ;
#7130 = DIRECTION ( 'NONE',  ( 1.000000000000000000, 2.147662687844072100E-030, 6.151150412723322900E-016 ) ) ;
#7131 = VERTEX_POINT ( 'NONE', #4479 ) ;
#7132 = CARTESIAN_POINT ( 'NONE',  ( -1.447527658732871800, -0.5310819161150366300, -1.350000000000002500 ) ) ;
#7133 = ORIENTED_EDGE ( 'NONE', *, *, #1171, .F. ) ;
#7134 = CARTESIAN_POINT ( 'NONE',  ( 0.9497672376091737000, -0.3872448601504325800, 1.350000000000001600 ) ) ;
#7135 = CARTESIAN_POINT ( 'NONE',  ( -0.3514106528891460800, 0.0000000000000000000, -1.350000000000000300 ) ) ;
#7136 = EDGE_CURVE ( 'NONE', #4138, #3162, #1111, .T. ) ;
#7137 = EDGE_LOOP ( 'NONE', ( #6833, #428, #7588, #3361 ) ) ;
#7138 = AXIS2_PLACEMENT_3D ( 'NONE', #6707, #278, #4959 ) ;
#7139 = CARTESIAN_POINT ( 'NONE',  ( 1.565010397521423300, -0.09999999999999989500, -0.3459031131721495600 ) ) ;
#7140 = LINE ( 'NONE', #6384, #5116 ) ;
#7141 = DIRECTION ( 'NONE',  ( 1.000000000000000000, 0.0000000000000000000, 0.0000000000000000000 ) ) ;
#7142 = VECTOR ( 'NONE', #5864, 1000.000000000000000 ) ;
#7143 = ORIENTED_EDGE ( 'NONE', *, *, #4378, .F. ) ;
#7144 = CARTESIAN_POINT ( 'NONE',  ( -1.500000000000000200, -0.9499999999999999600, -0.9999999999999995600 ) ) ;
#7145 = EDGE_LOOP ( 'NONE', ( #3125, #900, #2915, #1501 ) ) ;
#7146 = CARTESIAN_POINT ( 'NONE',  ( 1.511371717397266700, -0.09999999999999989500, -0.3459031131721495000 ) ) ;
#7147 = ORIENTED_EDGE ( 'NONE', *, *, #6512, .F. ) ;
#7148 = EDGE_LOOP ( 'NONE', ( #273, #2773, #1217, #3007 ) ) ;
#7149 = ORIENTED_EDGE ( 'NONE', *, *, #1313, .F. ) ;
#7150 = FACE_OUTER_BOUND ( 'NONE', #5062, .T. ) ;
#7151 = DIRECTION ( 'NONE',  ( 0.0000000000000000000, -1.000000000000000000, 5.165768915825848000E-015 ) ) ;
#7152 = EDGE_CURVE ( 'NONE', #5621, #6258, #4493, .T. ) ;
#7153 = VECTOR ( 'NONE', #2846, 1000.000000000000000 ) ;
#7154 = AXIS2_PLACEMENT_3D ( 'NONE', #7612, #5856, #6448 ) ;
#7155 = LINE ( 'NONE', #5926, #5577 ) ;
#7156 = CARTESIAN_POINT ( 'NONE',  ( 1.450000000000000200, -1.000000000000000000, 0.6653012290366859800 ) ) ;
#7157 = EDGE_CURVE ( 'NONE', #2201, #6671, #1308, .T. ) ;
#7158 = PLANE ( 'NONE',  #557 ) ;
#7159 = ORIENTED_EDGE ( 'NONE', *, *, #4952, .T. ) ;
#7160 = CARTESIAN_POINT ( 'NONE',  ( -1.600000000000000100, -0.1000000000000000100, 0.4459031131721502000 ) ) ;
#7161 = LINE ( 'NONE', #3236, #7333 ) ;
#7162 = DIRECTION ( 'NONE',  ( 0.06674660825839352800, -0.9977699586006789600, 0.0000000000000000000 ) ) ;
#7163 = DIRECTION ( 'NONE',  ( 0.0000000000000000000, -1.000000000000000000, 3.689761013415303100E-015 ) ) ;
#7164 = VECTOR ( 'NONE', #6203, 1000.000000000000000 ) ;
#7165 = ORIENTED_EDGE ( 'NONE', *, *, #2425, .F. ) ;
#7166 = ADVANCED_FACE ( 'NONE', ( #3398 ), #1665, .T. ) ;
#7167 = DIRECTION ( 'NONE',  ( 0.0000000000000000000, 1.000000000000000000, 0.0000000000000000000 ) ) ;
#7168 = DIRECTION ( 'NONE',  ( -0.0000000000000000000, -1.000000000000000000, -0.0000000000000000000 ) ) ;
#7169 = LINE ( 'NONE', #5269, #5418 ) ;
#7170 = VERTEX_POINT ( 'NONE', #2225 ) ;
#7171 = ORIENTED_EDGE ( 'NONE', *, *, #2072, .F. ) ;
#7172 = AXIS2_PLACEMENT_3D ( 'NONE', #1323, #5417, #1906 ) ;
#7173 = CYLINDRICAL_SURFACE ( 'NONE', #694, 0.09660794106948976400 ) ;
#7174 = CARTESIAN_POINT ( 'NONE',  ( -1.198516098867771200, -0.4809284779894623100, 1.350000000000002100 ) ) ;
#7175 = EDGE_CURVE ( 'NONE', #3521, #1268, #754, .T. ) ;
#7176 = VECTOR ( 'NONE', #6431, 1000.000000000000000 ) ;
#7177 = VERTEX_POINT ( 'NONE', #3320 ) ;
#7178 = DIRECTION ( 'NONE',  ( 0.0000000000000000000, -1.000000000000000000, 3.491481338843133400E-015 ) ) ;
#7179 = CARTESIAN_POINT ( 'NONE',  ( -1.198516098867771200, -0.4809284779894623100, -1.350000000000002100 ) ) ;
#7180 = LINE ( 'NONE', #6863, #4691 ) ;
#7181 = AXIS2_PLACEMENT_3D ( 'NONE', #6821, #3378, #452 ) ;
#7182 = CARTESIAN_POINT ( 'NONE',  ( 1.707541214618736300, -0.1834850278464349400, 0.3007403121398641300 ) ) ;
#7183 = LINE ( 'NONE', #708, #5436 ) ;
#7184 = CARTESIAN_POINT ( 'NONE',  ( -1.766200667084217200, -0.5900400513188783800, 1.052476713040994000 ) ) ;
#7185 = VECTOR ( 'NONE', #3639, 1000.000000000000000 ) ;
#7186 = ORIENTED_EDGE ( 'NONE', *, *, #3397, .T. ) ;
#7187 = VERTEX_POINT ( 'NONE', #2815 ) ;
#7188 = DIRECTION ( 'NONE',  ( 0.0000000000000000000, -1.000000000000000000, -5.165768915825848000E-015 ) ) ;
#7189 = VECTOR ( 'NONE', #3671, 1000.000000000000000 ) ;
#7190 = CARTESIAN_POINT ( 'NONE',  ( 0.0000000000000000000, -1.000000000000000000, 0.0000000000000000000 ) ) ;
#7191 = ORIENTED_EDGE ( 'NONE', *, *, #1582, .F. ) ;
#7192 = ORIENTED_EDGE ( 'NONE', *, *, #7492, .F. ) ;
#7193 = ORIENTED_EDGE ( 'NONE', *, *, #5586, .F. ) ;
#7194 = AXIS2_PLACEMENT_3D ( 'NONE', #6269, #3917, #482 ) ;
#7195 = VECTOR ( 'NONE', #7407, 1000.000000000000000 ) ;
#7196 = ORIENTED_EDGE ( 'NONE', *, *, #1671, .T. ) ;
#7197 = ORIENTED_EDGE ( 'NONE', *, *, #76, .T. ) ;
#7198 = ORIENTED_EDGE ( 'NONE', *, *, #7244, .F. ) ;
#7199 = ADVANCED_FACE ( 'NONE', ( #4875 ), #6919, .F. ) ;
#7200 = CARTESIAN_POINT ( 'NONE',  ( -1.376510721059179600, -0.1000000000000000100, -0.9733463376187478900 ) ) ;
#7201 = EDGE_CURVE ( 'NONE', #7385, #3598, #5430, .T. ) ;
#7202 = FACE_OUTER_BOUND ( 'NONE', #6522, .T. ) ;
#7203 = ORIENTED_EDGE ( 'NONE', *, *, #3784, .T. ) ;
#7204 = DIRECTION ( 'NONE',  ( 0.0000000000000000000, 0.0000000000000000000, -1.000000000000000000 ) ) ;
#7205 = EDGE_CURVE ( 'NONE', #3690, #1835, #2484, .T. ) ;
#7206 = FACE_OUTER_BOUND ( 'NONE', #7221, .T. ) ;
#7207 = CARTESIAN_POINT ( 'NONE',  ( -0.9500000000000000700, -1.000000000000000000, 1.165301229036686000 ) ) ;
#7208 = DIRECTION ( 'NONE',  ( 0.0000000000000000000, 0.0000000000000000000, 1.000000000000000000 ) ) ;
#7209 = CARTESIAN_POINT ( 'NONE',  ( -1.750000000000000000, -0.8800000000000000000, 0.6600000000000000300 ) ) ;
#7210 = EDGE_LOOP ( 'NONE', ( #1591, #10, #5655, #5154 ) ) ;
#7211 = DIRECTION ( 'NONE',  ( -2.592963218374910500E-032, -1.000000000000000000, -1.092751075564479400E-016 ) ) ;
#7212 = LINE ( 'NONE', #2700, #887 ) ;
#7213 = VERTEX_POINT ( 'NONE', #2178 ) ;
#7214 = CARTESIAN_POINT ( 'NONE',  ( 0.0000000000000000000, -0.9499999999999999600, -1.300000000000000300 ) ) ;
#7215 = ORIENTED_EDGE ( 'NONE', *, *, #3918, .F. ) ;
#7216 = DIRECTION ( 'NONE',  ( 2.449293598294706400E-016, 0.0000000000000000000, -1.000000000000000000 ) ) ;
#7217 = EDGE_CURVE ( 'NONE', #4748, #1373, #5878, .T. ) ;
#7218 = VERTEX_POINT ( 'NONE', #466 ) ;
#7219 = EDGE_CURVE ( 'NONE', #6413, #3162, #207, .T. ) ;
#7220 = VECTOR ( 'NONE', #6978, 1000.000000000000000 ) ;
#7221 = EDGE_LOOP ( 'NONE', ( #5662, #4569, #550, #2373 ) ) ;
#7222 = EDGE_LOOP ( 'NONE', ( #978, #4834, #816, #4951 ) ) ;
#7223 = ORIENTED_EDGE ( 'NONE', *, *, #997, .T. ) ;
#7224 = AXIS2_PLACEMENT_3D ( 'NONE', #6683, #1500, #6111 ) ;
#7225 = VECTOR ( 'NONE', #6361, 1000.000000000000000 ) ;
#7226 = ORIENTED_EDGE ( 'NONE', *, *, #1466, .F. ) ;
#7227 = CARTESIAN_POINT ( 'NONE',  ( -1.053594130719925500, -0.4810162188969695500, -1.350000000000001900 ) ) ;
#7228 = ORIENTED_EDGE ( 'NONE', *, *, #7064, .F. ) ;
#7229 = DIRECTION ( 'NONE',  ( -1.000000000000000000, 0.0000000000000000000, -0.0000000000000000000 ) ) ;
#7230 = LINE ( 'NONE', #4324, #5017 ) ;
#7231 = CARTESIAN_POINT ( 'NONE',  ( 1.500000000000000000, -0.9499999999999999600, 1.000000000000000000 ) ) ;
#7232 = LINE ( 'NONE', #3256, #1727 ) ;
#7233 = VERTEX_POINT ( 'NONE', #2710 ) ;
#7234 = DIRECTION ( 'NONE',  ( 6.151150412723322900E-016, -3.491481338843133400E-015, 1.000000000000000000 ) ) ;
#7235 = ADVANCED_FACE ( 'NONE', ( #3298 ), #2149, .F. ) ;
#7236 = CARTESIAN_POINT ( 'NONE',  ( 0.9500000000000000700, -0.9499999999999999600, 1.165301229036686000 ) ) ;
#7237 = AXIS2_PLACEMENT_3D ( 'NONE', #3969, #6852, #5671 ) ;
#7238 = DIRECTION ( 'NONE',  ( 1.000000000000000000, 0.0000000000000000000, 2.449293598294706400E-016 ) ) ;
#7239 = DIRECTION ( 'NONE',  ( 2.095348492642633400E-016, 0.5178177716736868100, -0.8554909440425992900 ) ) ;
#7240 = ORIENTED_EDGE ( 'NONE', *, *, #2490, .T. ) ;
#7241 = CARTESIAN_POINT ( 'NONE',  ( 0.7010740004227078400, -0.5975000926685796200, 1.350000000000002100 ) ) ;
#7242 = DIRECTION ( 'NONE',  ( -1.000000000000000000, 2.147662687844072100E-030, -6.151150412723322900E-016 ) ) ;
#7243 = LINE ( 'NONE', #847, #6603 ) ;
#7244 = EDGE_CURVE ( 'NONE', #7434, #7402, #1666, .T. ) ;
#7245 = ORIENTED_EDGE ( 'NONE', *, *, #2447, .F. ) ;
#7246 = EDGE_CURVE ( 'NONE', #2851, #2797, #6432, .T. ) ;
#7247 = DIRECTION ( 'NONE',  ( -0.0000000000000000000, -0.0000000000000000000, -1.000000000000000000 ) ) ;
#7248 = PRESENTATION_STYLE_ASSIGNMENT (( #2279 ) ) ;
#7249 = ORIENTED_EDGE ( 'NONE', *, *, #182, .F. ) ;
#7250 = CARTESIAN_POINT ( 'NONE',  ( 1.310011812126306500, -0.4913441754571611900, 1.350000000000002100 ) ) ;
#7251 = PLANE ( 'NONE',  #5100 ) ;
#7252 = DIRECTION ( 'NONE',  ( 2.449293598294706400E-016, 0.0000000000000000000, 1.000000000000000000 ) ) ;
#7253 = AXIS2_PLACEMENT_3D ( 'NONE', #1822, #2984, #7100 ) ;
#7254 = CARTESIAN_POINT ( 'NONE',  ( -1.096148662824762100, -0.4381199093104634100, 1.303465212886776500 ) ) ;
#7255 = CIRCLE ( 'NONE', #4213, 0.05951687662438182700 ) ;
#7256 = EDGE_LOOP ( 'NONE', ( #1767, #6109, #208, #1248 ) ) ;
#7257 = DIRECTION ( 'NONE',  ( 0.0000000000000000000, -1.000000000000000000, -3.689761013415303100E-015 ) ) ;
#7258 = EDGE_CURVE ( 'NONE', #4520, #6038, #1485, .T. ) ;
#7259 = DIRECTION ( 'NONE',  ( -0.05238247302969425300, 0.9986270958267120500, -1.283000558544752400E-017 ) ) ;
#7260 = VECTOR ( 'NONE', #6994, 1000.000000000000000 ) ;
#7261 = VERTEX_POINT ( 'NONE', #3981 ) ;
#7262 = CARTESIAN_POINT ( 'NONE',  ( -1.499999999999999800, 0.0000000000000000000, -0.9138294609943661300 ) ) ;
#7263 = ORIENTED_EDGE ( 'NONE', *, *, #951, .F. ) ;
#7264 = VERTEX_POINT ( 'NONE', #7546 ) ;
#7265 = VECTOR ( 'NONE', #2837, 1000.000000000000000 ) ;
#7266 = DIRECTION ( 'NONE',  ( 0.0000000000000000000, 0.0000000000000000000, -1.000000000000000000 ) ) ;
#7267 = CIRCLE ( 'NONE', #1636, 0.09999999999999999200 ) ;
#7268 = EDGE_LOOP ( 'NONE', ( #7249, #1892, #6171, #7263 ) ) ;
#7269 = ADVANCED_FACE ( 'NONE', ( #3672 ), #7622, .F. ) ;
#7270 = CARTESIAN_POINT ( 'NONE',  ( -1.450893303781768400, -0.2000000000000004300, -1.349999999999999900 ) ) ;
#7271 = EDGE_CURVE ( 'NONE', #2960, #789, #1757, .T. ) ;
#7272 = VECTOR ( 'NONE', #6609, 1000.000000000000100 ) ;
#7273 = ORIENTED_EDGE ( 'NONE', *, *, #2319, .F. ) ;
#7274 = CARTESIAN_POINT ( 'NONE',  ( 1.053594130719925500, -0.4810162188969695500, 1.350000000000001900 ) ) ;
#7275 = EDGE_LOOP ( 'NONE', ( #4986, #5895, #2511, #4299 ) ) ;
#7276 = VECTOR ( 'NONE', #4626, 1000.000000000000000 ) ;
#7277 = VERTEX_POINT ( 'NONE', #1101 ) ;
#7278 = CARTESIAN_POINT ( 'NONE',  ( -1.145418158205587300, 0.0000000000000000000, -1.098665785637154900 ) ) ;
#7279 = ORIENTED_EDGE ( 'NONE', *, *, #6423, .F. ) ;
#7280 = CARTESIAN_POINT ( 'NONE',  ( 1.511371717397266700, -0.1966079410694897000, 0.4000000000000000200 ) ) ;
#7281 = EDGE_CURVE ( 'NONE', #2226, #2594, #6344, .T. ) ;
#7282 = MECHANICAL_DESIGN_GEOMETRIC_PRESENTATION_REPRESENTATION (  '', ( #2256 ), #5799 ) ;
#7283 = FACE_OUTER_BOUND ( 'NONE', #2532, .T. ) ;
#7284 = ORIENTED_EDGE ( 'NONE', *, *, #2978, .T. ) ;
#7285 = DIRECTION ( 'NONE',  ( -1.000000000000000000, 0.0000000000000000000, 0.0000000000000000000 ) ) ;
#7286 = ORIENTED_EDGE ( 'NONE', *, *, #5377, .T. ) ;
#7287 = DIRECTION ( 'NONE',  ( -0.0000000000000000000, -0.0000000000000000000, -1.000000000000000000 ) ) ;
#7288 = CARTESIAN_POINT ( 'NONE',  ( 1.198516098867771200, -0.4809284779894623100, 1.350000000000002100 ) ) ;
#7289 = VECTOR ( 'NONE', #1233, 1000.000000000000000 ) ;
#7290 = EDGE_CURVE ( 'NONE', #611, #5828, #5986, .T. ) ;
#7291 = CARTESIAN_POINT ( 'NONE',  ( 1.096148662824762100, 0.0000000000000000000, 2.684789902635992100E-016 ) ) ;
#7292 = EDGE_LOOP ( 'NONE', ( #6425, #4384, #7320, #5611, #1147, #2038, #2681, #4884 ) ) ;
#7293 = AXIS2_PLACEMENT_3D ( 'NONE', #6548, #6438, #6469 ) ;
#7294 = LINE ( 'NONE', #1557, #3792 ) ;
#7295 = DIRECTION ( 'NONE',  ( -6.151150412723322900E-016, -3.491481338843133400E-015, 1.000000000000000000 ) ) ;
#7296 = LINE ( 'NONE', #2119, #3970 ) ;
#7297 = CARTESIAN_POINT ( 'NONE',  ( 0.6603828416892078000, -0.1000000000000000100, -1.350000000000000100 ) ) ;
#7298 = FACE_OUTER_BOUND ( 'NONE', #3399, .T. ) ;
#7299 = EDGE_CURVE ( 'NONE', #7261, #4341, #5788, .T. ) ;
#7300 = AXIS2_PLACEMENT_3D ( 'NONE', #5918, #1228, #3046 ) ;
#7301 = FILL_AREA_STYLE_COLOUR ( '', #3915 ) ;
#7303 = ORIENTED_EDGE ( 'NONE', *, *, #4983, .T. ) ;
#7302 = DIRECTION ( 'NONE',  ( 0.0000000000000000000, 0.0000000000000000000, -1.000000000000000000 ) ) ;
#7304 = FACE_OUTER_BOUND ( 'NONE', #7488, .T. ) ;
#7305 = CARTESIAN_POINT ( 'NONE',  ( -1.707541214618736300, -0.1834850278464349400, -0.3007403121398641300 ) ) ;
#7306 = EDGE_LOOP ( 'NONE', ( #5132, #126, #7471, #4474, #7580 ) ) ;
#7307 = ORIENTED_EDGE ( 'NONE', *, *, #100, .F. ) ;
#7308 = ADVANCED_FACE ( 'NONE', ( #7354 ), #3447, .F. ) ;
#7309 = DIRECTION ( 'NONE',  ( 1.017843322198098500E-031, -1.000000000000000000, -3.491481338843133400E-015 ) ) ;
#7310 = LINE ( 'NONE', #6899, #4544 ) ;
#7311 = ORIENTED_EDGE ( 'NONE', *, *, #3975, .T. ) ;
#7312 = PLANE ( 'NONE',  #5663 ) ;
#7313 = VERTEX_POINT ( 'NONE', #1178 ) ;
#7314 = EDGE_CURVE ( 'NONE', #5079, #866, #5597, .T. ) ;
#7315 = EDGE_CURVE ( 'NONE', #2727, #4896, #2667, .T. ) ;
#7316 = LINE ( 'NONE', #1049, #3743 ) ;
#7317 = FACE_OUTER_BOUND ( 'NONE', #5431, .T. ) ;
#7318 = VERTEX_POINT ( 'NONE', #6940 ) ;
#7319 = DIRECTION ( 'NONE',  ( -1.000000000000000000, 2.147662687844072100E-030, -6.151150412723322900E-016 ) ) ;
#7320 = ORIENTED_EDGE ( 'NONE', *, *, #1495, .T. ) ;
#7321 = ORIENTED_EDGE ( 'NONE', *, *, #1354, .F. ) ;
#7322 = ORIENTED_EDGE ( 'NONE', *, *, #4333, .T. ) ;
#7323 = DIRECTION ( 'NONE',  ( -0.6240571255993386800, 0.0000000000000000000, -0.7813787199487143300 ) ) ;
#7324 = LINE ( 'NONE', #1259, #6219 ) ;
#7325 = FACE_OUTER_BOUND ( 'NONE', #6515, .T. ) ;
#7326 = CARTESIAN_POINT ( 'NONE',  ( 1.500000000000000000, -0.8800000000000000000, 1.000000000000000000 ) ) ;
#7327 = VECTOR ( 'NONE', #4155, 1000.000000000000000 ) ;
#7328 = APPLICATION_PROTOCOL_DEFINITION ( 'draft international standard', 'automotive_design', 1998, #329 ) ;
#7329 = CARTESIAN_POINT ( 'NONE',  ( -0.6603828416892078000, -0.9499999999999999600, -1.350000000000000100 ) ) ;
#7330 = VERTEX_POINT ( 'NONE', #626 ) ;
#7331 = DIRECTION ( 'NONE',  ( 1.000000000000000000, 0.0000000000000000000, 6.151150412723322900E-016 ) ) ;
#7332 = DIRECTION ( 'NONE',  ( -0.6240571255993386800, 0.0000000000000000000, 0.7813787199487143300 ) ) ;
#7333 = VECTOR ( 'NONE', #4363, 1000.000000000000000 ) ;
#7334 = DIRECTION ( 'NONE',  ( 0.0000000000000000000, 1.000000000000000000, 0.0000000000000000000 ) ) ;
#7335 = DIRECTION ( 'NONE',  ( 0.0000000000000000000, -1.000000000000000000, 3.689761013415303100E-015 ) ) ;
#7336 = CARTESIAN_POINT ( 'NONE',  ( -1.053594130719925500, -0.1000000000000000500, -1.200000000000000600 ) ) ;
#7337 = LINE ( 'NONE', #5321, #3878 ) ;
#7338 = ORIENTED_EDGE ( 'NONE', *, *, #5955, .T. ) ;
#7339 = CARTESIAN_POINT ( 'NONE',  ( 1.181336235645685100, -0.5192282339237753700, -1.350000000000002300 ) ) ;
#7340 = EDGE_CURVE ( 'NONE', #5851, #6045, #3476, .T. ) ;
#7341 = CARTESIAN_POINT ( 'NONE',  ( -0.7010740004227079500, 0.0000000000000000000, -1.350000000000000300 ) ) ;
#7342 = AXIS2_PLACEMENT_3D ( 'NONE', #4317, #991, #6241 ) ;
#7343 = CARTESIAN_POINT ( 'NONE',  ( -0.8890101095548962300, -0.4810162188969695500, -1.350000000000001900 ) ) ;
#7344 = ADVANCED_FACE ( 'NONE', ( #1565 ), #4609, .T. ) ;
#7345 = LINE ( 'NONE', #231, #5776 ) ;
#7346 = ORIENTED_EDGE ( 'NONE', *, *, #872, .T. ) ;
#7347 = DIRECTION ( 'NONE',  ( 0.0000000000000000000, 1.000000000000000000, 0.0000000000000000000 ) ) ;
#7348 = LINE ( 'NONE', #4085, #108 ) ;
#7349 = EDGE_LOOP ( 'NONE', ( #6455, #5975, #546, #5923 ) ) ;
#7350 = CARTESIAN_POINT ( 'NONE',  ( 0.6603828416892078000, -0.9499999999999999600, -1.350000000000000100 ) ) ;
#7351 = CYLINDRICAL_SURFACE ( 'NONE', #1961, 0.04197641010088331400 ) ;
#7352 = LINE ( 'NONE', #5268, #117 ) ;
#7353 = DIRECTION ( 'NONE',  ( 2.449293598294706400E-016, 0.0000000000000000000, -1.000000000000000000 ) ) ;
#7354 = FACE_OUTER_BOUND ( 'NONE', #3739, .T. ) ;
#7355 = ORIENTED_EDGE ( 'NONE', *, *, #109, .T. ) ;
#7356 = AXIS2_PLACEMENT_3D ( 'NONE', #422, #931, #5612 ) ;
#7357 = CARTESIAN_POINT ( 'NONE',  ( -0.8890101095548962300, -0.7854362018007680100, -1.350000000000003000 ) ) ;
#7358 = CARTESIAN_POINT ( 'NONE',  ( 1.500000000000000000, -0.1000000000000000100, -1.836970198721030200E-016 ) ) ;
#7359 = VECTOR ( 'NONE', #5694, 1000.000000000000000 ) ;
#7360 = EDGE_CURVE ( 'NONE', #6631, #2226, #2114, .T. ) ;
#7361 = CARTESIAN_POINT ( 'NONE',  ( 1.096148662824762100, -0.4381199093104634600, 1.217574864917437800 ) ) ;
#7362 = DIRECTION ( 'NONE',  ( -0.06674660825839379100, -0.9977699586006789600, 0.0000000000000000000 ) ) ;
#7363 = EDGE_CURVE ( 'NONE', #5802, #6149, #13, .T. ) ;
#7364 = DIRECTION ( 'NONE',  ( -0.0000000000000000000, 0.0000000000000000000, -1.000000000000000000 ) ) ;
#7365 = FACE_OUTER_BOUND ( 'NONE', #528, .T. ) ;
#7366 = LINE ( 'NONE', #1303, #3588 ) ;
#7367 = ORIENTED_EDGE ( 'NONE', *, *, #4207, .T. ) ;
#7368 = VERTEX_POINT ( 'NONE', #1694 ) ;
#7369 = CARTESIAN_POINT ( 'NONE',  ( 0.7010740004227081800, -0.1000000000000000500, 1.200000000000000600 ) ) ;
#7370 = VECTOR ( 'NONE', #3418, 1000.000000000000000 ) ;
#7371 = AXIS2_PLACEMENT_3D ( 'NONE', #3395, #1075, #3977 ) ;
#7372 = VERTEX_POINT ( 'NONE', #5866 ) ;
#7373 = CARTESIAN_POINT ( 'NONE',  ( 1.316993844434797700, 0.0000000000000000000, -0.9733463376187478900 ) ) ;
#7374 = ORIENTED_EDGE ( 'NONE', *, *, #6179, .T. ) ;
#7375 = CARTESIAN_POINT ( 'NONE',  ( -1.500000000000000200, -0.1000000000000000100, -1.052476713040993600 ) ) ;
#7376 = LINE ( 'NONE', #7431, #500 ) ;
#7377 = ORIENTED_EDGE ( 'NONE', *, *, #2603, .F. ) ;
#7378 = DIRECTION ( 'NONE',  ( -0.0000000000000000000, -1.000000000000000000, 0.0000000000000000000 ) ) ;
#7379 = EDGE_CURVE ( 'NONE', #7277, #3544, #2293, .T. ) ;
#7380 = AXIS2_PLACEMENT_3D ( 'NONE', #1742, #4051, #1633 ) ;
#7381 = CARTESIAN_POINT ( 'NONE',  ( 1.499999999999999800, -0.1000000000000000100, 0.9138294609943661300 ) ) ;
#7382 = LINE ( 'NONE', #3604, #4256 ) ;
#7383 = ADVANCED_FACE ( 'NONE', ( #5225 ), #1720, .F. ) ;
#7384 = EDGE_CURVE ( 'NONE', #4618, #1364, #7348, .T. ) ;
#7385 = VERTEX_POINT ( 'NONE', #3468 ) ;
#7386 = CARTESIAN_POINT ( 'NONE',  ( 1.500000000000000000, -0.8800000000000000000, 0.6600000000000000300 ) ) ;
#7387 = DIRECTION ( 'NONE',  ( 0.0000000000000000000, 0.0000000000000000000, -1.000000000000000000 ) ) ;
#7388 = EDGE_CURVE ( 'NONE', #5539, #2508, #3839, .T. ) ;
#7389 = DIRECTION ( 'NONE',  ( 2.449293598294706400E-016, -0.0000000000000000000, 1.000000000000000000 ) ) ;
#7390 = CARTESIAN_POINT ( 'NONE',  ( -1.096148662824762100, -0.9499999999999999600, 1.217574864917437800 ) ) ;
#7391 = ORIENTED_EDGE ( 'NONE', *, *, #3441, .T. ) ;
#7392 = EDGE_CURVE ( 'NONE', #7402, #3907, #3472, .T. ) ;
#7393 = VECTOR ( 'NONE', #1616, 1000.000000000000000 ) ;
#7394 = ORIENTED_EDGE ( 'NONE', *, *, #5200, .F. ) ;
#7395 = EDGE_LOOP ( 'NONE', ( #2494, #3058, #686, #1532, #3572, #6817 ) ) ;
#7396 = DIRECTION ( 'NONE',  ( -1.000000000000000000, 0.0000000000000000000, 0.0000000000000000000 ) ) ;
#7397 = ORIENTED_EDGE ( 'NONE', *, *, #1281, .F. ) ;
#7398 = CARTESIAN_POINT ( 'NONE',  ( -0.6160084377254027000, -0.9462283102242968800, -1.350000000000000100 ) ) ;
#7399 = LINE ( 'NONE', #5972, #1434 ) ;
#7400 = ORIENTED_EDGE ( 'NONE', *, *, #4360, .T. ) ;
#7401 = ORIENTED_EDGE ( 'NONE', *, *, #7466, .F. ) ;
#7402 = VERTEX_POINT ( 'NONE', #4249 ) ;
#7403 = DIRECTION ( 'NONE',  ( 0.0000000000000000000, 0.0000000000000000000, -1.000000000000000000 ) ) ;
#7404 = DIRECTION ( 'NONE',  ( 0.0000000000000000000, 0.0000000000000000000, -1.000000000000000000 ) ) ;
#7405 = FACE_OUTER_BOUND ( 'NONE', #1609, .T. ) ;
#7406 = ORIENTED_EDGE ( 'NONE', *, *, #508, .T. ) ;
#7407 = DIRECTION ( 'NONE',  ( 1.000000000000000000, -0.0000000000000000000, -0.0000000000000000000 ) ) ;
#7408 = ORIENTED_EDGE ( 'NONE', *, *, #3793, .T. ) ;
#7409 = CARTESIAN_POINT ( 'NONE',  ( -1.749999999999999800, -0.8800000000000000000, 1.000000000000000000 ) ) ;
#7410 = DIRECTION ( 'NONE',  ( -0.6240571255993386800, 0.0000000000000000000, 0.7813787199487143300 ) ) ;
#7411 = LINE ( 'NONE', #3737, #3273 ) ;
#7412 = AXIS2_PLACEMENT_3D ( 'NONE', #1262, #753, #4176 ) ;
#7413 = FACE_OUTER_BOUND ( 'NONE', #7025, .T. ) ;
#7414 = DIRECTION ( 'NONE',  ( 0.0000000000000000000, 1.000000000000000000, 0.0000000000000000000 ) ) ;
#7415 = ORIENTED_EDGE ( 'NONE', *, *, #7593, .T. ) ;
#7416 = CARTESIAN_POINT ( 'NONE',  ( -1.053594130719925500, -0.4810162188969698300, -1.250000000000002000 ) ) ;
#7417 = LINE ( 'NONE', #4669, #7608 ) ;
#7418 = EDGE_CURVE ( 'NONE', #2711, #4920, #4022, .T. ) ;
#7419 = UNCERTAINTY_MEASURE_WITH_UNIT (LENGTH_MEASURE( 1.000000000000000100E-005 ), #1127, 'distance_accuracy_value', 'NONE');
#7420 = ORIENTED_EDGE ( 'NONE', *, *, #3959, .T. ) ;
#7421 = ORIENTED_EDGE ( 'NONE', *, *, #1711, .T. ) ;
#7422 = DIRECTION ( 'NONE',  ( 6.151150412723318900E-016, -3.491481338843133400E-015, 1.000000000000000000 ) ) ;
#7423 = ADVANCED_FACE ( 'NONE', ( #3389 ), #3932, .T. ) ;
#7424 = CARTESIAN_POINT ( 'NONE',  ( -0.7010740004227079500, -0.1000000000000000100, 1.200000000000000600 ) ) ;
#7425 = VECTOR ( 'NONE', #2060, 1000.000000000000000 ) ;
#7426 = AXIS2_PLACEMENT_3D ( 'NONE', #5178, #2824, #6362 ) ;
#7427 = EDGE_CURVE ( 'NONE', #5746, #4341, #6787, .T. ) ;
#7428 = VERTEX_POINT ( 'NONE', #2963 ) ;
#7429 = DIRECTION ( 'NONE',  ( 2.372876381782987800E-016, 0.0000000000000000000, 1.000000000000000000 ) ) ;
#7430 = CARTESIAN_POINT ( 'NONE',  ( 1.145418158205587300, -0.1000000000000000100, -1.098665785637154900 ) ) ;
#7431 = CARTESIAN_POINT ( 'NONE',  ( 1.660223004139932000, -0.9743463534909069200, -0.2000000000000000100 ) ) ;
#7432 = EDGE_CURVE ( 'NONE', #5314, #6105, #6971, .T. ) ;
#7433 = CYLINDRICAL_SURFACE ( 'NONE', #7021, 0.09999999999999999200 ) ;
#7434 = VERTEX_POINT ( 'NONE', #7182 ) ;
#7435 = DIRECTION ( 'NONE',  ( 1.000000000000000000, 0.0000000000000000000, 0.0000000000000000000 ) ) ;
#7436 = DIRECTION ( 'NONE',  ( 3.928366239855319300E-016, 0.0000000000000000000, 1.000000000000000000 ) ) ;
#7437 = DIRECTION ( 'NONE',  ( 0.0000000000000000000, 0.0000000000000000000, -1.000000000000000000 ) ) ;
#7438 = PLANE ( 'NONE',  #5812 ) ;
#7439 = VECTOR ( 'NONE', #3593, 1000.000000000000000 ) ;
#7440 = VERTEX_POINT ( 'NONE', #3545 ) ;
#7441 = AXIS2_PLACEMENT_3D ( 'NONE', #4353, #2006, #1446 ) ;
#7442 = DIRECTION ( 'NONE',  ( -1.000000000000000000, -2.100411576200051200E-030, 6.151150412723322900E-016 ) ) ;
#7443 = VECTOR ( 'NONE', #3249, 1000.000000000000200 ) ;
#7444 = ORIENTED_EDGE ( 'NONE', *, *, #2510, .T. ) ;
#7445 = AXIS2_PLACEMENT_3D ( 'NONE', #4272, #6097, #5502 ) ;
#7446 = DIRECTION ( 'NONE',  ( 0.0000000000000000000, 1.000000000000000000, 0.0000000000000000000 ) ) ;
#7447 = DIRECTION ( 'NONE',  ( 0.0000000000000000000, 0.0000000000000000000, -1.000000000000000000 ) ) ;
#7448 = ORIENTED_EDGE ( 'NONE', *, *, #6924, .F. ) ;
#7449 = LINE ( 'NONE', #7409, #1204 ) ;
#7450 = CARTESIAN_POINT ( 'NONE',  ( 0.5000000000000000000, -0.1000000000000000100, -1.350000000000000100 ) ) ;
#7451 = VECTOR ( 'NONE', #3758, 1000.000000000000000 ) ;
#7452 = LINE ( 'NONE', #2487, #6987 ) ;
#7453 = VERTEX_POINT ( 'NONE', #3070 ) ;
#7454 = DIRECTION ( 'NONE',  ( 0.0000000000000000000, 0.0000000000000000000, 1.000000000000000000 ) ) ;
#7455 = VERTEX_POINT ( 'NONE', #7132 ) ;
#7456 = DIRECTION ( 'NONE',  ( -2.372876381782987800E-016, -1.092751075564479400E-016, -1.000000000000000000 ) ) ;
#7457 = CIRCLE ( 'NONE', #5305, 0.05876815157098477100 ) ;
#7458 = CARTESIAN_POINT ( 'NONE',  ( -0.6156878555317636400, -0.9499999999999999600, -1.217574864917437600 ) ) ;
#7459 = ORIENTED_EDGE ( 'NONE', *, *, #4349, .T. ) ;
#7460 = ORIENTED_EDGE ( 'NONE', *, *, #7528, .T. ) ;
#7461 = AXIS2_PLACEMENT_3D ( 'NONE', #2540, #3711, #2017 ) ;
#7462 = DIRECTION ( 'NONE',  ( 6.151150412723322900E-016, -3.491481338843133400E-015, 1.000000000000000000 ) ) ;
#7463 = ADVANCED_FACE ( 'NONE', ( #370 ), #1827, .F. ) ;
#7464 = VERTEX_POINT ( 'NONE', #6593 ) ;
#7465 = ORIENTED_EDGE ( 'NONE', *, *, #3271, .F. ) ;
#7466 = EDGE_CURVE ( 'NONE', #2229, #3095, #925, .T. ) ;
#7467 = CARTESIAN_POINT ( 'NONE',  ( 0.7010740004227079500, -0.1000000000000000100, -1.350000000000000300 ) ) ;
#7468 = VECTOR ( 'NONE', #4024, 1000.000000000000000 ) ;
#7469 = ORIENTED_EDGE ( 'NONE', *, *, #4877, .F. ) ;
#7470 = DIRECTION ( 'NONE',  ( 1.000000000000000000, 0.0000000000000000000, 1.667627088515394200E-017 ) ) ;
#7471 = ORIENTED_EDGE ( 'NONE', *, *, #7048, .F. ) ;
#7472 = DIRECTION ( 'NONE',  ( 0.0000000000000000000, -1.000000000000000000, -3.461396037702078300E-015 ) ) ;
#7473 = ORIENTED_EDGE ( 'NONE', *, *, #4478, .T. ) ;
#7474 = DIRECTION ( 'NONE',  ( -1.000000000000000000, -0.0000000000000000000, -0.0000000000000000000 ) ) ;
#7475 = FACE_BOUND ( 'NONE', #1798, .T. ) ;
#7476 = PLANE ( 'NONE',  #2092 ) ;
#7477 = DIRECTION ( 'NONE',  ( 0.0000000000000000000, 3.491481338843133400E-015, 1.000000000000000000 ) ) ;
#7478 = CARTESIAN_POINT ( 'NONE',  ( -0.8890101095548962300, -0.4913441754571611900, -1.350000000000001900 ) ) ;
#7479 = EDGE_LOOP ( 'NONE', ( #7004, #1350, #6457 ) ) ;
#7480 = FACE_OUTER_BOUND ( 'NONE', #6809, .T. ) ;
#7481 = PLANE ( 'NONE',  #3591 ) ;
#7482 = EDGE_CURVE ( 'NONE', #3223, #3523, #6615, .T. ) ;
#7483 = AXIS2_PLACEMENT_3D ( 'NONE', #6049, #743, #4842 ) ;
#7484 = LINE ( 'NONE', #5742, #2881 ) ;
#7485 = DIRECTION ( 'NONE',  ( -0.05873653251975737000, -0.8780303471557444600, -0.4749870832150265300 ) ) ;
#7486 = PLANE ( 'NONE',  #851 ) ;
#7487 = DIRECTION ( 'NONE',  ( 0.0000000000000000000, -1.000000000000000000, 3.491481338843133400E-015 ) ) ;
#7488 = EDGE_LOOP ( 'NONE', ( #4494, #2656, #4975, #5108 ) ) ;
#7489 = DIRECTION ( 'NONE',  ( 0.0000000000000000000, 1.000000000000000000, 0.0000000000000000000 ) ) ;
#7490 = VECTOR ( 'NONE', #7597, 1000.000000000000000 ) ;
#7491 = EDGE_LOOP ( 'NONE', ( #5735, #2898, #1807, #2599 ) ) ;
#7492 = EDGE_CURVE ( 'NONE', #2875, #4590, #845, .T. ) ;
#7493 = CARTESIAN_POINT ( 'NONE',  ( 0.5000000000000000000, -1.000000000000000000, -1.300000000000000300 ) ) ;
#7494 = VERTEX_POINT ( 'NONE', #5950 ) ;
#7495 = CARTESIAN_POINT ( 'NONE',  ( -0.8890101095548962300, -0.7854362018007680100, 1.350000000000003000 ) ) ;
#7496 = EDGE_CURVE ( 'NONE', #1268, #3826, #1934, .T. ) ;
#7497 = CARTESIAN_POINT ( 'NONE',  ( 1.707541214618736300, -0.1834850278464349400, -0.3007403121398641300 ) ) ;
#7498 = FACE_OUTER_BOUND ( 'NONE', #2903, .T. ) ;
#7499 = ORIENTED_EDGE ( 'NONE', *, *, #4453, .T. ) ;
#7500 = CARTESIAN_POINT ( 'NONE',  ( 1.181336235645685100, -0.5192282339237756000, 1.250000000000002200 ) ) ;
#7501 = ADVANCED_FACE ( 'NONE', ( #5039 ), #4768, .T. ) ;
#7502 = ORIENTED_EDGE ( 'NONE', *, *, #3466, .F. ) ;
#7503 = VECTOR ( 'NONE', #6518, 1000.000000000000000 ) ;
#7504 = LINE ( 'NONE', #5712, #2814 ) ;
#7505 = DIRECTION ( 'NONE',  ( 0.0000000000000000000, 0.0000000000000000000, 1.000000000000000000 ) ) ;
#7506 = ORIENTED_EDGE ( 'NONE', *, *, #4887, .T. ) ;
#7507 = AXIS2_PLACEMENT_3D ( 'NONE', #6846, #390, #1618 ) ;
#7508 = ORIENTED_EDGE ( 'NONE', *, *, #4437, .T. ) ;
#7509 = ORIENTED_EDGE ( 'NONE', *, *, #4684, .F. ) ;
#7510 = DIRECTION ( 'NONE',  ( 0.0000000000000000000, 1.000000000000000000, 0.0000000000000000000 ) ) ;
#7511 = ORIENTED_EDGE ( 'NONE', *, *, #4207, .F. ) ;
#7512 = EDGE_CURVE ( 'NONE', #1120, #2875, #2383, .T. ) ;
#7513 = ORIENTED_EDGE ( 'NONE', *, *, #2267, .F. ) ;
#7514 = VECTOR ( 'NONE', #7022, 1000.000000000000000 ) ;
#7515 = DIRECTION ( 'NONE',  ( 1.514947960274788600E-030, 1.000000000000000000, 3.491481338843133400E-015 ) ) ;
#7516 = LINE ( 'NONE', #2019, #1457 ) ;
#7517 = CIRCLE ( 'NONE', #6884, 0.04197641010088325900 ) ;
#7518 = DIRECTION ( 'NONE',  ( 6.151150412723322900E-016, 3.491481338843133400E-015, 1.000000000000000000 ) ) ;
#7519 = DIRECTION ( 'NONE',  ( -0.6240571255993386800, 0.0000000000000000000, -0.7813787199487143300 ) ) ;
#7520 = ORIENTED_EDGE ( 'NONE', *, *, #3152, .T. ) ;
#7521 = CARTESIAN_POINT ( 'NONE',  ( -1.316993844434797700, -0.1000000000000000100, -0.9733463376187478900 ) ) ;
#7522 = EDGE_CURVE ( 'NONE', #4292, #7428, #6336, .T. ) ;
#7523 = FACE_OUTER_BOUND ( 'NONE', #5666, .T. ) ;
#7524 = DIRECTION ( 'NONE',  ( 1.000000000000000000, -0.0000000000000000000, -0.0000000000000000000 ) ) ;
#7525 = DIRECTION ( 'NONE',  ( 0.0000000000000000000, 0.0000000000000000000, 1.000000000000000000 ) ) ;
#7526 = DIRECTION ( 'NONE',  ( 2.372876381782987800E-016, 0.0000000000000000000, -1.000000000000000000 ) ) ;
#7527 = ORIENTED_EDGE ( 'NONE', *, *, #3142, .T. ) ;
#7528 = EDGE_CURVE ( 'NONE', #7233, #3770, #5420, .T. ) ;
#7529 = AXIS2_PLACEMENT_3D ( 'NONE', #6585, #3065, #792 ) ;
#7530 = DIRECTION ( 'NONE',  ( 0.0000000000000000000, 1.000000000000000000, 0.0000000000000000000 ) ) ;
#7531 = CARTESIAN_POINT ( 'NONE',  ( 0.7010740004227079500, -0.09999999999999965900, 1.350000000000000300 ) ) ;
#7532 = LINE ( 'NONE', #840, #5589 ) ;
#7533 = ORIENTED_EDGE ( 'NONE', *, *, #4909, .T. ) ;
#7534 = CARTESIAN_POINT ( 'NONE',  ( 1.450000000000000200, -1.000000000000000000, 1.836970198721030200E-016 ) ) ;
#7535 = ORIENTED_EDGE ( 'NONE', *, *, #2953, .F. ) ;
#7536 = DIRECTION ( 'NONE',  ( -0.0000000000000000000, 0.0000000000000000000, -1.000000000000000000 ) ) ;
#7537 = ADVANCED_FACE ( 'NONE', ( #6881 ), #58, .F. ) ;
#7538 = EDGE_CURVE ( 'NONE', #647, #2767, #4866, .T. ) ;
#7539 = AXIS2_PLACEMENT_3D ( 'NONE', #432, #6347, #5163 ) ;
#7540 = VERTEX_POINT ( 'NONE', #7305 ) ;
#7541 = VECTOR ( 'NONE', #2778, 1000.000000000000000 ) ;
#7542 = PLANE ( 'NONE',  #4728 ) ;
#7543 = CARTESIAN_POINT ( 'NONE',  ( 1.499999999999999800, 0.0000000000000000000, -0.9138294609943661300 ) ) ;
#7544 = EDGE_CURVE ( 'NONE', #135, #4841, #5324, .T. ) ;
#7545 = FACE_OUTER_BOUND ( 'NONE', #5439, .T. ) ;
#7546 = CARTESIAN_POINT ( 'NONE',  ( -1.310011812126306500, -0.4913441754571615200, -1.250000000000002000 ) ) ;
#7547 = VECTOR ( 'NONE', #2863, 1000.000000000000100 ) ;
#7548 = VERTEX_POINT ( 'NONE', #6614 ) ;
#7549 = ADVANCED_FACE ( 'NONE', ( #7070 ), #291, .T. ) ;
#7550 = CARTESIAN_POINT ( 'NONE',  ( 1.660223004139932000, -0.9743463534909069200, 0.2000000000000000100 ) ) ;
#7551 = FACE_OUTER_BOUND ( 'NONE', #7126, .T. ) ;
#7552 = VECTOR ( 'NONE', #1245, 1000.000000000000000 ) ;
#7553 = PLANE ( 'NONE',  #893 ) ;
#7554 = ORIENTED_EDGE ( 'NONE', *, *, #3902, .F. ) ;
#7555 = EDGE_LOOP ( 'NONE', ( #3791, #7193, #3597, #7286 ) ) ;
#7556 = LINE ( 'NONE', #186, #7189 ) ;
#7557 = ORIENTED_EDGE ( 'NONE', *, *, #6005, .T. ) ;
#7558 = CARTESIAN_POINT ( 'NONE',  ( -1.523044486209295600, -0.0001911351229703661100, -0.3811425505905962100 ) ) ;
#7559 = ORIENTED_EDGE ( 'NONE', *, *, #5018, .F. ) ;
#7560 = VERTEX_POINT ( 'NONE', #2580 ) ;
#7561 = PLANE ( 'NONE',  #2102 ) ;
#7562 = VECTOR ( 'NONE', #5088, 1000.000000000000000 ) ;
#7563 = AXIS2_PLACEMENT_3D ( 'NONE', #5026, #6260, #7477 ) ;
#7564 = PLANE ( 'NONE',  #705 ) ;
#7565 = VERTEX_POINT ( 'NONE', #3753 ) ;
#7566 = EDGE_CURVE ( 'NONE', #3116, #690, #659, .T. ) ;
#7567 = CARTESIAN_POINT ( 'NONE',  ( 1.316993844434797900, 0.0000000000000000000, -0.9733463376187478900 ) ) ;
#7568 = CARTESIAN_POINT ( 'NONE',  ( 0.6603828416892074700, -0.4241578738305969400, 1.217574864917437800 ) ) ;
#7569 = CARTESIAN_POINT ( 'NONE',  ( -1.053594130719925500, -0.1499999999999999700, -1.200000000000000600 ) ) ;
#7570 = LINE ( 'NONE', #2937, #2877 ) ;
#7571 = CARTESIAN_POINT ( 'NONE',  ( 1.607764218758668300, -0.1901596886722744800, 0.2971295284267666500 ) ) ;
#7572 = FACE_OUTER_BOUND ( 'NONE', #67, .T. ) ;
#7573 = DIRECTION ( 'NONE',  ( 0.0000000000000000000, 1.000000000000000000, 0.0000000000000000000 ) ) ;
#7574 = PLANE ( 'NONE',  #4764 ) ;
#7575 = ADVANCED_FACE ( 'NONE', ( #5509 ), #6052, .F. ) ;
#7576 = VERTEX_POINT ( 'NONE', #212 ) ;
#7577 = CARTESIAN_POINT ( 'NONE',  ( 1.316993844434797700, -0.1000000000000000100, 1.039254521236307600 ) ) ;
#7578 = LINE ( 'NONE', #899, #2062 ) ;
#7579 = ORIENTED_EDGE ( 'NONE', *, *, #5409, .F. ) ;
#7580 = ORIENTED_EDGE ( 'NONE', *, *, #5398, .F. ) ;
#7581 = PLANE ( 'NONE',  #1890 ) ;
#7582 = ADVANCED_FACE ( 'NONE', ( #4398 ), #2204, .F. ) ;
#7583 = EDGE_CURVE ( 'NONE', #793, #4138, #3759, .T. ) ;
#7584 = DIRECTION ( 'NONE',  ( 0.0000000000000000000, -3.491481338843133400E-015, -1.000000000000000000 ) ) ;
#7585 = CARTESIAN_POINT ( 'NONE',  ( -1.645517641415476200, -0.7545214134731786900, -0.008172595138483933900 ) ) ;
#7586 = EDGE_LOOP ( 'NONE', ( #1729, #6827, #1199, #2996 ) ) ;
#7587 = CIRCLE ( 'NONE', #2537, 0.04999999999999991300 ) ;
#7588 = ORIENTED_EDGE ( 'NONE', *, *, #5093, .T. ) ;
#7589 = ORIENTED_EDGE ( 'NONE', *, *, #4977, .T. ) ;
#7590 = CARTESIAN_POINT ( 'NONE',  ( 1.257582580033950400, -0.1000000000000000100, -1.098665785637154900 ) ) ;
#7591 = ORIENTED_EDGE ( 'NONE', *, *, #1604, .F. ) ;
#7592 = CARTESIAN_POINT ( 'NONE',  ( -1.450893303781768200, -0.1000000000000000100, -1.052476713040993600 ) ) ;
#7593 = EDGE_CURVE ( 'NONE', #3116, #2229, #3571, .T. ) ;
#7594 = ORIENTED_EDGE ( 'NONE', *, *, #3746, .F. ) ;
#7595 = EDGE_LOOP ( 'NONE', ( #5626, #7511, #4327, #5987 ) ) ;
#7596 = PRODUCT_DEFINITION ( 'UNKNOWN', '', #1310, #5959 ) ;
#7597 = DIRECTION ( 'NONE',  ( 1.000000000000000000, 0.0000000000000000000, 0.0000000000000000000 ) ) ;
#7598 = ORIENTED_EDGE ( 'NONE', *, *, #4010, .F. ) ;
#7599 = EDGE_CURVE ( 'NONE', #5645, #711, #4960, .T. ) ;
#7600 = DIRECTION ( 'NONE',  ( 1.000000000000000000, 0.0000000000000000000, -0.0000000000000000000 ) ) ;
#7601 = ORIENTED_EDGE ( 'NONE', *, *, #2022, .F. ) ;
#7602 = ORIENTED_EDGE ( 'NONE', *, *, #6176, .F. ) ;
#7603 = DIRECTION ( 'NONE',  ( 0.0000000000000000000, 0.0000000000000000000, 1.000000000000000000 ) ) ;
#7604 = VECTOR ( 'NONE', #5556, 1000.000000000000100 ) ;
#7605 = DIRECTION ( 'NONE',  ( 1.000000000000000000, 0.0000000000000000000, 0.0000000000000000000 ) ) ;
#7606 = VECTOR ( 'NONE', #806, 1000.000000000000000 ) ;
#7607 = ORIENTED_EDGE ( 'NONE', *, *, #6826, .F. ) ;
#7608 = VECTOR ( 'NONE', #2377, 1000.000000000000000 ) ;
#7609 = DIRECTION ( 'NONE',  ( -1.000000000000000000, 0.0000000000000000000, -2.449293598294706400E-016 ) ) ;
#7610 = VERTEX_POINT ( 'NONE', #6027 ) ;
#7611 = VERTEX_POINT ( 'NONE', #3705 ) ;
#7612 = CARTESIAN_POINT ( 'NONE',  ( -1.053594130719925500, -0.1000000000000000100, -1.190489813122816800 ) ) ;
#7613 = CARTESIAN_POINT ( 'NONE',  ( -1.511371717397266700, -0.09999999999999989500, -0.3459031131721495000 ) ) ;
#7614 = VECTOR ( 'NONE', #258, 1000.000000000000000 ) ;
#7615 = CARTESIAN_POINT ( 'NONE',  ( 0.7010740004227079500, 0.0000000000000000000, -1.200000000000000600 ) ) ;
#7616 = EDGE_CURVE ( 'NONE', #1648, #4140, #5135, .T. ) ;
#7617 = EDGE_CURVE ( 'NONE', #3323, #242, #471, .T. ) ;
#7618 = VERTEX_POINT ( 'NONE', #4865 ) ;
#7619 = CARTESIAN_POINT ( 'NONE',  ( 1.376510721059179600, -0.1000000000000000100, -0.9733463376187478900 ) ) ;
#7620 =( NAMED_UNIT ( * ) SI_UNIT ( $, .STERADIAN. ) SOLID_ANGLE_UNIT ( ) );
#7621 = AXIS2_PLACEMENT_3D ( 'NONE', #1194, #7062, #4763 ) ;
#7622 = PLANE ( 'NONE',  #6942 ) ;
#7623 = ADVANCED_FACE ( 'NONE', ( #1654 ), #798, .T. ) ;
ENDSEC;
END-ISO-10303-21;
